0,The Clift,Fully Furnished Apartment,829 sqft ,21 McCallum Street, Available from 12 Apr,1,1,"S$ 5,300 /mo",EW15 Tanjong Pagar MRT Station,0.37 km
1,Pearl Bank Apartment,Fully Furnished Apartment,250 sqft ,1 Pearl Bank, Ready to move,Room,0,"S$ 1,350 /mo",EW15 Tanjong Pagar MRT Station,0.97 km
2,Pearl Bank Apartment,Fully Furnished Apartment,150 sqft ,1 Pearl Bank, S$ 7.33 psf,1,1,"S$ 1,100 /mo",EW15 Tanjong Pagar MRT Station,0.97 km
3,Five On Shenton (V On Shenton),Fully Furnished Condominium,441 sqft ,5 Shenton Way, Ready to move,Studio,0,"S$ 3,300 /mo",EW15 Tanjong Pagar MRT Station,0.37 km
4,Five On Shenton (V On Shenton),Condominium,958 sqft ,5A Shenton Way, Ready to move,2,2,"S$ 4,499 /mo",EW15 Tanjong Pagar MRT Station,0.37 km
5,Five On Shenton (V On Shenton),Condominium,883 sqft ,5 Shenton Way, Ready to move,2,2,"S$ 3,999 /mo",EW15 Tanjong Pagar MRT Station,0.37 km
6,Five On Shenton (V On Shenton),Condominium,743 sqft ,5 Shenton Way, Ready to move,1,1,"S$ 3,499 /mo",EW15 Tanjong Pagar MRT Station,0.37 km
7,Five On Shenton (V On Shenton),Condominium,721 sqft ,5 Shenton Way, Ready to move,1,1,"S$ 3,599 /mo",EW15 Tanjong Pagar MRT Station,0.37 km
8,Five On Shenton (V On Shenton),Condominium,452 sqft ,5 Shenton Way, Ready to move,Studio,0,"S$ 2,799 /mo",EW15 Tanjong Pagar MRT Station,0.37 km
9,Five On Shenton (V On Shenton),Condominium,441 sqft ,5 Shenton Way, Ready to move,Studio,0,"S$ 2,799 /mo",EW15 Tanjong Pagar MRT Station,0.37 km
10,Five On Shenton (V On Shenton),Condominium,1528 sqft ,5 Shenton Way, Ready to move,3,2,"S$ 6,499 /mo",EW15 Tanjong Pagar MRT Station,0.37 km
11,Five On Shenton (V On Shenton),Condominium,484 sqft ,5 Shenton Way, Ready to move,1,1,"S$ 2,799 /mo",EW15 Tanjong Pagar MRT Station,0.35 km
12,The Clift,Fully Furnished Apartment,775 sqft ,21 McCallum Street, Available from 31 May,2,2,"S$ 4,500 /mo",EW15 Tanjong Pagar MRT Station,0.37 km
13,Pearl Bank Apartment,Fully Furnished Apartment,350 sqft ,1 Pearl Bank, Ready to move,1,1,"S$ 1,300 /mo",EW15 Tanjong Pagar MRT Station,0.97 km
14,Marina Bay Residences,Partially Furnished Condominium,2368 sqft ,18 Marina Boulevard, Ready to move,4,3,"S$ 18,000 /mo",EW15 Tanjong Pagar MRT Station,0.94 km
15,Spottiswoode 18,Partially Furnished Condominium,388 sqft ,18 Spottiswoode Park Road, Ready to move,1,1,"S$ 2,300 /mo",EW15 Tanjong Pagar MRT Station,0.94 km
16,Altez,Partially Furnished Condominium,861 sqft ,16 Enggor Street, Ready to move,1,1,"S$ 4,500 /mo",EW15 Tanjong Pagar MRT Station,0.33 km
17,Five On Shenton (V On Shenton),Fully Furnished Condominium,494 sqft ,5 Shenton Way, Ready to move,1,1,"S$ 3,180 /mo",EW15 Tanjong Pagar MRT Station,0.37 km
18,Marina Bay Suites,Partially Furnished Apartment,1600 sqft ,3 Central Boulevard, Ready to move,3,3,"S$ 8,000 /mo",EW15 Tanjong Pagar MRT Station,0.83 km
19,Eon Shenton,Condominium,538 sqft ,70 Shenton Way, Ready to move,2,1,"S$ 3,900 /mo",EW15 Tanjong Pagar MRT Station,0.30 km
0,Five On Shenton (V On Shenton),Fully Furnished Condominium,474 sqft ,5 Shenton Way, Ready to move,Studio,0,"S$ 3,900 /mo",EW15 Tanjong Pagar MRT Station,0.37 km
1,The Clift,Fully Furnished Apartment,775 sqft ,21 McCallum Street, Ready to move,1,1,"S$ 5,200 /mo",EW15 Tanjong Pagar MRT Station,0.37 km
2,Skysuites @ Anson,Fully Furnished Condominium,398 sqft ,8 Enggor Street, Ready to move,1,1,"S$ 2,900 /mo",EW15 Tanjong Pagar MRT Station,0.33 km
3,Icon,Fully Furnished Apartment,570 sqft ,10 Gopeng Street, Ready to move,1,1,"S$ 3,650 /mo",EW15 Tanjong Pagar MRT Station,0.19 km
4,Pearl Bank Apartment,Fully Furnished Apartment,80 sqft ,1 Pearl Bank, Ready to move,Room,0,S$ 650 /mo,EW15 Tanjong Pagar MRT Station,0.97 km
5,Chinatown Plaza,Fully Furnished Apartment,80 sqft ,34 Craig Road, Ready to move,Room,0,S$ 750 /mo,EW15 Tanjong Pagar MRT Station,0.47 km
6,Five On Shenton (V On Shenton),Condominium,441 sqft ,5 Shenton Way, Ready to move,Studio,0,"S$ 2,300 /mo",EW15 Tanjong Pagar MRT Station,0.37 km
7,Five On Shenton (V On Shenton),Partially Furnished Condominium,970 sqft ,5 Shenton Way, Ready to move,2,2,"S$ 5,300 /mo",EW15 Tanjong Pagar MRT Station,0.37 km
8,Altez,Fully Furnished Condominium,550 sqft ,16 Enggor Street, S$ 7.09 psf,1,1,"S$ 3,900 /mo",EW15 Tanjong Pagar MRT Station,0.33 km
9,143 Neil Road,Partially Furnished Conservation House,"882 sqft, 3000 sqft (land) ",143 Neil Road, Available from 1 May,1,1,"S$ 3,000 /mo",EW15 Tanjong Pagar MRT Station,0.87 km
10,143 Neil Road,Partially Furnished Walk-up,882 sqft ,143 Neil road, Available from 1 May,1,1,"S$ 3,000 /mo",EW15 Tanjong Pagar MRT Station,0.89 km
11,Lumiere,Fully Furnished Apartment,678 sqft ,2 Mistri Road, Ready to move,1,1,"S$ 3,500 /mo",EW15 Tanjong Pagar MRT Station,0.26 km
12,Eon Shenton,Partially Furnished Condominium,538 sqft ,70 Shenton Way, Ready to move,2,1,"S$ 4,000 /mo",EW15 Tanjong Pagar MRT Station,0.30 km
13,International Plaza,Fully Furnished Apartment,1033 sqft ,10 Anson Road, Available from 18 Apr,3,2,"S$ 4,500 /mo",EW15 Tanjong Pagar MRT Station,0.07 km
14,Altez,Partially Furnished Condominium,1109 sqft ,16 Enggor Street, Ready to move,2,2,"S$ 7,500 /mo",EW15 Tanjong Pagar MRT Station,0.33 km
15,The Sail @ Marina Bay,Fully Furnished Apartment,678 sqft ,2 Marina Boulevard, Ready to move,1,1,"S$ 3,000 /mo",EW15 Tanjong Pagar MRT Station,0.95 km
16,International Plaza,Fully Furnished Apartment,1033 sqft ,10 Anson Road, Available from 21 Apr,3,2,"S$ 4,500 /mo",EW15 Tanjong Pagar MRT Station,0.07 km
17,International Plaza,Fully Furnished Apartment,1033 sqft ,10 Anson Road, Ready to move,3,2,"S$ 4,500 /mo",EW15 Tanjong Pagar MRT Station,0.07 km
18,Marina One Residences,Partially Furnished Apartment,1130 sqft ,23 Marina Way, Available from 21 Apr,2,2,"S$ 5,800 /mo",EW15 Tanjong Pagar MRT Station,0.88 km
19,The Sail @ Marina Bay,Apartment,678 sqft ,6 Marina Boulevard, S$ 5.01 psf,1,1,"S$ 3,400 /mo",EW15 Tanjong Pagar MRT Station,0.95 km
0,The Sail @ Marina Bay,Fully Furnished Condominium,861 sqft ,2 Marina Boulevard, S$ 5.46 psf,2,2,"S$ 4,700 /mo",EW15 Tanjong Pagar MRT Station,0.95 km
1,Emerald Garden,Fully Furnished Condominium,1055 sqft ,33 Club Street, Ready to move,2,2,"S$ 3,800 /mo",EW15 Tanjong Pagar MRT Station,0.55 km
2,The Sail @ Marina Bay,Fully Furnished Apartment,689 sqft ,2 Marina Boulevard, Ready to move,1,1,"S$ 4,800 /mo",EW15 Tanjong Pagar MRT Station,0.95 km
3,The Sail @ Marina Bay,Fully Furnished Apartment,657 sqft ,2 Marina Boulevard, Ready to move,Studio,0,"S$ 4,000 /mo",EW15 Tanjong Pagar MRT Station,0.95 km
4,Lumiere,Fully Furnished Apartment,506 sqft ,2 Mistri Road, S$ 5.34 psf,1,1,"S$ 2,700 /mo",EW15 Tanjong Pagar MRT Station,0.26 km
5,Pearl Bank Apartment,Fully Furnished Apartment,130 sqft ,1 Pearl Bank, Ready to move,Room,0,S$ 900 /mo,EW15 Tanjong Pagar MRT Station,0.97 km
6,Five On Shenton (V On Shenton),Partially Furnished Condominium,721 sqft ,5 Shenton Way, Ready to move,1,1,"S$ 4,300 /mo",EW15 Tanjong Pagar MRT Station,0.37 km
7,Five On Shenton (V On Shenton),Partially Furnished Condominium,1528 sqft ,5A Shenton Way, Ready to move,3,2,"S$ 7,500 /mo",EW15 Tanjong Pagar MRT Station,0.37 km
8,Five On Shenton (V On Shenton),Fully Furnished Condominium,452 sqft ,5A Shenton Way, Ready to move,Studio,0,"S$ 3,000 /mo",EW15 Tanjong Pagar MRT Station,0.37 km
9,6 Everton Park,HDB Apartment,180 sqft ,6 Everton Park, Ready to move,Room,0,S$ 850 /mo,EW15 Tanjong Pagar MRT Station,0.80 km
10,The Clift,Apartment,1076 sqft ,21 McCallum Street, Available from 7 May,2,2,"S$ 6,000 /mo",EW15 Tanjong Pagar MRT Station,0.37 km
11,The Sail @ Marina Bay,Partially Furnished Condominium,1184 sqft ,6 Marina Boulevard, Ready to move,3,2,"S$ 6,100 /mo",EW15 Tanjong Pagar MRT Station,0.95 km
12,Eon Shenton,Partially Furnished Condominium,538 sqft ,70 Shenton Way, Ready to move,2,1,"S$ 4,050 /mo",EW15 Tanjong Pagar MRT Station,0.30 km
13,Altez,Partially Furnished Condominium,1109 sqft ,16 Enggor Street, Ready to move,2,2,"S$ 7,350 /mo",EW15 Tanjong Pagar MRT Station,0.33 km
14,Eon Shenton,Condominium,538 sqft ,70 Shenton Way, Ready to move,2,1,"S$ 3,600 /mo",EW15 Tanjong Pagar MRT Station,0.30 km
15,Altez,Partially Furnished Condominium,1109 sqft ,16 Enggor Street, Ready to move,2,2,"S$ 7,500 /mo",EW15 Tanjong Pagar MRT Station,0.33 km
16,Five On Shenton (V On Shenton),Condominium,474 sqft ,5 Shenton Way, Ready to move,1,1,"S$ 2,900 /mo",EW15 Tanjong Pagar MRT Station,0.37 km
17,Spottiswoode 18,Partially Furnished Condominium,387 sqft ,18 Spottiswoode Park Road, S$ 5.94 psf,1,1,"S$ 2,300 /mo",EW15 Tanjong Pagar MRT Station,0.94 km
18,Icon,Fully Furnished Apartment,915 sqft ,10 Gopeng Street, Ready to move,2,2,"S$ 4,650 /mo",EW15 Tanjong Pagar MRT Station,0.19 km
19,12 Cantonment Close,Fully Furnished HDB Apartment,250 sqft ,12 Cantonment Close, Ready to move,Room,0,"S$ 1,375 /mo",EW15 Tanjong Pagar MRT Station,0.67 km
0,12 Cantonment Close,Fully Furnished HDB Apartment,250 sqft ,12 Cantonment Close, Ready to move,Room,0,"S$ 1,375 /mo",EW15 Tanjong Pagar MRT Station,0.67 km
1,Spottiswoode 18,Partially Furnished Condominium,387 sqft ,18 Spottiswoode Park Road, Ready to move,1,1,"S$ 2,300 /mo",EW15 Tanjong Pagar MRT Station,0.94 km
2,The Clift,Fully Furnished Apartment,775 sqft ,21 McCallum Street, Ready to move,2,2,"S$ 4,000 /mo",EW15 Tanjong Pagar MRT Station,0.37 km
3,The Sail @ Marina Bay,Fully Furnished Apartment,883 sqft ,2 Marina Boulevard, Ready to move,2,2,"S$ 4,600 /mo",EW15 Tanjong Pagar MRT Station,0.95 km
4,Five On Shenton (V On Shenton),Partially Furnished Condominium,1356 sqft ,5 Shenton Way, Ready to move,3,2,"S$ 6,700 /mo",EW15 Tanjong Pagar MRT Station,0.37 km
5,Five On Shenton (V On Shenton),Fully Furnished Condominium,474 sqft ,5 Shenton Way, Ready to move,Studio,0,"S$ 3,200 /mo",EW15 Tanjong Pagar MRT Station,0.37 km
6,The Beacon,Partially Furnished Apartment,1108 sqft ,130 Cantonment Road, Ready to move,2,2,"S$ 4,900 /mo",EW15 Tanjong Pagar MRT Station,0.59 km
7,Altez,Partially Furnished Condominium,1658 sqft ,16 Enggor Street, Ready to move,3,2,"S$ 8,900 /mo",EW15 Tanjong Pagar MRT Station,0.33 km
8,Marina One Residences,Partially Furnished Condominium,1110 sqft ,23 Marina Way, Ready to move,2,2,"S$ 6,490 /mo",EW15 Tanjong Pagar MRT Station,0.88 km
9,Five On Shenton (V On Shenton),Partially Furnished Condominium,452 sqft ,5 Shenton Way, Ready to move,Studio,0,"S$ 3,400 /mo",EW15 Tanjong Pagar MRT Station,0.37 km
10,Skysuites @ Anson,Fully Furnished Condominium,398 sqft ,8 Enggor Street, Ready to move,1,1,"S$ 2,950 /mo",EW15 Tanjong Pagar MRT Station,0.33 km
11,Five On Shenton (V On Shenton),Condominium,1033 sqft ,5 Shenton Way, Ready to move,2,2,"S$ 4,750 /mo",EW15 Tanjong Pagar MRT Station,0.37 km
12,Pearl Bank Apartment,Fully Furnished Apartment,150 sqft ,1 Pearl Bank, Ready to move,Room,0,"S$ 1,300 /mo",EW15 Tanjong Pagar MRT Station,0.97 km
13,Icon,Fully Furnished Apartment,904 sqft ,10 Gopeng Street, S$ 5.31 psf,2,2,"S$ 4,800 /mo",EW15 Tanjong Pagar MRT Station,0.19 km
14,Skysuites @ Anson,Fully Furnished Condominium,398 sqft ,8 Enggor Street, Ready to move,1,1,"S$ 3,350 /mo",EW15 Tanjong Pagar MRT Station,0.33 km
15,Marina Bay Suites,Partially Furnished Apartment,1572 sqft ,3 Central Boulevard, Ready to move,3,3,"S$ 7,200 /mo",EW15 Tanjong Pagar MRT Station,0.83 km
16,The Sail @ Marina Bay,Fully Furnished Apartment,885 sqft ,6 Marina Boulevard, Ready to move,2,2,"S$ 4,300 /mo",EW15 Tanjong Pagar MRT Station,0.95 km
17,Eon Shenton,Partially Furnished Condominium,538 sqft ,70 Shenton Way, Ready to move,2,1,"S$ 3,800 /mo",EW15 Tanjong Pagar MRT Station,0.30 km
18,Altez,Partially Furnished Condominium,1173 sqft ,16 Enggor Street, Available from 26 Apr,2,2,"S$ 6,800 /mo",EW15 Tanjong Pagar MRT Station,0.33 km
19,The Clift,Fully Furnished Apartment,775 sqft ,21 McCallum Street, Ready to move,1,1,"S$ 4,600 /mo",EW15 Tanjong Pagar MRT Station,0.37 km
0,Marina One Residences,Partially Furnished Apartment,1528 sqft ,21 21 Marina Way, Ready to move,3,3,"S$ 6,500 /mo",EW15 Tanjong Pagar MRT Station,0.84 km
1,Marina One Residences,Partially Furnished Apartment,1141 sqft ,21 21 Marina Way, Ready to move,2,2,"S$ 6,200 /mo",EW15 Tanjong Pagar MRT Station,0.84 km
2,Marina One Residences,Partially Furnished Apartment,1119 sqft ,21 21 Marina Way, Ready to move,2,2,"S$ 5,900 /mo",EW15 Tanjong Pagar MRT Station,0.84 km
3,The Sail @ Marina Bay,Fully Furnished Apartment,687 sqft ,6 Marina Boulevard, Ready to move,1,1,"S$ 3,800 /mo",EW15 Tanjong Pagar MRT Station,0.95 km
4,The Sail @ Marina Bay,Fully Furnished Apartment,678 sqft ,2 Marina Boulevard, Ready to move,1,1,"S$ 5,000 /mo",EW15 Tanjong Pagar MRT Station,0.95 km
5,Five On Shenton (V On Shenton),Partially Furnished Condominium,484 sqft ,5 Shenton Way, Ready to move,Studio,0,"S$ 2,900 /mo",EW15 Tanjong Pagar MRT Station,0.37 km
6,The Clift,Fully Furnished Apartment,753 sqft ,21 McCallum Street, S$ 6.64 psf,1,1,"S$ 5,000 /mo",EW15 Tanjong Pagar MRT Station,0.37 km
7,The Sail @ Marina Bay,Partially Furnished Apartment,1329 sqft ,2 Marina Boulevard, Ready to move,3,2,"S$ 6,500 /mo",EW15 Tanjong Pagar MRT Station,0.95 km
8,Altez,Partially Furnished Condominium,1109 sqft ,16 Enggor Street, Ready to move,2,2,"S$ 7,700 /mo",EW15 Tanjong Pagar MRT Station,0.33 km
9,Five On Shenton (V On Shenton),Partially Furnished Condominium,721 sqft ,5A Shenton Way, Ready to move,2,1,"S$ 3,800 /mo",EW15 Tanjong Pagar MRT Station,0.37 km
10,Pearl Bank Apartment,Fully Furnished Apartment,320 sqft ,1 Pearl Bank, Ready to move,Studio,0,"S$ 1,750 /mo",EW15 Tanjong Pagar MRT Station,0.97 km
11,Icon,Fully Furnished Apartment,1050 sqft ,10 Gopeng Street, Ready to move,2,2,"S$ 5,299 /mo",EW15 Tanjong Pagar MRT Station,0.19 km
12,The Sail @ Marina Bay,Fully Furnished Apartment,861 sqft ,2 Marina Boulevard, Ready to move,2,2,"S$ 4,300 /mo",EW15 Tanjong Pagar MRT Station,0.95 km
13,29 Club Street,Partially Furnished Apartment,630 sqft ,(within 0.66 km), S$ 4.44 psf,2,2,"S$ 2,800 /mo",EW15 Tanjong Pagar MRT Station,0.66 km
14,Marina One Residences,Partially Furnished Apartment,1507 sqft ,23 Marina Way, Ready to move,3,2,"S$ 7,500 /mo",EW15 Tanjong Pagar MRT Station,0.88 km
15,Craig Place,Partially Furnished Apartment,560 sqft ,20 Craig Road, Ready to move,1,1,"S$ 2,900 /mo",EW15 Tanjong Pagar MRT Station,0.43 km
16,The Beacon,Fully Furnished Apartment,1108 sqft ,130 Cantonment Road, Ready to move,2,2,"S$ 4,900 /mo",EW15 Tanjong Pagar MRT Station,0.59 km
17,Eon Shenton,Fully Furnished Condominium,646 sqft ,70 Shenton Way, Ready to move,2,1,"S$ 4,000 /mo",EW15 Tanjong Pagar MRT Station,0.30 km
18,18 Cantonment Close,Fully Furnished HDB Apartment,100 sqft ,18 Cantonment Close, Ready to move,Room,0,S$ 950 /mo,EW15 Tanjong Pagar MRT Station,0.75 km
19,Five On Shenton (V On Shenton),Fully Furnished Condominium,452 sqft ,5 Shenton Way, Ready to move,Studio,0,"S$ 2,450 /mo",EW15 Tanjong Pagar MRT Station,0.35 km
0,Altez,Partially Furnished Condominium,1109 sqft ,16 Enggor Street, Ready to move,2,2,"S$ 7,500 /mo",EW15 Tanjong Pagar MRT Station,0.33 km
1,Altez,Partially Furnished Condominium,1658 sqft ,16 Enggor Street, Ready to move,3,2,"S$ 8,900 /mo",EW15 Tanjong Pagar MRT Station,0.33 km
2,People's Park Complex,Fully Furnished Apartment,100 sqft ,1 Park Road, Ready to move,Room,0,"S$ 1,300 /mo",EW15 Tanjong Pagar MRT Station,0.94 km
3,Eon Shenton,Partially Furnished Condominium,538 sqft ,70 Shenton Way, Ready to move,2,1,"S$ 3,550 /mo",EW15 Tanjong Pagar MRT Station,0.30 km
4,Pearl Bank Apartment,Partially Furnished Apartment,350 sqft ,1 Pearl Bank, Ready to move,1,1,"S$ 1,750 /mo",EW15 Tanjong Pagar MRT Station,0.97 km
5,Pearl Bank Apartment,Partially Furnished Apartment,400 sqft ,1 Pearl Bank, Ready to move,1,1,"S$ 1,300 /mo",EW15 Tanjong Pagar MRT Station,0.97 km
6,One Shenton,Fully Furnished Condominium,581 sqft ,1 Shenton Way, Available from 15 Sep,1,1,"S$ 4,000 /mo",EW15 Tanjong Pagar MRT Station,0.61 km
7,Five On Shenton (V On Shenton),Partially Furnished Condominium,1152 sqft ,5 Shenton Way, Ready to move,2,2,"S$ 5,201 /mo",EW15 Tanjong Pagar MRT Station,0.37 km
8,Pinnacle @ Duxton,HDB Apartment,95 sqft ,1 Cantonment Road, S$ 13.68 psf,1,0,"S$ 1,300 /mo",EW15 Tanjong Pagar MRT Station,0.50 km
9,The Sail @ Marina Bay,Fully Furnished Apartment,657 sqft ,2 Marina Boulevard, Ready to move,1,1,"S$ 3,500 /mo",EW15 Tanjong Pagar MRT Station,0.95 km
10,One Shenton,Partially Furnished Apartment,1571 sqft ,1 Shenton Way, Ready to move,3,3,"S$ 6,800 /mo",EW15 Tanjong Pagar MRT Station,0.61 km
11,76 Shenton,Fully Furnished Apartment,624 sqft ,76 Shenton Way, Ready to move,1,1,"S$ 3,700 /mo",EW15 Tanjong Pagar MRT Station,0.34 km
12,The Sail @ Marina Bay,Fully Furnished Condominium,624 sqft ,2 Marina Boulevard, Ready to move,1,1,"S$ 3,300 /mo",EW15 Tanjong Pagar MRT Station,0.95 km
13,Altez,Partially Furnished Condominium,1561 sqft ,16 Enggor Street, Ready to move,3,2,"S$ 8,900 /mo",EW15 Tanjong Pagar MRT Station,0.33 km
14,The Clift,Partially Furnished Apartment,1076 sqft ,21 McCallum Street, Ready to move,2,2,"S$ 6,800 /mo",EW15 Tanjong Pagar MRT Station,0.37 km
15,Altez,Condominium,1109 sqft ,16 Enggor Street, Ready to move,2,2,"S$ 7,700 /mo",EW15 Tanjong Pagar MRT Station,0.33 km
16,The Beacon,Partially Furnished Apartment,1106 sqft ,130 Cantonment Road, Ready to move,2,2,"S$ 5,000 /mo",EW15 Tanjong Pagar MRT Station,0.59 km
17,The Sail @ Marina Bay,Partially Furnished Apartment,862 sqft ,2 Marina Boulevard, Ready to move,2,2,"S$ 4,900 /mo",EW15 Tanjong Pagar MRT Station,0.95 km
18,The Sail @ Marina Bay,Partially Furnished Apartment,1332 sqft ,2 Marina Boulevard, Ready to move,3,2,"S$ 6,500 /mo",EW15 Tanjong Pagar MRT Station,0.95 km
19,The Sail @ Marina Bay,Partially Furnished Apartment,1389 sqft ,2 Marina Boulevard, Ready to move,3,2,"S$ 6,500 /mo",EW15 Tanjong Pagar MRT Station,0.95 km
0,The Sail @ Marina Bay,Partially Furnished Apartment,1389 sqft ,2 Marina Boulevard, Ready to move,3,2,"S$ 6,500 /mo",EW15 Tanjong Pagar MRT Station,0.95 km
1,Marina Bay Residences,Partially Furnished Condominium,2368 sqft ,18 Marina Boulevard, Available from 1 Jun,4,4,"S$ 18,000 /mo",EW15 Tanjong Pagar MRT Station,0.94 km
2,International Plaza,Fully Furnished Condominium,1033 sqft ,10 Anson Road, Available from 21 Apr,3,2,"S$ 4,500 /mo",EW15 Tanjong Pagar MRT Station,0.10 km
3,Altez,Partially Furnished Condominium,1173 sqft ,16 Enggor Street, Ready to move,2,2,"S$ 7,600 /mo",EW15 Tanjong Pagar MRT Station,0.33 km
4,Altez,Partially Furnished Condominium,1109 sqft ,16 Enggor Street, Ready to move,2,2,"S$ 7,300 /mo",EW15 Tanjong Pagar MRT Station,0.33 km
5,The Clift,Partially Furnished Apartment,797 sqft ,21 McCallum Street, S$ 6.02 psf,1,1,"S$ 4,800 /mo",EW15 Tanjong Pagar MRT Station,0.37 km
6,The Sail @ Marina Bay,Fully Furnished Apartment,883 sqft ,2 Marina Boulevard, Ready to move,2,2,"S$ 4,300 /mo",EW15 Tanjong Pagar MRT Station,0.95 km
7,International Plaza,Fully Furnished Condominium,120 sqft ,10 Anson Road, Ready to move,Room,0,"S$ 1,400 /mo",EW15 Tanjong Pagar MRT Station,0.10 km
8,Eon Shenton,Partially Furnished Condominium,538 sqft ,70 Shenton Way, Ready to move,1,1,"S$ 4,200 /mo",EW15 Tanjong Pagar MRT Station,0.30 km
9,The Sail @ Marina Bay,Unfurnished Apartment,1388 sqft ,2 Marina Boulevard, Ready to move,3,2,"S$ 7,800 /mo",EW15 Tanjong Pagar MRT Station,0.95 km
10,Five On Shenton (V On Shenton),Partially Furnished Condominium,474 sqft ,5A Shenton Way, Ready to move,1,1,"S$ 2,800 /mo",EW15 Tanjong Pagar MRT Station,0.37 km
11,Marina Bay Residences,Partially Furnished Condominium,2371 sqft ,18 Marina Boulevard, Available from 21 May,4,4,"S$ 18,000 /mo",EW15 Tanjong Pagar MRT Station,0.94 km
12,Five On Shenton (V On Shenton),Partially Furnished Condominium,1528 sqft ,5A Shenton Way, Ready to move,3,2,"S$ 6,500 /mo",EW15 Tanjong Pagar MRT Station,0.37 km
13,Eon Shenton,Partially Furnished Condominium,646 sqft ,70 Shenton Way, Ready to move,2,1,"S$ 4,000 /mo",EW15 Tanjong Pagar MRT Station,0.30 km
14,76 Shenton,Fully Furnished Condominium,592 sqft ,76 Shenton Way, Ready to move,1,1,"S$ 3,700 /mo",EW15 Tanjong Pagar MRT Station,0.34 km
15,Eon Shenton,Partially Furnished Apartment,1087 sqft ,70 Shenton Way, Ready to move,3,2,"S$ 6,600 /mo",EW15 Tanjong Pagar MRT Station,0.30 km
16,Altez,Partially Furnished Condominium,1658 sqft ,16 Enggor Street, Ready to move,3,2,"S$ 8,900 /mo",EW15 Tanjong Pagar MRT Station,0.33 km
17,Marina Bay Residences,Partially Furnished Condominium,1055 sqft ,18 Marina Boulevard, Ready to move,2,2,"S$ 6,500 /mo",EW15 Tanjong Pagar MRT Station,0.94 km
18,The Sail @ Marina Bay,Partially Furnished Condominium,1389 sqft ,4 Marina Boulevard, Ready to move,3,2,"S$ 6,800 /mo",EW15 Tanjong Pagar MRT Station,0.95 km
19,The Clift,Fully Furnished Apartment,775 sqft ,21 McCallum Street, Ready to move,2,2,"S$ 3,800 /mo",EW15 Tanjong Pagar MRT Station,0.37 km
0,Eon Shenton,Partially Furnished Condominium,980 sqft ,70 Shenton Way, Ready to move,3,2,"S$ 6,999 /mo",EW15 Tanjong Pagar MRT Station,0.30 km
1,Altez,Partially Furnished Condominium,1109 sqft ,16 Enggor Street, Ready to move,2,2,"S$ 6,900 /mo",EW15 Tanjong Pagar MRT Station,0.33 km
2,Eon Shenton,Partially Furnished Condominium,538 sqft ,70 Shenton Way, Ready to move,2,1,"S$ 4,000 /mo",EW15 Tanjong Pagar MRT Station,0.30 km
3,Altez,Partially Furnished Condominium,527 sqft ,16 Enggor Street, S$ 7.78 psf,1,1,"S$ 4,100 /mo",EW15 Tanjong Pagar MRT Station,0.33 km
4,The Sail @ Marina Bay,Partially Furnished Apartment,883 sqft ,2 Marina Boulevard, S$ 6.57 psf,2,1,"S$ 5,800 /mo",EW15 Tanjong Pagar MRT Station,0.95 km
5,Marina Bay Residences,Partially Furnished Condominium,753 sqft ,18 Marina Boulevard, S$ 6.91 psf,1,1,"S$ 5,200 /mo",EW15 Tanjong Pagar MRT Station,0.94 km
6,The Clift,Fully Furnished Apartment,764 sqft ,21 McCallum Street, S$ 6.41 psf,1,2,"S$ 4,900 /mo",EW15 Tanjong Pagar MRT Station,0.37 km
7,Altez,Partially Furnished Condominium,840 sqft ,16 Enggor Street, S$ 6.90 psf,1,2,"S$ 5,800 /mo",EW15 Tanjong Pagar MRT Station,0.33 km
8,The Sail @ Marina Bay,Partially Furnished Apartment,1184 sqft ,2 Marina Boulevard, Ready to move,3,3,"S$ 6,000 /mo",EW15 Tanjong Pagar MRT Station,0.95 km
9,Marina Bay Residences,Partially Furnished Condominium,1972 sqft ,18 Marina Boulevard, Ready to move,3,3,"S$ 13,000 /mo",EW15 Tanjong Pagar MRT Station,0.94 km
10,Pinnacle @ Duxton,Partially Furnished HDB Apartment,110 sqft ,1 Cantonment Road, Ready to move,3,2,"S$ 3,600 /mo",EW15 Tanjong Pagar MRT Station,0.50 km
11,Five On Shenton (V On Shenton),Partially Furnished Condominium,1055 sqft ,5 Shenton Way, Ready to move,2,2,"S$ 6,400 /mo",EW15 Tanjong Pagar MRT Station,0.37 km
12,Five On Shenton (V On Shenton),Partially Furnished Condominium,452 sqft ,5 Shenton Way, Ready to move,1,1,"S$ 3,200 /mo",EW15 Tanjong Pagar MRT Station,0.35 km
13,Eon Shenton,Partially Furnished Condominium,538 sqft ,70 Shenton Way, Ready to move,2,1,"S$ 4,500 /mo",EW15 Tanjong Pagar MRT Station,0.30 km
14,Altez,Fully Furnished Condominium,840 sqft ,16 Enggor Street, Ready to move,1,2,"S$ 4,900 /mo",EW15 Tanjong Pagar MRT Station,0.33 km
15,Marina One Residences,Apartment,700 sqft ,21 21 Marina Way, Ready to move,1,1,"S$ 6,000 /mo",EW15 Tanjong Pagar MRT Station,0.84 km
16,Five On Shenton (V On Shenton),Partially Furnished Condominium,441 sqft ,5 Shenton Way, Ready to move,1,1,"S$ 3,200 /mo",EW15 Tanjong Pagar MRT Station,0.35 km
17,Altez,Partially Furnished Condominium,1109 sqft ,16 Enggor Street, Ready to move,2,2,"S$ 7,600 /mo",EW15 Tanjong Pagar MRT Station,0.33 km
18,The Clift,Fully Furnished Apartment,753 sqft ,21 McCallum Street, Ready to move,1,1,"S$ 4,900 /mo",EW15 Tanjong Pagar MRT Station,0.37 km
19,The Sail @ Marina Bay,Partially Furnished Apartment,1800 sqft ,6 Marina Boulevard, S$ 5.00 psf,4,0,"S$ 9,000 /mo",EW15 Tanjong Pagar MRT Station,0.95 km
0,The Sail @ Marina Bay,Partially Furnished Apartment,1256 sqft ,2 Marina Boulevard, Ready to move,3,3,"S$ 5,500 /mo",EW15 Tanjong Pagar MRT Station,0.95 km
1,The Sail @ Marina Bay,Partially Furnished Apartment,614 sqft ,2 Marina Boulevard, Ready to move,1,1,"S$ 3,500 /mo",EW15 Tanjong Pagar MRT Station,0.95 km
2,The Sail @ Marina Bay,Fully Furnished Apartment,861 sqft ,6 Marina Boulevard, Ready to move,2,2,"S$ 4,600 /mo",EW15 Tanjong Pagar MRT Station,0.95 km
3,The Sail @ Marina Bay,Fully Furnished Apartment,614 sqft ,6 Marina Boulevard, S$ 6.03 psf,1,0,"S$ 3,700 /mo",EW15 Tanjong Pagar MRT Station,0.95 km
4,Onze @ Tanjong Pagar,Fully Furnished Apartment,400 sqft ,11 Kee Seng Street, S$ 7.50 psf,1,1,"S$ 3,000 /mo",EW15 Tanjong Pagar MRT Station,0.45 km
5,Robinson Suites,Partially Furnished Condominium,495 sqft ,50 Robinson Road, S$ 6.46 psf,1,1,"S$ 3,200 /mo",EW15 Tanjong Pagar MRT Station,0.67 km
6,Five On Shenton (V On Shenton),Partially Furnished Condominium,947 sqft ,5 Shenton Way, Ready to move,2,2,"S$ 5,000 /mo",EW15 Tanjong Pagar MRT Station,0.37 km
7,Altez,Partially Furnished Condominium,1658 sqft ,16 Enggor Street, Ready to move,3,2,"S$ 9,000 /mo",EW15 Tanjong Pagar MRT Station,0.33 km
8,Five On Shenton (V On Shenton),Fully Furnished Condominium,474 sqft ,5 Shenton Way, Ready to move,Studio,0,"S$ 4,000 /mo",EW15 Tanjong Pagar MRT Station,0.37 km
9,The Sail @ Marina Bay,Partially Furnished Apartment,1389 sqft ,2 Marina Boulevard, Ready to move,3,2,"S$ 6,500 /mo",EW15 Tanjong Pagar MRT Station,0.95 km
10,One Shenton,Partially Furnished Apartment,1582 sqft ,1 Shenton Way, Ready to move,3,4,"S$ 6,500 /mo",EW15 Tanjong Pagar MRT Station,0.61 km
11,Altez,Fully Furnished Condominium,1173 sqft ,16 Enggor Street, Ready to move,2,2,"S$ 8,500 /mo",EW15 Tanjong Pagar MRT Station,0.33 km
12,The Sail @ Marina Bay,Partially Furnished Apartment,1389 sqft ,6 Marina Boulevard, Ready to move,3,3,"S$ 6,000 /mo",EW15 Tanjong Pagar MRT Station,0.95 km
13,The Sail @ Marina Bay,Apartment,2055 sqft ,2 Marina Boulevard, Ready to move,4,4,"S$ 9,300 /mo",EW15 Tanjong Pagar MRT Station,0.95 km
14,Club Street Conservation Loft,Fully Furnished Walk-up,500 sqft ,Club Street, Ready to move,1,1,"S$ 2,400 /mo",EW15 Tanjong Pagar MRT Station,0.63 km
15,2 Tanjong Pagar Plaza,Fully Furnished HDB Apartment,650 sqft ,2 Tanjong Pagar Plaza, Ready to move,2,1,"S$ 2,000 /mo",EW15 Tanjong Pagar MRT Station,0.38 km
16,Five On Shenton (V On Shenton),Partially Furnished Condominium,1528 sqft ,5 Shenton Way, Ready to move,3,2,"S$ 9,000 /mo",EW15 Tanjong Pagar MRT Station,0.37 km
17,Five On Shenton (V On Shenton),Condominium,721 sqft ,5 Shenton Way, Ready to move,1,1,"S$ 4,500 /mo",EW15 Tanjong Pagar MRT Station,0.35 km
18,Eon Shenton,Partially Furnished Condominium,538 sqft ,70 Shenton Way, Ready to move,2,1,"S$ 3,600 /mo",EW15 Tanjong Pagar MRT Station,0.30 km
19,17 Cantonment Close,Fully Furnished HDB Apartment,968 sqft ,17 Cantonment Close, Available from 18 Jun,3,2,"S$ 3,200 /mo",EW15 Tanjong Pagar MRT Station,0.72 km
0,Five On Shenton (V On Shenton),Fully Furnished Condominium,474 sqft ,5A Shenton Way, Ready to move,1,1,"S$ 2,500 /mo",EW15 Tanjong Pagar MRT Station,0.37 km
1,The Sail @ Marina Bay,Partially Furnished Apartment,1330 sqft ,4 Marina Boulevard, Ready to move,3,2,"S$ 6,500 /mo",EW15 Tanjong Pagar MRT Station,0.95 km
2,The Sail @ Marina Bay,Fully Furnished Condominium,883 sqft ,2 Marina Boulevard, Ready to move,2,2,"S$ 4,200 /mo",EW15 Tanjong Pagar MRT Station,0.95 km
3,Pearl Bank Apartment,Fully Furnished Apartment,200 sqft ,1 Pearl Bank, Ready to move,Room,0,"S$ 1,600 /mo",EW15 Tanjong Pagar MRT Station,0.97 km
4,Five On Shenton (V On Shenton),Partially Furnished Condominium,452 sqft ,5 Shenton Way, Ready to move,Studio,0,"S$ 3,000 /mo",EW15 Tanjong Pagar MRT Station,0.37 km
5,Eon Shenton,Partially Furnished Condominium,538 sqft ,70 Shenton Way, Ready to move,2,1,"S$ 3,480 /mo",EW15 Tanjong Pagar MRT Station,0.30 km
6,The Beacon,Partially Furnished Apartment,2293 sqft ,130 Cantonment Road, Ready to move,3,3,"S$ 6,500 /mo",EW15 Tanjong Pagar MRT Station,0.59 km
7,The Sail @ Marina Bay,Partially Furnished Apartment,861 sqft ,2 Marina Boulevard, Ready to move,2,1,"S$ 5,000 /mo",EW15 Tanjong Pagar MRT Station,0.95 km
8,76 Shenton,Fully Furnished Apartment,612 sqft ,76 Shenton Way, Ready to move,1,1,"S$ 4,200 /mo",EW15 Tanjong Pagar MRT Station,0.34 km
9,Eon Shenton,Unfurnished Condominium,689 sqft ,70 Shenton Way, Ready to move,2,2,"S$ 4,800 /mo",EW15 Tanjong Pagar MRT Station,0.30 km
10,Pearl Bank Apartment,Apartment,250 sqft ,1 Pearl Bank, Available from 30 Apr,Room,0,"S$ 1,899 /mo",EW15 Tanjong Pagar MRT Station,0.97 km
11,People's Park Complex,Fully Furnished Apartment,150 sqft ,1 Park Road, Ready to move,Room,0,"S$ 1,000 /mo",EW15 Tanjong Pagar MRT Station,0.94 km
12,Craig Place,Fully Furnished Apartment,882 sqft ,20 Craig Road, Ready to move,2,1,"S$ 3,700 /mo",EW15 Tanjong Pagar MRT Station,0.43 km
13,The Sail @ Marina Bay,Partially Furnished Apartment,900 sqft ,2 Marina Boulevard, S$ 7.22 psf,2,2,"S$ 6,500 /mo",EW15 Tanjong Pagar MRT Station,0.95 km
14,The Sail @ Marina Bay,Partially Furnished Apartment,1330 sqft ,2 Marina Boulevard, Ready to move,3,2,"S$ 6,500 /mo",EW15 Tanjong Pagar MRT Station,0.95 km
15,Pearl Bank Apartment,Fully Furnished Apartment,50 sqft ,1 Pearl Bank, Ready to move,Room,0,"S$ 2,100 /mo",EW15 Tanjong Pagar MRT Station,0.97 km
16,The Sail @ Marina Bay,Fully Furnished Apartment,598 sqft ,2 Marina Boulevard, Ready to move,1,1,"S$ 4,500 /mo",EW15 Tanjong Pagar MRT Station,0.95 km
17,1 Pearl Bank,Fully Furnished Apartment,250 sqft ,1 Pearl Bank, Available from 15 Apr,Room,0,"S$ 1,250 /mo",EW15 Tanjong Pagar MRT Station,0.97 km
18,Five On Shenton (V On Shenton),Partially Furnished Condominium,1198 sqft ,5A Shenton Way, Ready to move,2,2,"S$ 5,800 /mo",EW15 Tanjong Pagar MRT Station,0.37 km
19,Pinnacle @ Duxton,Partially Furnished HDB Apartment,1302 sqft ,1F Cantonment Road, Available from 15 Jul,3,2,"S$ 3,800 /mo",EW15 Tanjong Pagar MRT Station,0.50 km
0,Icon,Partially Furnished Condominium,904 sqft ,10 Gopeng Street, Ready to move,2,2,"S$ 4,800 /mo",EW15 Tanjong Pagar MRT Station,0.19 km
1,Spottiswoode Lodge,Fully Furnished Shophouse,350 sqft ,69 spottiswoode park road, Ready to move,Studio,0,"S$ 2,000 /mo",EW15 Tanjong Pagar MRT Station,0.98 km
2,People's Park Complex,Apartment,150 sqft ,1 Park Road, Ready to move,Room,0,"S$ 1,200 /mo",EW15 Tanjong Pagar MRT Station,0.94 km
3,Eon Shenton,Partially Furnished Condominium,538 sqft ,70 Shenton Way, Ready to move,2,1,"S$ 3,300 /mo",EW15 Tanjong Pagar MRT Station,0.30 km
4,Eon Shenton,Partially Furnished Condominium,1087 sqft ,70 Shenton Way, Ready to move,3,2,"S$ 5,700 /mo",EW15 Tanjong Pagar MRT Station,0.30 km
5,Icon,Fully Furnished Apartment,581 sqft ,10 Gopeng Street, Ready to move,1,1,"S$ 3,300 /mo",EW15 Tanjong Pagar MRT Station,0.19 km
6,Five On Shenton (V On Shenton),Fully Furnished Condominium,452 sqft ,5 Shenton Way, Available from 1 May,Studio,0,"S$ 3,000 /mo",EW15 Tanjong Pagar MRT Station,0.37 km
7,13 Cantonment Close,Fully Furnished HDB Apartment,67 sqft ,13 Cantonment Close, Ready to move,2,2,"S$ 2,149 /mo",EW15 Tanjong Pagar MRT Station,0.62 km
8,The Sail @ Marina Bay,Fully Furnished Apartment,883 sqft ,2 Marina Boulevard, S$ 5.55 psf,2,2,"S$ 4,900 /mo",EW15 Tanjong Pagar MRT Station,0.95 km
9,The Sail @ Marina Bay,Partially Furnished Apartment,936 sqft ,2 Marina Boulevard, Ready to move,2,2,"S$ 5,500 /mo",EW15 Tanjong Pagar MRT Station,0.95 km
10,76 Shenton,Partially Furnished Apartment,969 sqft ,76 Shenton Way, Ready to move,2,2,"S$ 5,000 /mo",EW15 Tanjong Pagar MRT Station,0.34 km
11,Five On Shenton (V On Shenton),Fully Furnished Condominium,474 sqft ,5A Shenton Way, Ready to move,1,1,"S$ 2,700 /mo",EW15 Tanjong Pagar MRT Station,0.37 km
12,Skysuites @ Anson,Fully Furnished Condominium,365 sqft ,8 Enggor Street, Ready to move,1,1,"S$ 3,200 /mo",EW15 Tanjong Pagar MRT Station,0.33 km
13,Eon Shenton,Partially Furnished Condominium,538 sqft ,70 Shenton Way, Ready to move,2,0,"S$ 4,200 /mo",EW15 Tanjong Pagar MRT Station,0.30 km
14,76 Shenton,Partially Furnished Condominium,580 sqft ,76 Shenton Way, Ready to move,1,1,"S$ 3,700 /mo",EW15 Tanjong Pagar MRT Station,0.34 km
15,Pearl Bank Apartment,Fully Furnished Apartment,200 sqft ,1 Pearl Bank, Ready to move,Room,0,"S$ 1,300 /mo",EW15 Tanjong Pagar MRT Station,0.97 km
16,Five On Shenton (V On Shenton),Fully Furnished Condominium,474 sqft ,5 Shenton Way, Ready to move,1,1,"S$ 3,900 /mo",EW15 Tanjong Pagar MRT Station,0.37 km
17,The Sail @ Marina Bay,Fully Furnished Apartment,280 sqft ,2 Marina Boulevard, Ready to move,Room,0,"S$ 2,800 /mo",EW15 Tanjong Pagar MRT Station,0.95 km
18,1 Everton Park,Partially Furnished HDB Apartment,700 sqft ,1 Everton Park, Ready to move,2,2,"S$ 1,980 /mo",EW15 Tanjong Pagar MRT Station,0.66 km
19,The Sail @ Marina Bay,Fully Furnished Apartment,230 sqft ,6 Marina Boulevard, Ready to move,Room,0,"S$ 2,400 /mo",EW15 Tanjong Pagar MRT Station,0.95 km
0,Five On Shenton (V On Shenton),Partially Furnished Condominium,474 sqft ,5 Shenton Way, Ready to move,Studio,0,"S$ 3,500 /mo",EW15 Tanjong Pagar MRT Station,0.35 km
1,V On Shenton,Partially Furnished Condominium,721 sqft ,5A SHENTON WAY, S$ 6.23 psf,2,1,"S$ 4,490 /mo",EW15 Tanjong Pagar MRT Station,0.38 km
2,The Sail @ Marina Bay,Partially Furnished Condominium,1389 sqft ,2 Marina Boulevard, S$ 4.97 psf,3,2,"S$ 6,900 /mo",EW15 Tanjong Pagar MRT Station,0.95 km
3,Five On Shenton (V On Shenton),Partially Furnished Condominium,721 sqft ,5 Shenton Way, Ready to move,2,1,"S$ 4,500 /mo",EW15 Tanjong Pagar MRT Station,0.37 km
4,Marina One Residences,Partially Furnished Apartment,689 sqft ,23 Marina Way, Ready to move,1,1,"S$ 5,200 /mo",EW15 Tanjong Pagar MRT Station,0.88 km
5,Eon Shenton,Partially Furnished Condominium,538 sqft ,70 Shenton Way, Ready to move,2,2,"S$ 3,600 /mo",EW15 Tanjong Pagar MRT Station,0.30 km
6,Skysuites @ Anson,Fully Furnished Condominium,398 sqft ,8 Enggor Street, Ready to move,1,1,"S$ 3,100 /mo",EW15 Tanjong Pagar MRT Station,0.33 km
7,Skysuites @ Anson,Partially Furnished Condominium,398 sqft ,8 Enggor Street, S$ 8.79 psf,1,1,"S$ 3,500 /mo",EW15 Tanjong Pagar MRT Station,0.33 km
8,One Shenton,Fully Furnished Apartment,850 sqft ,1 Shenton Way, Ready to move,1,1,"S$ 4,100 /mo",EW15 Tanjong Pagar MRT Station,0.61 km
9,The Clift,Fully Furnished Apartment,775 sqft ,21 McCallum Street, Ready to move,2,1,"S$ 3,800 /mo",EW15 Tanjong Pagar MRT Station,0.37 km
10,The Sail @ Marina Bay,Partially Furnished Apartment,1184 sqft ,2 Marina Boulevard, Ready to move,3,2,"S$ 6,000 /mo",EW15 Tanjong Pagar MRT Station,0.95 km
11,Skysuites @ Anson,Fully Furnished Condominium,398 sqft ,8 Enggor Street, Ready to move,1,1,"S$ 2,990 /mo",EW15 Tanjong Pagar MRT Station,0.33 km
12,Five On Shenton (V On Shenton),Partially Furnished Condominium,1055 sqft ,5 Shenton Way, Ready to move,2,2,"S$ 5,000 /mo",EW15 Tanjong Pagar MRT Station,0.37 km
13,Five On Shenton (V On Shenton),Partially Furnished Condominium,452 sqft ,5 Shenton Way, Ready to move,Studio,0,"S$ 2,500 /mo",EW15 Tanjong Pagar MRT Station,0.37 km
14,8 Tanjong Pagar Plaza,Fully Furnished HDB Apartment,895 sqft ,8 Tanjong Pagar Plaza, Ready to move,3,1,"S$ 3,000 /mo",EW15 Tanjong Pagar MRT Station,0.34 km
15,Eon Shenton,Condominium,538 sqft ,70 Shenton Way, Ready to move,2,1,"S$ 3,900 /mo",EW15 Tanjong Pagar MRT Station,0.30 km
16,Eon Shenton,Fully Furnished Condominium,538 sqft ,70 Shenton Way, Ready to move,2,2,"S$ 3,450 /mo",EW15 Tanjong Pagar MRT Station,0.30 km
17,Icon,Fully Furnished Apartment,570 sqft ,10 Gopeng Street, Ready to move,1,1,"S$ 3,600 /mo",EW15 Tanjong Pagar MRT Station,0.19 km
18,Icon,Partially Furnished Apartment,904 sqft ,10 Gopeng Street, Ready to move,2,2,"S$ 4,500 /mo",EW15 Tanjong Pagar MRT Station,0.19 km
19,Chinatown Plaza,Fully Furnished Apartment,190 sqft ,34 Craig Road, S$ 5.00 psf,1,0,S$ 950 /mo,EW15 Tanjong Pagar MRT Station,0.47 km
0,Pearl Bank Apartment,Partially Furnished Apartment,1400 sqft ,1 Pearl Bank, S$ 2.14 psf,2,2,"S$ 3,000 /mo",EW15 Tanjong Pagar MRT Station,0.97 km
1,Lumiere,Fully Furnished Apartment,1000 sqft ,2 Mistri Road, S$ 6.20 psf,2,2,"S$ 6,200 /mo",EW15 Tanjong Pagar MRT Station,0.26 km
2,Lumiere,Fully Furnished Apartment,640 sqft ,2 Mistri Road, S$ 7.50 psf,1,1,"S$ 4,800 /mo",EW15 Tanjong Pagar MRT Station,0.26 km
3,Lumiere,Fully Furnished Apartment,500 sqft ,2 Mistri Road, S$ 8.60 psf,Studio,0,"S$ 4,300 /mo",EW15 Tanjong Pagar MRT Station,0.26 km
4,Five On Shenton (V On Shenton),Partially Furnished Condominium,1152 sqft ,5 Shenton Way, Ready to move,2,2,"S$ 5,700 /mo",EW15 Tanjong Pagar MRT Station,0.37 km
5,International Plaza,Fully Furnished Apartment,200 sqft ,10 Anson Road, Ready to move,Room,0,"S$ 1,000 /mo",EW15 Tanjong Pagar MRT Station,0.07 km
6,International Plaza,Fully Furnished Apartment,300 sqft ,10 Anson Road, Ready to move,Room,0,"S$ 1,600 /mo",EW15 Tanjong Pagar MRT Station,0.07 km
7,Skysuites @ Anson,Fully Furnished Condominium,398 sqft ,8 Enggor Street, Ready to move,1,1,"S$ 2,800 /mo",EW15 Tanjong Pagar MRT Station,0.33 km
8,Five On Shenton (V On Shenton),Partially Furnished Condominium,484 sqft ,5 Shenton Way, Ready to move,1,1,"S$ 2,999 /mo",EW15 Tanjong Pagar MRT Station,0.37 km
9,Eon Shenton,Condominium,538 sqft ,70 Shenton Way, Ready to move,2,1,"S$ 3,600 /mo",EW15 Tanjong Pagar MRT Station,0.30 km
10,Chinatown Plaza,Partially Furnished Apartment,1722 sqft ,34 Craig Road, Available from 3 May,3,3,"S$ 3,999 /mo",EW15 Tanjong Pagar MRT Station,0.47 km
11,V On Shenton,Partially Furnished Condominium,721 sqft ,5A SHENTON WAY, S$ 6.23 psf,2,1,"S$ 4,490 /mo",EW15 Tanjong Pagar MRT Station,0.38 km
12,3 Tanjong Pagar Plaza,Fully Furnished HDB Apartment,635 sqft ,3 Tanjong Pagar Plaza, Ready to move,2,1,"S$ 2,200 /mo",EW15 Tanjong Pagar MRT Station,0.40 km
13,International Plaza,Partially Furnished Apartment,1377 sqft ,(within 0.10 km), Ready to move,3,3,"S$ 4,500 /mo",EW15 Tanjong Pagar MRT Station,0.10 km
14,Five On Shenton (V On Shenton),Partially Furnished Condominium,721 sqft ,5 Shenton Way, Ready to move,2,1,"S$ 4,200 /mo",EW15 Tanjong Pagar MRT Station,0.37 km
15,The Sail @ Marina Bay,Fully Furnished Apartment,614 sqft ,2 Marina Boulevard, Ready to move,1,1,"S$ 4,500 /mo",EW15 Tanjong Pagar MRT Station,0.95 km
16,One Shenton,Partially Furnished Apartment,850 sqft ,1 Shenton Way, S$ 4.94 psf,1,1,"S$ 4,200 /mo",EW15 Tanjong Pagar MRT Station,0.61 km
17,The Sail @ Marina Bay,Fully Furnished Apartment,657 sqft ,2 Marina Boulevard, S$ 5.78 psf,1,1,"S$ 3,800 /mo",EW15 Tanjong Pagar MRT Station,0.95 km
18,Dorsett Residences,Partially Furnished Condominium,689 sqft ,333 New Bridge Road, Ready to move,2,2,"S$ 4,308 /mo",EW15 Tanjong Pagar MRT Station,0.75 km
19,The Sail @ Marina Bay,Fully Furnished Apartment,883 sqft ,6 Marina Boulevard, Ready to move,2,2,"S$ 4,300 /mo",EW15 Tanjong Pagar MRT Station,0.95 km
0,The Sail @ Marina Bay,Fully Furnished Apartment,893 sqft ,2 Marina Boulevard, S$ 5.43 psf,2,2,"S$ 4,850 /mo",EW15 Tanjong Pagar MRT Station,0.95 km
1,The Sail @ Marina Bay,Fully Furnished Apartment,883 sqft ,6 Marina Boulevard, S$ 5.66 psf,2,2,"S$ 5,000 /mo",EW15 Tanjong Pagar MRT Station,0.95 km
2,Eon Shenton,Partially Furnished Condominium,538 sqft ,70 Shenton Way, Ready to move,2,1,"S$ 3,399 /mo",EW15 Tanjong Pagar MRT Station,0.30 km
3,The Clift,Fully Furnished Apartment,753 sqft ,21 McCallum Street, Ready to move,1,1,"S$ 5,000 /mo",EW15 Tanjong Pagar MRT Station,0.37 km
4,Icon,Fully Furnished Condominium,1044 sqft ,10 Gopeng Street, Ready to move,2,2,"S$ 5,300 /mo",EW15 Tanjong Pagar MRT Station,0.19 km
5,Craig Place,Fully Furnished Apartment,732 sqft ,20 Craig Road, Ready to move,2,1,"S$ 3,500 /mo",EW15 Tanjong Pagar MRT Station,0.43 km
6,Five On Shenton (V On Shenton),Fully Furnished Condominium,452 sqft ,5 Shenton Way, Ready to move,1,1,"S$ 3,900 /mo",EW15 Tanjong Pagar MRT Station,0.37 km
7,International Plaza,Fully Furnished Apartment,1033 sqft ,(within 0.10 km), Ready to move,3,3,"S$ 4,500 /mo",EW15 Tanjong Pagar MRT Station,0.10 km
8,The Clift,Fully Furnished Apartment,753 sqft ,21 McCallum Street, Ready to move,1,1,"S$ 5,100 /mo",EW15 Tanjong Pagar MRT Station,0.37 km
9,The Sail @ Marina Bay,Fully Furnished Apartment,140 sqft ,2 Marina Boulevard, Ready to move,Room,0,"S$ 2,000 /mo",EW15 Tanjong Pagar MRT Station,0.95 km
10,The Sail @ Marina Bay,Fully Furnished Apartment,500 sqft ,2 Marina Boulevard, Ready to move,Studio,0,"S$ 3,300 /mo",EW15 Tanjong Pagar MRT Station,0.95 km
11,The Sail @ Marina Bay,Fully Furnished Apartment,130 sqft ,2 Marina Boulevard, Ready to move,Room,0,"S$ 2,000 /mo",EW15 Tanjong Pagar MRT Station,0.95 km
12,Five On Shenton (V On Shenton),Partially Furnished Condominium,721 sqft ,5 Shenton Way, Ready to move,1,1,"S$ 3,500 /mo",EW15 Tanjong Pagar MRT Station,0.35 km
13,Five On Shenton (V On Shenton),Partially Furnished Condominium,1055 sqft ,5 Shenton Way, Ready to move,2,2,"S$ 6,300 /mo",EW15 Tanjong Pagar MRT Station,0.37 km
14,Five On Shenton (V On Shenton),Partially Furnished Condominium,474 sqft ,5 Shenton Way, Ready to move,1,1,"S$ 3,000 /mo",EW15 Tanjong Pagar MRT Station,0.37 km
15,Five On Shenton (V On Shenton),Partially Furnished Condominium,474 sqft ,5 Shenton Way, Ready to move,1,1,"S$ 3,500 /mo",EW15 Tanjong Pagar MRT Station,0.37 km
16,Five On Shenton (V On Shenton),Partially Furnished Condominium,721 sqft ,5 Shenton Way, Ready to move,1,1,"S$ 4,900 /mo",EW15 Tanjong Pagar MRT Station,0.37 km
17,The Sail @ Marina Bay,Partially Furnished Condominium,1330 sqft ,4 Marina Boulevard, Ready to move,3,2,"S$ 6,500 /mo",EW15 Tanjong Pagar MRT Station,0.95 km
18,Five On Shenton (V On Shenton),Partially Furnished Condominium,721 sqft ,5 Shenton Way, Ready to move,1,1,"S$ 4,400 /mo",EW15 Tanjong Pagar MRT Station,0.35 km
19,Eon Shenton,Partially Furnished Condominium,532 sqft ,70 Shenton Way, Ready to move,2,1,"S$ 4,500 /mo",EW15 Tanjong Pagar MRT Station,0.30 km
0,Five On Shenton (V On Shenton),Fully Furnished Condominium,452 sqft ,5 Shenton Way, Ready to move,Studio,0,"S$ 3,000 /mo",EW15 Tanjong Pagar MRT Station,0.37 km
1,76 Shenton,Fully Furnished Condominium,624 sqft ,76 Shenton Way, Ready to move,1,1,"S$ 4,200 /mo",EW15 Tanjong Pagar MRT Station,0.34 km
2,Pinnacle @ Duxton,Fully Furnished HDB Apartment,150 sqft ,1F Cantonment Road, Ready to move,Room,0,"S$ 1,100 /mo",EW15 Tanjong Pagar MRT Station,0.50 km
3,Marina Bay Residences,Partially Furnished Condominium,1076 sqft ,18 Marina Boulevard, Ready to move,2,2,"S$ 6,999 /mo",EW15 Tanjong Pagar MRT Station,0.94 km
4,D2 CBD Condo For Rent,Partially Furnished Condominium,1109 sqft ,(within 0.29 km), Ready to move,2,2,"S$ 7,500 /mo",EW15 Tanjong Pagar MRT Station,0.29 km
5,The Beacon,Partially Furnished Apartment,1107 sqft ,130 Cantonment Road, Ready to move,2,2,"S$ 4,800 /mo",EW15 Tanjong Pagar MRT Station,0.59 km
6,International Plaza,Fully Furnished Apartment,1033 sqft ,10 Anson Road, Available from 15 Apr,3,2,"S$ 4,500 /mo",EW15 Tanjong Pagar MRT Station,0.07 km
7,Pearl Bank Apartment,Fully Furnished Apartment,1300 sqft ,1 Pearl Bank, Ready to move,2,2,"S$ 2,400 /mo",EW15 Tanjong Pagar MRT Station,0.97 km
8,Five On Shenton (V On Shenton),Partially Furnished Condominium,1152 sqft ,5 Shenton Way, Ready to move,2,2,"S$ 5,500 /mo",EW15 Tanjong Pagar MRT Station,0.37 km
9,Five On Shenton (V On Shenton),Condominium,689 sqft ,5 Shenton Way, Ready to move,1,1,"S$ 3,488 /mo",EW15 Tanjong Pagar MRT Station,0.35 km
10,Pearl Bank Apartment,Fully Furnished Apartment,100 sqft ,1 Pearl Bank, Ready to move,Room,0,S$ 699 /mo,EW15 Tanjong Pagar MRT Station,0.97 km
11,Pearl Bank Apartment,Apartment,100 sqft ,1 Pearl Bank, Ready to move,Room,0,S$ 699 /mo,EW15 Tanjong Pagar MRT Station,0.97 km
12,Altez,Partially Furnished Condominium,1658 sqft ,16 Enggor Street, Ready to move,3,2,"S$ 9,050 /mo",EW15 Tanjong Pagar MRT Station,0.33 km
13,International Plaza,Fully Furnished Apartment,1033 sqft ,10 Anson Road, Available from 21 Apr,3,2,"S$ 4,500 /mo",EW15 Tanjong Pagar MRT Station,0.07 km
14,Five On Shenton (V On Shenton),Unfurnished Condominium,721 sqft ,5 Shenton Way, Ready to move,1,1,"S$ 4,500 /mo",EW15 Tanjong Pagar MRT Station,0.37 km
15,Marina Bay Suites,Partially Furnished Condominium,1600 sqft ,(within 0.83 km), Ready to move,3,3,"S$ 7,800 /mo",EW15 Tanjong Pagar MRT Station,0.83 km
16,Eon Shenton,Condominium,538 sqft ,70 Shenton Way, Ready to move,2,1,"S$ 3,600 /mo",EW15 Tanjong Pagar MRT Station,0.30 km
17,International Plaza,Fully Furnished Apartment,300 sqft ,10 Anson Road, Ready to move,Studio,0,"S$ 2,500 /mo",EW15 Tanjong Pagar MRT Station,0.07 km
18,76 Shenton,Fully Furnished Apartment,624 sqft ,76 Shenton Way, Ready to move,1,1,"S$ 3,700 /mo",EW15 Tanjong Pagar MRT Station,0.34 km
19,Altez @ 16 Enggor Street,Partially Furnished Condominium,1658 sqft ,16 Enggor St, Ready to move,4,3,"S$ 9,000 /mo",EW15 Tanjong Pagar MRT Station,0.28 km
0,Marina Bay Residences,Partially Furnished Condominium,2368 sqft ,18 Marina Boulevard, Ready to move,4,5,"S$ 18,000 /mo",EW15 Tanjong Pagar MRT Station,0.94 km
1,Skysuites @ Anson,Partially Furnished Condominium,700 sqft ,8 Enggor Street, Ready to move,2,2,"S$ 4,500 /mo",EW15 Tanjong Pagar MRT Station,0.33 km
2,The Sail @ Marina Bay,Fully Furnished Apartment,250 sqft ,6 Marina Boulevard, S$ 10.80 psf,Room,0,"S$ 2,700 /mo",EW15 Tanjong Pagar MRT Station,0.95 km
3,Pinnacle @ Duxton,Fully Furnished HDB Apartment,1001 sqft ,1 Cantonment Road, Ready to move,2,2,"S$ 4,200 /mo",EW15 Tanjong Pagar MRT Station,0.50 km
4,One Shenton,Partially Furnished Apartment,1539 sqft ,1 Shenton Way, Ready to move,3,3,"S$ 6,900 /mo",EW15 Tanjong Pagar MRT Station,0.61 km
5,The Sail @ Marina Bay,Fully Furnished Apartment,883 sqft ,2 Marina Boulevard, Ready to move,2,2,"S$ 5,200 /mo",EW15 Tanjong Pagar MRT Station,0.95 km
6,The Sail @ Marina Bay,Fully Furnished Apartment,300 sqft ,2 Marina Boulevard, S$ 10.00 psf,Studio,0,"S$ 3,000 /mo",EW15 Tanjong Pagar MRT Station,0.95 km
7,Eon Shenton,Fully Furnished Condominium,538 sqft ,70 Shenton Way, Ready to move,2,1,"S$ 3,900 /mo",EW15 Tanjong Pagar MRT Station,0.30 km
8,Five On Shenton (V On Shenton),Unfurnished Condominium,452 sqft ,5 Shenton Way, Ready to move,Studio,0,"S$ 2,500 /mo",EW15 Tanjong Pagar MRT Station,0.37 km
9,Icon,Fully Furnished Condominium,700 sqft ,10 Gopeng Street, Ready to move,1,1,"S$ 3,900 /mo",EW15 Tanjong Pagar MRT Station,0.19 km
10,Altez,Condominium,862 sqft ,16 Enggor Street, Ready to move,1,1,"S$ 5,500 /mo",EW15 Tanjong Pagar MRT Station,0.33 km
11,The Clift,Fully Furnished Apartment,829 sqft ,21 McCallum Street, Available from 12 Apr,1,1,"S$ 5,500 /mo",EW15 Tanjong Pagar MRT Station,0.37 km
12,Five On Shenton (V On Shenton),Partially Furnished Condominium,1530 sqft ,5A Shenton Way, Ready to move,3,2,"S$ 7,500 /mo",EW15 Tanjong Pagar MRT Station,0.37 km
13,The Sail @ Marina Bay,Fully Furnished Apartment,592 sqft ,2 Marina Boulevard, Ready to move,1,1,"S$ 3,500 /mo",EW15 Tanjong Pagar MRT Station,0.95 km
14,7 Everton Park,HDB Apartment,850 sqft ,7 Everton Park, Ready to move,2,1,"S$ 2,400 /mo",EW15 Tanjong Pagar MRT Station,0.73 km
15,Five On Shenton (V On Shenton),Partially Furnished Condominium,1033 sqft ,5 Shenton Way, Ready to move,2,2,"S$ 4,400 /mo",EW15 Tanjong Pagar MRT Station,0.35 km
16,The Sail @ Marina Bay,Partially Furnished Condominium,1184 sqft ,2 Marina Boulevard, Ready to move,3,2,"S$ 6,000 /mo",EW15 Tanjong Pagar MRT Station,0.95 km
17,Eon Shenton,Partially Furnished Condominium,1131 sqft ,70 Shenton Way, Ready to move,2,3,"S$ 5,300 /mo",EW15 Tanjong Pagar MRT Station,0.30 km
18,Marina Bay Residences,Fully Furnished Condominium,731 sqft ,18 Marina Boulevard, Ready to move,1,1,"S$ 4,800 /mo",EW15 Tanjong Pagar MRT Station,0.94 km
19,Eon Shenton,Partially Furnished Condominium,538 sqft ,70 Shenton Way, Ready to move,2,1,"S$ 4,000 /mo",EW15 Tanjong Pagar MRT Station,0.30 km
0,Pinnacle @ Duxton,Fully Furnished HDB Apartment,170 sqft ,1G Cantonment Road, Ready to move,Room,0,"S$ 1,200 /mo",EW15 Tanjong Pagar MRT Station,0.50 km
1,Five On Shenton (V On Shenton),Partially Furnished Condominium,1055 sqft ,5 Shenton Way, Ready to move,2,2,"S$ 5,100 /mo",EW15 Tanjong Pagar MRT Station,0.37 km
2,One Shenton,Partially Furnished Apartment,581 sqft ,1 Shenton Way, Ready to move,1,1,"S$ 3,700 /mo",EW15 Tanjong Pagar MRT Station,0.61 km
3,3 Everton Park,HDB Apartment,130 sqft ,3 Everton Park, Ready to move,Room,0,S$ 800 /mo,EW15 Tanjong Pagar MRT Station,0.81 km
4,Five On Shenton (V On Shenton),Partially Furnished Condominium,721 sqft ,5 Shenton Way, Ready to move,1,1,"S$ 4,400 /mo",EW15 Tanjong Pagar MRT Station,0.37 km
5,Icon,Partially Furnished Apartment,904 sqft ,10 Gopeng Street, S$ 5.42 psf,2,2,"S$ 4,900 /mo",EW15 Tanjong Pagar MRT Station,0.19 km
6,"BEAUTIFUL CHARMING Conservation House CHINATOWN MRT, PRIME LOCATION , AWESOME LIVING ! !",Partially Furnished Conservation House,900 sqft ,"MOSQUE STREET, PAGODA STREET, CHINATOWN MRT", Ready to move,2,2,"S$ 4,500 /mo",EW15 Tanjong Pagar MRT Station,
7,Five On Shenton (V On Shenton),Partially Furnished Condominium,883 sqft ,5 Shenton Way, Ready to move,2,2,"S$ 4,700 /mo",EW15 Tanjong Pagar MRT Station,0.37 km
8,Emerald Garden,Partially Furnished Condominium,1055 sqft ,33 Club Street, Ready to move,2,2,"S$ 4,100 /mo",EW15 Tanjong Pagar MRT Station,0.55 km
9,The Sail @ Marina Bay,Apartment,1313 sqft ,2 Marina Boulevard, Ready to move,3,2,"S$ 6,500 /mo",EW15 Tanjong Pagar MRT Station,0.95 km
10,One Shenton,Fully Furnished Apartment,849 sqft ,1 Shenton Way, Ready to move,1,1,"S$ 4,200 /mo",EW15 Tanjong Pagar MRT Station,0.61 km
11,One Shenton,Fully Furnished Apartment,850 sqft ,1 Shenton Way, Ready to move,1,1,"S$ 4,199 /mo",EW15 Tanjong Pagar MRT Station,0.61 km
12,The Sail @ Marina Bay,Partially Furnished Apartment,2165 sqft ,2 Marina Boulevard, Ready to move,4,4,"S$ 9,500 /mo",EW15 Tanjong Pagar MRT Station,0.95 km
13,Lumiere,Partially Furnished Apartment,678 sqft ,2 Mistri Road, Ready to move,1,1,"S$ 3,200 /mo",EW15 Tanjong Pagar MRT Station,0.26 km
14,The Sail @ Marina Bay,Fully Furnished Apartment,350 sqft ,2 Marina Boulevard, Ready to move,Studio,0,"S$ 3,000 /mo",EW15 Tanjong Pagar MRT Station,0.95 km
15,Five On Shenton (V On Shenton),Partially Furnished Apartment,484 sqft ,5 Shenton Way, Ready to move,1,1,"S$ 3,250 /mo",EW15 Tanjong Pagar MRT Station,0.35 km
16,Five On Shenton (V On Shenton),Partially Furnished Condominium,484 sqft ,5 Shenton Way, Ready to move,1,1,"S$ 3,150 /mo",EW15 Tanjong Pagar MRT Station,0.37 km
17,Pearl Bank Apartment,Fully Furnished Apartment,1000 sqft ,1 Pearl Bank, Ready to move,2,1,"S$ 1,600 /mo",EW15 Tanjong Pagar MRT Station,0.97 km
18,Pearl Bank Apartment,Partially Furnished Apartment,500 sqft ,1 Pearl Bank, Ready to move,Studio,0,"S$ 1,700 /mo",EW15 Tanjong Pagar MRT Station,0.97 km
19,The Sail @ Marina Bay,Apartment,936 sqft ,2 Marina Boulevard, Ready to move,2,2,"S$ 4,100 /mo",EW15 Tanjong Pagar MRT Station,0.95 km
0,Altez,Condominium,1561 sqft ,16 Enggor Street, Ready to move,3,2,"S$ 8,900 /mo",EW15 Tanjong Pagar MRT Station,0.33 km
1,Eon Shenton,Partially Furnished Condominium,538 sqft ,70 Shenton Way, Ready to move,2,2,"S$ 4,000 /mo",EW15 Tanjong Pagar MRT Station,0.30 km
2,Five On Shenton (V On Shenton),Partially Furnished Condominium,1528 sqft ,5A Shenton Way, Ready to move,3,2,"S$ 6,500 /mo",EW15 Tanjong Pagar MRT Station,0.37 km
3,Eon Shenton,Partially Furnished Condominium,689 sqft ,70 Shenton Way, Ready to move,2,2,"S$ 4,400 /mo",EW15 Tanjong Pagar MRT Station,0.30 km
4,Spottiswoode 18,Fully Furnished Condominium,387 sqft ,18 Spottiswoode Park Road, Ready to move,1,1,"S$ 2,300 /mo",EW15 Tanjong Pagar MRT Station,0.94 km
5,Altez,Fully Furnished Condominium,549 sqft ,16 Enggor Street, Ready to move,1,1,"S$ 3,800 /mo",EW15 Tanjong Pagar MRT Station,0.33 km
6,533 Upper Cross Street,Fully Furnished HDB Apartment,646 sqft ,533 Upper Cross Street, Ready to move,2,1,"S$ 2,400 /mo",EW15 Tanjong Pagar MRT Station,0.93 km
7,One Shenton,Unfurnished Apartment,1572 sqft ,1 Shenton Way, Ready to move,3,3,"S$ 6,000 /mo",EW15 Tanjong Pagar MRT Station,0.61 km
8,One Shenton,Apartment,990 sqft ,1 Shenton Way, Ready to move,1,1,"S$ 4,000 /mo",EW15 Tanjong Pagar MRT Station,0.61 km
9,One Shenton,Apartment,1572 sqft ,1 Shenton Way, Ready to move,3,3,"S$ 6,000 /mo",EW15 Tanjong Pagar MRT Station,0.61 km
10,One Shenton,Apartment,990 sqft ,1 Shenton Way, Ready to move,1,1,"S$ 4,000 /mo",EW15 Tanjong Pagar MRT Station,0.61 km
11,Pearl Bank Apartment,Fully Furnished Apartment,150 sqft ,1 Pearl Bank, S$ 8.00 psf,Room,0,"S$ 1,200 /mo",EW15 Tanjong Pagar MRT Station,0.97 km
12,One Shenton,Apartment,990 sqft ,1 Shenton Way, Ready to move,1,1,"S$ 4,000 /mo",EW15 Tanjong Pagar MRT Station,0.61 km
13,One Shenton,Apartment,1572 sqft ,1 Shenton Way, Ready to move,3,3,"S$ 6,000 /mo",EW15 Tanjong Pagar MRT Station,0.61 km
14,Altez,Fully Furnished Condominium,1561 sqft ,16 Enggor Street, Ready to move,3,3,"S$ 8,900 /mo",EW15 Tanjong Pagar MRT Station,0.33 km
15,The Sail @ Marina Bay,Partially Furnished Apartment,1184 sqft ,2 Marina Boulevard, Ready to move,3,2,"S$ 6,300 /mo",EW15 Tanjong Pagar MRT Station,0.95 km
16,Eon Shenton,Partially Furnished Condominium,1044 sqft ,70 Shenton Way, Ready to move,2,1,"S$ 5,000 /mo",EW15 Tanjong Pagar MRT Station,0.30 km
17,Altez,Partially Furnished Condominium,1109 sqft ,16 Enggor Street, Ready to move,2,2,"S$ 7,700 /mo",EW15 Tanjong Pagar MRT Station,0.33 km
18,The Clift,Fully Furnished Apartment,753 sqft ,21 McCallum Street, Ready to move,1,1,"S$ 5,000 /mo",EW15 Tanjong Pagar MRT Station,0.37 km
19,Five On Shenton (V On Shenton),Partially Furnished Condominium,1206 sqft ,5 Shenton Way, Ready to move,3,2,"S$ 6,000 /mo",EW15 Tanjong Pagar MRT Station,0.37 km
0,One Shenton,Apartment,1130 sqft ,1 Shenton Way, Ready to move,2,2,"S$ 4,800 /mo",EW15 Tanjong Pagar MRT Station,0.61 km
1,Altez,Partially Furnished Condominium,1561 sqft ,16 Enggor Street, Ready to move,3,2,"S$ 8,500 /mo",EW15 Tanjong Pagar MRT Station,0.33 km
2,Marina Bay Residences,Fully Furnished Condominium,1066 sqft ,18 Marina Boulevard, Ready to move,2,2,"S$ 6,800 /mo",EW15 Tanjong Pagar MRT Station,0.94 km
3,Lumiere,Partially Furnished Apartment,688 sqft ,2 Mistri Road, Ready to move,1,1,"S$ 3,000 /mo",EW15 Tanjong Pagar MRT Station,0.26 km
4,The Clift,Apartment,829 sqft ,21 McCallum Street, Ready to move,1,1,"S$ 5,500 /mo",EW15 Tanjong Pagar MRT Station,0.37 km
5,Altez,Condominium,1109 sqft ,16 Enggor Street, Ready to move,2,1,"S$ 7,700 /mo",EW15 Tanjong Pagar MRT Station,0.33 km
6,The Clift,Fully Furnished Apartment,527 sqft ,21 McCallum Street, Ready to move,1,1,"S$ 4,000 /mo",EW15 Tanjong Pagar MRT Station,0.37 km
7,The Sail @ Marina Bay,Fully Furnished Apartment,200 sqft ,2 Marina Boulevard, Ready to move,Room,0,"S$ 2,399 /mo",EW15 Tanjong Pagar MRT Station,0.95 km
8,Altez,Fully Furnished Condominium,1109 sqft ,16 Enggor Street, Ready to move,2,2,"S$ 7,500 /mo",EW15 Tanjong Pagar MRT Station,0.33 km
9,Five On Shenton (V On Shenton),Condominium,950 sqft ,5 Shenton Way, Ready to move,2,2,"S$ 4,999 /mo",EW15 Tanjong Pagar MRT Station,0.37 km
10,The Sail @ Marina Bay,Apartment,883 sqft ,2 Marina Boulevard, Ready to move,2,2,"S$ 5,000 /mo",EW15 Tanjong Pagar MRT Station,0.95 km
11,The Sail @ Marina Bay,Fully Furnished Apartment,1330 sqft ,2 Marina Boulevard, Ready to move,3,2,"S$ 6,500 /mo",EW15 Tanjong Pagar MRT Station,0.95 km
12,Icon,Apartment,786 sqft ,10 Gopeng Street, Ready to move,1,2,"S$ 3,800 /mo",EW15 Tanjong Pagar MRT Station,0.19 km
13,76 Shenton,Partially Furnished Apartment,624 sqft ,76 Shenton Way, Ready to move,1,1,"S$ 4,200 /mo",EW15 Tanjong Pagar MRT Station,0.34 km
14,The Sail @ Marina Bay,Fully Furnished Apartment,689 sqft ,6 Marina Boulevard, Ready to move,1,1,"S$ 4,000 /mo",EW15 Tanjong Pagar MRT Station,0.95 km
15,Altez,Partially Furnished Condominium,1109 sqft ,16 Enggor Street, Ready to move,2,2,"S$ 7,200 /mo",EW15 Tanjong Pagar MRT Station,0.33 km
16,BEAUTIFUL ! CHARMING CONSERVATION HOME @ CHINATOWN,Partially Furnished Shophouse,"871 sqft, 870 sqft (land) ",Chinatown Point /MRT /Mosque St/Temple St, Ready to move,2,2,"S$ 4,500 /mo",EW15 Tanjong Pagar MRT Station,0.86 km
17,Altez,Partially Furnished Condominium,1561 sqft ,16 Enggor Street, Ready to move,3,2,"S$ 8,900 /mo",EW15 Tanjong Pagar MRT Station,0.33 km
18,Five On Shenton (V On Shenton),Fully Furnished Condominium,721 sqft ,5 Shenton Way, Ready to move,2,1,"S$ 3,980 /mo",EW15 Tanjong Pagar MRT Station,0.37 km
19,One Shenton,Partially Furnished Apartment,1119 sqft ,1 Shenton Way, Ready to move,2,2,"S$ 5,500 /mo",EW15 Tanjong Pagar MRT Station,0.61 km
0,The Clift,Partially Furnished Apartment,775 sqft ,21 McCallum Street, Ready to move,1,1,"S$ 5,100 /mo",EW15 Tanjong Pagar MRT Station,0.37 km
1,Icon,Partially Furnished Apartment,920 sqft ,10 Gopeng Street, Ready to move,2,2,"S$ 4,500 /mo",EW15 Tanjong Pagar MRT Station,0.19 km
2,International Plaza,Fully Furnished Apartment,1033 sqft ,10 Anson Road, S$ 4.65 psf,3,2,"S$ 4,800 /mo",EW15 Tanjong Pagar MRT Station,0.07 km
3,International Plaza,Fully Furnished Apartment,1033 sqft ,10 Anson Road, Available from 15 Apr,3,2,"S$ 4,500 /mo",EW15 Tanjong Pagar MRT Station,0.07 km
4,Marina Bay Residences,Partially Furnished Condominium,743 sqft ,18 Marina Boulevard, Ready to move,1,1,"S$ 4,700 /mo",EW15 Tanjong Pagar MRT Station,0.94 km
5,Skysuites @ Anson,Fully Furnished Condominium,398 sqft ,8 Enggor Street, Ready to move,1,1,"S$ 2,900 /mo",EW15 Tanjong Pagar MRT Station,0.33 km
6,Skysuites @ Anson,Fully Furnished Apartment,365 sqft ,8 Enggor Street, Ready to move,Studio,0,"S$ 2,800 /mo",EW15 Tanjong Pagar MRT Station,0.33 km
7,The Sail @ Marina Bay,Fully Furnished Condominium,936 sqft ,2 Marina Boulevard, Ready to move,2,2,"S$ 6,000 /mo",EW15 Tanjong Pagar MRT Station,0.95 km
8,Outrageously Low Priced Apartment In Primiest Prime District 1!,Partially Furnished Apartment,630 sqft ,Gemmill Lane, Ready to move,2,2,"S$ 2,600 /mo",EW15 Tanjong Pagar MRT Station,0.67 km
9,76 Shenton,Fully Furnished Shophouse,"624 sqft, 624 sqft (land) ",76 76 SHENTON, Ready to move,1,1,"S$ 4,000 /mo",EW15 Tanjong Pagar MRT Station,0.34 km
10,76 Shenton,Partially Furnished Apartment,969 sqft ,76 Shenton Way, Ready to move,2,2,"S$ 5,000 /mo",EW15 Tanjong Pagar MRT Station,0.34 km
11,2 Tanjong Pagar Plaza,HDB Apartment,635 sqft ,2 Tanjong Pagar Plaza, Ready to move,2,1,"S$ 2,000 /mo",EW15 Tanjong Pagar MRT Station,0.38 km
12,The Sail @ Marina Bay,Partially Furnished Apartment,1388 sqft ,6 Marina Boulevard, Ready to move,3,2,"S$ 6,800 /mo",EW15 Tanjong Pagar MRT Station,0.95 km
13,Five On Shenton (V On Shenton),Fully Furnished Condominium,474 sqft ,5 Shenton Way, Ready to move,1,1,"S$ 4,000 /mo",EW15 Tanjong Pagar MRT Station,0.37 km
14,V On Shenton,Partially Furnished Condominium,452 sqft ,5A SHENTON WAY, S$ 6.84 psf,Studio,0,"S$ 3,090 /mo",EW15 Tanjong Pagar MRT Station,0.38 km
15,Altez,Partially Furnished Condominium,1109 sqft ,16 Enggor Street, Ready to move,2,2,"S$ 7,700 /mo",EW15 Tanjong Pagar MRT Station,0.33 km
16,One Shenton,Partially Furnished Apartment,5242 sqft ,1 Shenton Way, Ready to move,4,6,"S$ 21,000 /mo",EW15 Tanjong Pagar MRT Station,0.61 km
17,Spottiswoode 18,Fully Furnished Condominium,387 sqft ,18 Spottiswoode Park Road, Ready to move,1,1,"S$ 2,400 /mo",EW15 Tanjong Pagar MRT Station,0.94 km
18,Marina One Residences,Partially Furnished Condominium,1108 sqft ,21 21 Marina Way, Ready to move,2,2,"S$ 6,500 /mo",EW15 Tanjong Pagar MRT Station,0.84 km
19,Marina One Residences,Partially Furnished Condominium,1528 sqft ,21 21 Marina Way, Ready to move,3,3,"S$ 9,500 /mo",EW15 Tanjong Pagar MRT Station,0.84 km
0,3 Everton Park,Fully Furnished HDB Apartment,755 sqft ,3 Everton Park, Ready to move,2,2,"S$ 2,300 /mo",EW15 Tanjong Pagar MRT Station,0.81 km
1,Chinatown Plaza,Partially Furnished Apartment,1630 sqft ,34 Craig Road, Ready to move,3,3,"S$ 3,500 /mo",EW15 Tanjong Pagar MRT Station,0.46 km
2,Five On Shenton (V On Shenton),Condominium,1152 sqft ,5 Shenton Way, Ready to move,2,2,"S$ 4,400 /mo",EW15 Tanjong Pagar MRT Station,0.37 km
3,Fook Hai Building,Fully Furnished Apartment,1743 sqft ,150 South Bridge Road, Ready to move,3,2,"S$ 6,100 /mo",EW15 Tanjong Pagar MRT Station,0.95 km
4,Five On Shenton (V On Shenton),Partially Furnished Condominium,689 sqft ,5 Shenton Way, Ready to move,2,1,"S$ 4,000 /mo",EW15 Tanjong Pagar MRT Station,0.37 km
5,Five On Shenton (V On Shenton),Partially Furnished Condominium,484 sqft ,5 Shenton Way, Ready to move,1,1,"S$ 3,800 /mo",EW15 Tanjong Pagar MRT Station,0.37 km
6,Five On Shenton (V On Shenton),Partially Furnished Condominium,452 sqft ,5 Shenton Way, Ready to move,Studio,0,"S$ 3,300 /mo",EW15 Tanjong Pagar MRT Station,0.37 km
7,The Sail @ Marina Bay,Fully Furnished Apartment,775 sqft ,2 Marina Boulevard, Ready to move,1,1,"S$ 3,900 /mo",EW15 Tanjong Pagar MRT Station,0.95 km
8,Altez,Fully Furnished Condominium,840 sqft ,16 Enggor Street, Ready to move,1,1,"S$ 4,800 /mo",EW15 Tanjong Pagar MRT Station,0.33 km
9,Marina Bay Suites,Partially Furnished Apartment,2056 sqft ,3 Central Boulevard, Ready to move,4,4,"S$ 8,500 /mo",EW15 Tanjong Pagar MRT Station,0.83 km
10,The Sail @ Marina Bay,Fully Furnished Apartment,883 sqft ,2 Marina Boulevard, Ready to move,2,1,"S$ 5,200 /mo",EW15 Tanjong Pagar MRT Station,0.95 km
11,Icon,Fully Furnished Apartment,570 sqft ,10 Gopeng Street, Ready to move,1,1,"S$ 3,500 /mo",EW15 Tanjong Pagar MRT Station,0.19 km
12,Eon Shenton,Partially Furnished Condominium,1087 sqft ,70 Shenton Way, Ready to move,3,2,"S$ 5,900 /mo",EW15 Tanjong Pagar MRT Station,0.30 km
13,Five On Shenton (V On Shenton),Fully Furnished Condominium,947 sqft ,5 Shenton Way, Ready to move,2,2,"S$ 4,800 /mo",EW15 Tanjong Pagar MRT Station,0.37 km
14,The Sail @ Marina Bay,Fully Furnished Apartment,775 sqft ,2 Marina Boulevard, Ready to move,1,1,"S$ 3,900 /mo",EW15 Tanjong Pagar MRT Station,0.95 km
15,International Plaza,Fully Furnished Apartment,590 sqft ,10 Anson Road, Ready to move,1,1,"S$ 2,500 /mo",EW15 Tanjong Pagar MRT Station,0.07 km
16,Icon,Fully Furnished Apartment,904 sqft ,10 Gopeng Street, Ready to move,2,2,"S$ 4,850 /mo",EW15 Tanjong Pagar MRT Station,0.19 km
17,Lumiere,Partially Furnished Apartment,678 sqft ,2 Mistri Road, Ready to move,1,1,"S$ 3,200 /mo",EW15 Tanjong Pagar MRT Station,0.26 km
18,The Sail @ Marina Bay,Fully Furnished Apartment,614 sqft ,2 Marina Boulevard, Ready to move,1,1,"S$ 3,300 /mo",EW15 Tanjong Pagar MRT Station,0.95 km
19,Pearl Bank Apartment,Apartment,600 sqft ,1A Pearl Bank, S$ 2.50 psf,1,1,"S$ 1,500 /mo",EW15 Tanjong Pagar MRT Station,0.97 km
0,Five On Shenton (V On Shenton),Condominium,1098 sqft ,5 Shenton Way, Ready to move,2,2,"S$ 6,200 /mo",EW15 Tanjong Pagar MRT Station,0.37 km
1,3 Everton Park,HDB Apartment,140 sqft ,3 Everton Park, Ready to move,1,1,S$ 850 /mo,EW15 Tanjong Pagar MRT Station,0.81 km
2,The Sail @ Marina Bay,Fully Furnished Apartment,893 sqft ,2 Marina Boulevard, Ready to move,2,2,"S$ 4,800 /mo",EW15 Tanjong Pagar MRT Station,0.95 km
3,Five On Shenton (V On Shenton),Condominium,474 sqft ,5 Shenton Way, Ready to move,Studio,0,"S$ 3,300 /mo",EW15 Tanjong Pagar MRT Station,0.37 km
4,Eon Shenton,Unfurnished Condominium,1087 sqft ,70 Shenton Way, Ready to move,2,1,"S$ 5,500 /mo",EW15 Tanjong Pagar MRT Station,0.30 km
5,The Clift,Fully Furnished Apartment,829 sqft ,21 McCallum Street, Available from 12 Apr,1,1,"S$ 5,500 /mo",EW15 Tanjong Pagar MRT Station,0.37 km
6,Altez,Partially Furnished Condominium,1561 sqft ,16 Enggor Street, Ready to move,3,2,"S$ 8,900 /mo",EW15 Tanjong Pagar MRT Station,0.33 km
7,Altez,Partially Furnished Condominium,1109 sqft ,16 Enggor Street, Ready to move,2,2,"S$ 7,700 /mo",EW15 Tanjong Pagar MRT Station,0.33 km
8,The Beacon,Partially Furnished Condominium,1109 sqft ,130 Cantonment Road, Ready to move,2,2,"S$ 4,100 /mo",EW15 Tanjong Pagar MRT Station,0.59 km
9,Pinnacle @ Duxton,HDB Apartment,150 sqft ,1A Cantonment Road, Ready to move,Room,0,"S$ 2,200 /mo",EW15 Tanjong Pagar MRT Station,0.50 km
10,Icon,Fully Furnished Apartment,650 sqft ,10 Gopeng Street, S$ 6.15 psf,1,1,"S$ 4,000 /mo",EW15 Tanjong Pagar MRT Station,0.19 km
11,Skysuites @ Anson,Partially Furnished Condominium,699 sqft ,8 Enggor Street, Ready to move,2,2,"S$ 4,500 /mo",EW15 Tanjong Pagar MRT Station,0.33 km
12,One Shenton,Fully Furnished Condominium,1130 sqft ,1 Shenton Way, Ready to move,2,2,"S$ 5,400 /mo",EW15 Tanjong Pagar MRT Station,0.61 km
13,Emerald Garden,Fully Furnished Condominium,936 sqft ,(within 0.55 km), Ready to move,2,2,"S$ 3,600 /mo",EW15 Tanjong Pagar MRT Station,0.55 km
14,Skysuites @ Anson,Fully Furnished Condominium,398 sqft ,8 Enggor Street, Ready to move,1,1,"S$ 3,000 /mo",EW15 Tanjong Pagar MRT Station,0.33 km
15,Five On Shenton (V On Shenton),Fully Furnished Condominium,960 sqft ,5 Shenton Way, Ready to move,2,2,"S$ 5,000 /mo",EW15 Tanjong Pagar MRT Station,0.35 km
16,Icon,Apartment,1050 sqft ,10 Gopeng Street, Ready to move,2,2,"S$ 5,300 /mo",EW15 Tanjong Pagar MRT Station,0.19 km
17,Pearl Bank Apartment,Fully Furnished Apartment,400 sqft ,1 Pearl Bank, Ready to move,Studio,0,"S$ 1,400 /mo",EW15 Tanjong Pagar MRT Station,0.97 km
18,Five On Shenton (V On Shenton),Partially Furnished Condominium,1033 sqft ,5 Shenton Way, Ready to move,2,2,"S$ 4,500 /mo",EW15 Tanjong Pagar MRT Station,0.37 km
19,The Sail @ Marina Bay,Partially Furnished Apartment,1330 sqft ,2 Marina Boulevard, Ready to move,3,2,"S$ 6,500 /mo",EW15 Tanjong Pagar MRT Station,0.95 km
0,The Clift,Partially Furnished Apartment,786 sqft ,21 McCallum Street, Ready to move,1,1,"S$ 5,100 /mo",EW15 Tanjong Pagar MRT Station,0.37 km
1,The Sail @ Marina Bay,Fully Furnished Apartment,883 sqft ,2 Marina Boulevard, Ready to move,1,1,"S$ 4,600 /mo",EW15 Tanjong Pagar MRT Station,0.95 km
2,76 Shenton,Fully Furnished Apartment,624 sqft ,76 Shenton Way, Ready to move,1,1,"S$ 4,200 /mo",EW15 Tanjong Pagar MRT Station,0.34 km
3,Five On Shenton (V On Shenton),Partially Furnished Condominium,1528 sqft ,5 Shenton Way, Ready to move,3,2,"S$ 9,000 /mo",EW15 Tanjong Pagar MRT Station,0.37 km
4,Five On Shenton (V On Shenton),Partially Furnished Condominium,721 sqft ,5 Shenton Way, Ready to move,1,1,"S$ 4,800 /mo",EW15 Tanjong Pagar MRT Station,0.35 km
5,Altez,Fully Furnished Condominium,839 sqft ,16 Enggor Street, Ready to move,Studio,0,"S$ 4,900 /mo",EW15 Tanjong Pagar MRT Station,0.33 km
6,Skysuites @ Anson,Fully Furnished Condominium,398 sqft ,8 Enggor Street, Ready to move,1,1,"S$ 2,989 /mo",EW15 Tanjong Pagar MRT Station,0.33 km
7,Altez,Fully Furnished Condominium,527 sqft ,16 Enggor Street, Ready to move,1,1,"S$ 3,700 /mo",EW15 Tanjong Pagar MRT Station,0.33 km
8,Icon,Fully Furnished Apartment,1044 sqft ,10 Gopeng Street, Ready to move,2,2,"S$ 5,000 /mo",EW15 Tanjong Pagar MRT Station,0.19 km
9,Five On Shenton (V On Shenton),Partially Furnished Condominium,947 sqft ,5A Shenton Way, Ready to move,2,2,"S$ 4,799 /mo",EW15 Tanjong Pagar MRT Station,0.37 km
10,Five On Shenton (V On Shenton),Partially Furnished Condominium,441 sqft ,5A Shenton Way, Ready to move,1,1,"S$ 2,800 /mo",EW15 Tanjong Pagar MRT Station,0.37 km
11,Five On Shenton (V On Shenton),Partially Furnished Condominium,689 sqft ,5A Shenton Way, Ready to move,2,1,"S$ 3,700 /mo",EW15 Tanjong Pagar MRT Station,0.37 km
12,Five On Shenton (V On Shenton),Partially Furnished Condominium,743 sqft ,5A Shenton Way, Ready to move,1,1,"S$ 3,799 /mo",EW15 Tanjong Pagar MRT Station,0.37 km
13,Five On Shenton (V On Shenton),Partially Furnished Condominium,484 sqft ,5A Shenton Way, Ready to move,1,1,"S$ 2,800 /mo",EW15 Tanjong Pagar MRT Station,0.37 km
14,Five On Shenton (V On Shenton),Partially Furnished Condominium,474 sqft ,5A Shenton Way, Ready to move,Studio,0,"S$ 2,800 /mo",EW15 Tanjong Pagar MRT Station,0.37 km
15,Emerald Garden,Fully Furnished Condominium,969 sqft ,33 Club Street, Ready to move,2,2,"S$ 4,000 /mo",EW15 Tanjong Pagar MRT Station,0.55 km
16,Five On Shenton (V On Shenton),Partially Furnished Condominium,689 sqft ,5 Shenton Way, Ready to move,2,1,"S$ 4,200 /mo",EW15 Tanjong Pagar MRT Station,0.37 km
17,Five On Shenton (V On Shenton),Condominium,452 sqft ,5 Shenton Way, Ready to move,Studio,0,"S$ 3,000 /mo",EW15 Tanjong Pagar MRT Station,0.37 km
18,The Sail @ Marina Bay,Partially Furnished Apartment,2142 sqft ,2 Marina Boulevard, Ready to move,4,3,"S$ 9,800 /mo",EW15 Tanjong Pagar MRT Station,0.95 km
19,The Sail @ Marina Bay,Fully Furnished Apartment,592 sqft ,2 Marina Boulevard, S$ 6.08 psf,1,1,"S$ 3,600 /mo",EW15 Tanjong Pagar MRT Station,0.95 km
0,Altez,Fully Furnished Condominium,527 sqft ,16 Enggor Street, Ready to move,1,1,"S$ 4,200 /mo",EW15 Tanjong Pagar MRT Station,0.33 km
1,The Sail @ Marina Bay,Fully Furnished Apartment,592 sqft ,2 Marina Boulevard, Ready to move,1,1,"S$ 3,400 /mo",EW15 Tanjong Pagar MRT Station,0.90 km
2,Five On Shenton (V On Shenton),Partially Furnished Condominium,947 sqft ,5 Shenton Way, Ready to move,2,2,"S$ 4,500 /mo",EW15 Tanjong Pagar MRT Station,0.35 km
3,Skysuites @ Anson,Partially Furnished Condominium,1011 sqft ,8 Enggor Street, Ready to move,3,2,"S$ 6,550 /mo",EW15 Tanjong Pagar MRT Station,0.33 km
4,International Plaza,Apartment,1700 sqft ,10 Anson Road, Ready to move,3,2,"S$ 4,000 /mo",EW15 Tanjong Pagar MRT Station,0.10 km
5,One Shenton,Partially Furnished Apartment,829 sqft ,1 Shenton Way, Ready to move,1,1,"S$ 4,000 /mo",EW15 Tanjong Pagar MRT Station,0.61 km
6,Tanjong Pagar Plaza,Fully Furnished HDB Apartment,893 sqft ,(within 0.34 km), S$ 2.80 psf,3,1,"S$ 2,500 /mo",EW15 Tanjong Pagar MRT Station,0.34 km
7,7 Everton Park,Fully Furnished HDB Apartment,85 sqft ,7 Everton Park, Ready to move,Room,0,S$ 550 /mo,EW15 Tanjong Pagar MRT Station,0.73 km
8,Altez,Partially Furnished Condominium,840 sqft ,16 Enggor Street, S$ 8.21 psf,1,1,"S$ 6,900 /mo",EW15 Tanjong Pagar MRT Station,0.33 km
9,One Shenton,Apartment,829 sqft ,1 Shenton Way, Ready to move,1,1,"S$ 4,100 /mo",EW15 Tanjong Pagar MRT Station,0.61 km
10,Skysuites @ Anson,Fully Furnished Condominium,398 sqft ,8 Enggor Street, Ready to move,1,1,"S$ 2,990 /mo",EW15 Tanjong Pagar MRT Station,0.33 km
11,Eon Shenton,Fully Furnished Condominium,980 sqft ,70 Shenton Way, Ready to move,3,2,"S$ 7,000 /mo",EW15 Tanjong Pagar MRT Station,0.30 km
12,Five On Shenton (V On Shenton),Apartment,1205 sqft ,5 Shenton Way, Ready to move,2,2,"S$ 5,000 /mo",EW15 Tanjong Pagar MRT Station,0.35 km
13,Five On Shenton (V On Shenton),Partially Furnished Condominium,1055 sqft ,5A Shenton Way, Ready to move,2,2,"S$ 5,800 /mo",EW15 Tanjong Pagar MRT Station,0.37 km
14,One Shenton,Fully Furnished Apartment,581 sqft ,1 Shenton Way, Ready to move,1,1,"S$ 3,650 /mo",EW15 Tanjong Pagar MRT Station,0.61 km
15,The Sail @ Marina Bay,Fully Furnished Apartment,861 sqft ,6 Marina Boulevard, Ready to move,2,2,"S$ 4,200 /mo",EW15 Tanjong Pagar MRT Station,0.95 km
16,One Shenton,Fully Furnished Apartment,850 sqft ,1 Shenton Way, Available from 1 Dec,1,1,"S$ 4,300 /mo",EW15 Tanjong Pagar MRT Station,0.61 km
17,533 Upper Cross Street,Fully Furnished HDB Apartment,700 sqft ,533 Upper Cross Street, Ready to move,2,2,"S$ 2,300 /mo",EW15 Tanjong Pagar MRT Station,0.93 km
18,The Sail @ Marina Bay,Fully Furnished Apartment,775 sqft ,2 Marina Boulevard, Ready to move,1,1,"S$ 3,900 /mo",EW15 Tanjong Pagar MRT Station,0.95 km
19,Altez,Condominium,1561 sqft ,16 Enggor Street, Ready to move,3,4,"S$ 8,900 /mo",EW15 Tanjong Pagar MRT Station,0.33 km
0,Altez,Condominium,1109 sqft ,16 Enggor Street, Ready to move,2,2,"S$ 7,700 /mo",EW15 Tanjong Pagar MRT Station,0.33 km
1,The Sail @ Marina Bay,Partially Furnished Apartment,1389 sqft ,6 Marina Boulevard, Ready to move,3,2,"S$ 6,499 /mo",EW15 Tanjong Pagar MRT Station,0.95 km
2,Pearl Bank Apartment,Apartment,280 sqft ,1 Pearl Bank, Ready to move,Room,0,"S$ 1,200 /mo",EW15 Tanjong Pagar MRT Station,0.97 km
3,The Clift,Fully Furnished Apartment,829 sqft ,21 McCallum Street, Ready to move,1,1,"S$ 5,500 /mo",EW15 Tanjong Pagar MRT Station,0.37 km
4,Altez,Partially Furnished Condominium,1668 sqft ,16 Enggor Street, Ready to move,3,2,"S$ 9,000 /mo",EW15 Tanjong Pagar MRT Station,0.33 km
5,Five On Shenton (V On Shenton),Fully Furnished Condominium,474 sqft ,5 Shenton Way, Ready to move,Studio,0,"S$ 3,988 /mo",EW15 Tanjong Pagar MRT Station,0.37 km
6,Five On Shenton (V On Shenton),Partially Furnished Condominium,1527 sqft ,5A Shenton Way, Ready to move,3,2,"S$ 6,200 /mo",EW15 Tanjong Pagar MRT Station,0.37 km
7,The Sail @ Marina Bay,Apartment,883 sqft ,2 Marina Boulevard, Ready to move,2,2,"S$ 4,900 /mo",EW15 Tanjong Pagar MRT Station,0.95 km
8,Skysuites @ Anson,Fully Furnished Condominium,398 sqft ,8 Enggor Street, Ready to move,1,1,"S$ 2,900 /mo",EW15 Tanjong Pagar MRT Station,0.33 km
9,Marina Bay Suites,Condominium,1572 sqft ,3 Central Boulevard, S$ 4.77 psf,3,0,"S$ 7,500 /mo",EW15 Tanjong Pagar MRT Station,0.83 km
10,18 Cantonment Close,Fully Furnished HDB Apartment,120 sqft ,18 Cantonment Close, Ready to move,1,1,S$ 650 /mo,EW15 Tanjong Pagar MRT Station,0.75 km
11,One Shenton,Partially Furnished Apartment,1001 sqft ,1 Shenton Way, Ready to move,2,1,"S$ 4,800 /mo",EW15 Tanjong Pagar MRT Station,0.61 km
12,Eon Shenton,Partially Furnished Condominium,538 sqft ,70 Shenton Way, Ready to move,2,1,"S$ 4,500 /mo",EW15 Tanjong Pagar MRT Station,0.30 km
13,The Clift,Fully Furnished Apartment,753 sqft ,21 McCallum Street, Ready to move,1,1,"S$ 5,000 /mo",EW15 Tanjong Pagar MRT Station,0.37 km
14,One Shenton,Partially Furnished Apartment,581 sqft ,1 Shenton Way, Ready to move,1,1,"S$ 3,200 /mo",EW15 Tanjong Pagar MRT Station,0.61 km
15,7 Tanjong Pagar Plaza,Fully Furnished HDB Apartment,100 sqft ,7 Tanjong Pagar Plaza, Ready to move,Room,0,S$ 900 /mo,EW15 Tanjong Pagar MRT Station,0.29 km
16,The Clift,Fully Furnished Apartment,495 sqft ,21 McCallum Street, Ready to move,1,1,"S$ 3,200 /mo",EW15 Tanjong Pagar MRT Station,0.37 km
17,Altez,Partially Furnished Condominium,1658 sqft ,16 Enggor Street, Ready to move,3,3,"S$ 8,900 /mo",EW15 Tanjong Pagar MRT Station,0.33 km
18,The Clift,Fully Furnished Apartment,775 sqft ,21 McCallum Street, Ready to move,1,1,"S$ 5,100 /mo",EW15 Tanjong Pagar MRT Station,0.37 km
19,Pearl Bank Apartment,Partially Furnished Apartment,400 sqft ,1A Pearl Bank, Ready to move,Studio,0,"S$ 2,000 /mo",EW15 Tanjong Pagar MRT Station,0.97 km
0,The Clift,Fully Furnished Apartment,786 sqft ,21 McCallum Street, Ready to move,1,1,"S$ 5,100 /mo",EW15 Tanjong Pagar MRT Station,0.37 km
1,The Clift,Fully Furnished Apartment,753 sqft ,21 McCallum Street, Ready to move,Studio,0,"S$ 5,200 /mo",EW15 Tanjong Pagar MRT Station,0.37 km
2,Mosque Street,Partially Furnished Shophouse,530 sqft ,Mosque Street, S$ 6.60 psf,1,1,"S$ 3,500 /mo",EW15 Tanjong Pagar MRT Station,0.89 km
3,Five On Shenton (V On Shenton),Fully Furnished Condominium,474 sqft ,5 Shenton Way, Ready to move,Studio,0,"S$ 3,500 /mo",EW15 Tanjong Pagar MRT Station,0.37 km
4,Five On Shenton (V On Shenton),Partially Furnished Condominium,721 sqft ,5A Shenton Way, Ready to move,1,1,"S$ 4,000 /mo",EW15 Tanjong Pagar MRT Station,0.37 km
5,Five On Shenton (V On Shenton),Partially Furnished Condominium,1300 sqft ,5 Shenton Way, Ready to move,3,2,"S$ 6,600 /mo",EW15 Tanjong Pagar MRT Station,0.37 km
6,Five On Shenton (V On Shenton),Condominium,1033 sqft ,5 Shenton Way, Ready to move,3,2,"S$ 5,100 /mo",EW15 Tanjong Pagar MRT Station,0.37 km
7,Five On Shenton (V On Shenton),Partially Furnished Condominium,1032 sqft ,5 Shenton Way, Ready to move,3,2,"S$ 5,100 /mo",EW15 Tanjong Pagar MRT Station,0.37 km
8,Five On Shenton (V On Shenton),Partially Furnished Condominium,720 sqft ,5 Shenton Way, Ready to move,2,1,"S$ 3,750 /mo",EW15 Tanjong Pagar MRT Station,0.37 km
9,Five On Shenton (V On Shenton),Partially Furnished Condominium,710 sqft ,5 Shenton Way, Ready to move,2,1,"S$ 3,700 /mo",EW15 Tanjong Pagar MRT Station,0.37 km
10,Five On Shenton (V On Shenton),Partially Furnished Condominium,1000 sqft ,5 Shenton Way, Ready to move,2,2,"S$ 4,750 /mo",EW15 Tanjong Pagar MRT Station,0.37 km
11,Five On Shenton (V On Shenton),Partially Furnished Condominium,1001 sqft ,5 Shenton Way, Ready to move,2,2,"S$ 4,700 /mo",EW15 Tanjong Pagar MRT Station,0.37 km
12,Five On Shenton (V On Shenton),Condominium,474 sqft ,5 Shenton Way, Ready to move,1,1,"S$ 3,000 /mo",EW15 Tanjong Pagar MRT Station,0.37 km
13,Five On Shenton (V On Shenton),Partially Furnished Condominium,460 sqft ,5 Shenton Way, Ready to move,1,1,"S$ 3,050 /mo",EW15 Tanjong Pagar MRT Station,0.37 km
14,Pearl Bank Apartment,Fully Furnished Apartment,200 sqft ,1 Pearl Bank, Ready to move,Room,0,"S$ 1,100 /mo",EW15 Tanjong Pagar MRT Station,0.97 km
15,Altez,Partially Furnished Condominium,1173 sqft ,16 Enggor Street, Ready to move,2,2,"S$ 7,700 /mo",EW15 Tanjong Pagar MRT Station,0.33 km
16,Robinson Suites,Partially Furnished Condominium,495 sqft ,50 Robinson Road, Ready to move,1,1,"S$ 2,899 /mo",EW15 Tanjong Pagar MRT Station,0.67 km
17,The Clift,Apartment,786 sqft ,21 McCallum Street, Ready to move,1,1,"S$ 5,100 /mo",EW15 Tanjong Pagar MRT Station,0.37 km
18,Dorsett Residences,Partially Furnished Condominium,484 sqft ,333 New Bridge Road, S$ 7.44 psf,1,1,"S$ 3,600 /mo",EW15 Tanjong Pagar MRT Station,0.75 km
19,Robinson Suites,Fully Furnished Condominium,495 sqft ,50 Robinson Road, Ready to move,1,1,"S$ 3,000 /mo",EW15 Tanjong Pagar MRT Station,0.67 km
0,Icon Village,Partially Furnished Condominium,657 sqft ,12 Gopeng Street, Ready to move,1,1,"S$ 3,700 /mo",EW15 Tanjong Pagar MRT Station,0.21 km
1,Altez,Fully Furnished Condominium,1109 sqft ,16 Enggor Street, Ready to move,2,2,"S$ 6,800 /mo",EW15 Tanjong Pagar MRT Station,0.33 km
2,Eon Shenton,Condominium,538 sqft ,70 Shenton Way, S$ 7.62 psf,2,1,"S$ 4,100 /mo",EW15 Tanjong Pagar MRT Station,0.30 km
3,Marina Bay Residences,Partially Furnished Condominium,1100 sqft ,18 Marina Boulevard, Ready to move,2,2,"S$ 6,500 /mo",EW15 Tanjong Pagar MRT Station,0.94 km
4,Altez,Partially Furnished Condominium,1109 sqft ,16 Enggor Street, Ready to move,2,1,"S$ 7,500 /mo",EW15 Tanjong Pagar MRT Station,0.33 km
5,The Clift,Fully Furnished Apartment,775 sqft ,21 McCallum Street, Ready to move,1,1,"S$ 5,100 /mo",EW15 Tanjong Pagar MRT Station,0.37 km
6,Altez,Partially Furnished Condominium,1658 sqft ,16 Enggor Street, Ready to move,3,1,"S$ 8,900 /mo",EW15 Tanjong Pagar MRT Station,0.33 km
7,Icon,Fully Furnished Apartment,559 sqft ,10 Gopeng Street, Ready to move,1,1,"S$ 3,400 /mo",EW15 Tanjong Pagar MRT Station,0.19 km
8,Emerald Garden,Partially Furnished Condominium,830 sqft ,33 Club Street, Ready to move,2,2,"S$ 4,000 /mo",EW15 Tanjong Pagar MRT Station,0.55 km
9,2 Tanjong Pagar Plaza,Fully Furnished HDB Apartment,700 sqft ,2 Tanjong Pagar Plaza, Ready to move,2,1,"S$ 2,200 /mo",EW15 Tanjong Pagar MRT Station,0.38 km
10,Five On Shenton (V On Shenton),Unfurnished Condominium,883 sqft ,5 Shenton Way, Ready to move,2,2,"S$ 4,900 /mo",EW15 Tanjong Pagar MRT Station,0.37 km
11,Eon Shenton,Condominium,538 sqft ,70 Shenton Way, Ready to move,2,1,"S$ 4,500 /mo",EW15 Tanjong Pagar MRT Station,0.30 km
12,Icon,Fully Furnished Apartment,560 sqft ,10 Gopeng Street, Ready to move,1,1,"S$ 2,900 /mo",EW15 Tanjong Pagar MRT Station,0.19 km
13,International Plaza,Partially Furnished Apartment,1378 sqft ,10 Anson Road, Ready to move,3,3,"S$ 4,399 /mo",EW15 Tanjong Pagar MRT Station,0.07 km
14,Five On Shenton (V On Shenton),Fully Furnished Apartment,452 sqft ,5A Shenton Way, Ready to move,Studio,0,"S$ 3,200 /mo",EW15 Tanjong Pagar MRT Station,0.37 km
15,Emerald Garden,Fully Furnished Condominium,936 sqft ,33 Club Street, Ready to move,2,2,"S$ 3,900 /mo",EW15 Tanjong Pagar MRT Station,0.55 km
16,The Sail @ Marina Bay,Partially Furnished Apartment,893 sqft ,2 Marina Boulevard, Ready to move,2,2,"S$ 4,500 /mo",EW15 Tanjong Pagar MRT Station,0.95 km
17,Marina Bay Residences,Partially Furnished Condominium,1055 sqft ,18 Marina Boulevard, Ready to move,2,2,"S$ 6,800 /mo",EW15 Tanjong Pagar MRT Station,0.94 km
18,The Sail @ Marina Bay,Fully Furnished Apartment,657 sqft ,2 Marina Boulevard, Ready to move,1,1,"S$ 3,500 /mo",EW15 Tanjong Pagar MRT Station,0.95 km
19,Altez,Partially Furnished Condominium,1658 sqft ,16 Enggor Street, Ready to move,3,3,"S$ 8,000 /mo",EW15 Tanjong Pagar MRT Station,0.33 km
0,76 Shenton,Fully Furnished Condominium,624 sqft ,76 Shenton Way, Ready to move,1,1,"S$ 3,500 /mo",EW15 Tanjong Pagar MRT Station,0.34 km
1,Marina Bay Residences,Fully Furnished Condominium,732 sqft ,18 Marina Boulevard, Ready to move,1,1,"S$ 5,600 /mo",EW15 Tanjong Pagar MRT Station,0.94 km
2,Five On Shenton (V On Shenton),Partially Furnished Condominium,441 sqft ,5 Shenton Way, Ready to move,Studio,0,"S$ 3,500 /mo",EW15 Tanjong Pagar MRT Station,0.35 km
3,One Shenton,Fully Furnished Apartment,527 sqft ,1 Shenton Way, Ready to move,1,1,"S$ 3,800 /mo",EW15 Tanjong Pagar MRT Station,0.61 km
4,The Sail @ Marina Bay,Fully Furnished Apartment,883 sqft ,2 Marina Boulevard, Ready to move,2,2,"S$ 4,400 /mo",EW15 Tanjong Pagar MRT Station,0.95 km
5,The Sail @ Marina Bay,Partially Furnished Apartment,624 sqft ,2 Marina Boulevard, S$ 5.85 psf,1,1,"S$ 3,650 /mo",EW15 Tanjong Pagar MRT Station,0.95 km
6,Icon,Fully Furnished Apartment,581 sqft ,10 Gopeng Street, Ready to move,1,1,"S$ 3,300 /mo",EW15 Tanjong Pagar MRT Station,0.19 km
7,Pinnacle @ Duxton,Fully Furnished HDB Apartment,998 sqft ,1E Cantonment Road, S$ 3.51 psf,3,2,"S$ 3,500 /mo",EW15 Tanjong Pagar MRT Station,0.50 km
8,The Sail @ Marina Bay,Partially Furnished Apartment,667 sqft ,2 Marina Boulevard, S$ 5.40 psf,1,1,"S$ 3,600 /mo",EW15 Tanjong Pagar MRT Station,0.95 km
9,Pearl Bank Apartment,Fully Furnished Apartment,120 sqft ,1 Pearl Bank, Ready to move,Room,0,"S$ 1,000 /mo",EW15 Tanjong Pagar MRT Station,0.97 km
10,Skysuites @ Anson,Fully Furnished Condominium,365 sqft ,8 Enggor Street, S$ 8.22 psf,1,1,"S$ 3,000 /mo",EW15 Tanjong Pagar MRT Station,0.33 km
11,The Sail @ Marina Bay,Fully Furnished Apartment,861 sqft ,2 Marina Boulevard, S$ 6.16 psf,2,2,"S$ 5,300 /mo",EW15 Tanjong Pagar MRT Station,0.95 km
12,The Clift,Fully Furnished Apartment,807 sqft ,21 McCallum Street, S$ 5.70 psf,1,1,"S$ 4,600 /mo",EW15 Tanjong Pagar MRT Station,0.37 km
13,Onze @ Tanjong Pagar,Fully Furnished Apartment,506 sqft ,11 Kee Seng Street, S$ 6.72 psf,1,1,"S$ 3,400 /mo",EW15 Tanjong Pagar MRT Station,0.45 km
14,Skysuites @ Anson,Partially Furnished Condominium,365 sqft ,8 Enggor Street, S$ 7.95 psf,1,1,"S$ 2,900 /mo",EW15 Tanjong Pagar MRT Station,0.33 km
15,Icon,Fully Furnished Apartment,1076 sqft ,10 Gopeng Street, S$ 4.65 psf,2,2,"S$ 5,000 /mo",EW15 Tanjong Pagar MRT Station,0.19 km
16,International Plaza,Condominium,1604 sqft ,10 Anson Road, S$ 3.30 psf,3,3,"S$ 5,300 /mo",EW15 Tanjong Pagar MRT Station,0.10 km
17,The Sail @ Marina Bay,Fully Furnished Apartment,592 sqft ,2 Marina Boulevard, S$ 6.25 psf,1,1,"S$ 3,700 /mo",EW15 Tanjong Pagar MRT Station,0.95 km
18,13 Cantonment Close,Partially Furnished HDB Apartment,984 sqft ,13 Cantonment Close, S$ 3.03 psf,3,2,"S$ 2,980 /mo",EW15 Tanjong Pagar MRT Station,0.62 km
19,The Beacon,Partially Furnished Apartment,969 sqft ,130 Cantonment Road, S$ 4.33 psf,2,2,"S$ 4,200 /mo",EW15 Tanjong Pagar MRT Station,0.59 km
0,Icon,Partially Furnished Apartment,915 sqft ,10 Gopeng Street, S$ 4.80 psf,2,2,"S$ 4,388 /mo",EW15 Tanjong Pagar MRT Station,0.19 km
1,76 Shenton,Fully Furnished Apartment,624 sqft ,76 Shenton Way, S$ 6.73 psf,1,1,"S$ 4,200 /mo",EW15 Tanjong Pagar MRT Station,0.34 km
2,The Clift,Partially Furnished Apartment,775 sqft ,21 McCallum Street, S$ 5.42 psf,2,2,"S$ 4,200 /mo",EW15 Tanjong Pagar MRT Station,0.37 km
3,Pinnacle @ Duxton,Partially Furnished HDB Apartment,1181 sqft ,1E Cantonment Road, S$ 2.96 psf,3,2,"S$ 3,500 /mo",EW15 Tanjong Pagar MRT Station,0.50 km
4,76 Shenton,Partially Furnished Apartment,624 sqft ,76 Shenton Way, S$ 6.73 psf,1,1,"S$ 4,200 /mo",EW15 Tanjong Pagar MRT Station,0.34 km
5,76 Shenton,Fully Furnished Apartment,624 sqft ,76 Shenton Way, S$ 6.57 psf,1,1,"S$ 4,100 /mo",EW15 Tanjong Pagar MRT Station,0.34 km
6,Marina Bay Residences,Unfurnished Condominium,1625 sqft ,18 Marina Boulevard, S$ 5.23 psf,3,2,"S$ 8,500 /mo",EW15 Tanjong Pagar MRT Station,0.94 km
7,The Sail @ Marina Bay,Fully Furnished Apartment,861 sqft ,2 Marina Boulevard, S$ 5.23 psf,2,2,"S$ 4,500 /mo",EW15 Tanjong Pagar MRT Station,0.95 km
8,The Clift,Fully Furnished Apartment,775 sqft ,21 McCallum Street, S$ 5.81 psf,2,2,"S$ 4,500 /mo",EW15 Tanjong Pagar MRT Station,0.37 km
9,Pinnacle @ Duxton,Fully Furnished HDB Apartment,1012 sqft ,1 Cantonment Road, S$ 3.46 psf,3,2,"S$ 3,500 /mo",EW15 Tanjong Pagar MRT Station,0.50 km
10,Pearl Bank Apartment,Apartment,1365 sqft ,1 Pearl Bank, S$ 2.34 psf,2,2,"S$ 3,200 /mo",EW15 Tanjong Pagar MRT Station,0.97 km
11,3 Tanjong Pagar Plaza,Partially Furnished HDB Apartment,635 sqft ,3 Tanjong Pagar Plaza, S$ 3.94 psf,2,1,"S$ 2,500 /mo",EW15 Tanjong Pagar MRT Station,0.40 km
12,International Plaza,Fully Furnished Apartment,732 sqft ,10 Anson Road, S$ 4.10 psf,1,1,"S$ 3,000 /mo",EW15 Tanjong Pagar MRT Station,0.07 km
13,The Sail @ Marina Bay,Partially Furnished Apartment,861 sqft ,2 Marina Boulevard, S$ 6.16 psf,2,2,"S$ 5,300 /mo",EW15 Tanjong Pagar MRT Station,0.95 km
14,The Clift,Partially Furnished Apartment,775 sqft ,21 McCallum Street, S$ 5.94 psf,2,1,"S$ 4,600 /mo",EW15 Tanjong Pagar MRT Station,0.37 km
15,The Sail @ Marina Bay,Fully Furnished Apartment,614 sqft ,2 Marina Boulevard, S$ 6.03 psf,1,1,"S$ 3,700 /mo",EW15 Tanjong Pagar MRT Station,0.95 km
16,The Sail @ Marina Bay,Fully Furnished Apartment,250 sqft ,2 Marina Boulevard, S$ 15.20 psf,Studio,0,"S$ 3,800 /mo",EW15 Tanjong Pagar MRT Station,0.95 km
