0,280 Toh Guan Road,Fully Furnished HDB Apartment,1080 sqft ,280 Toh Guan Road, Ready to move,3,2,"S$ 2,250 /mo",EW24 Jurong East MRT Station,0.95 km
1,J Gateway,Partially Furnished Condominium,689 sqft ,6 Gateway Drive, Available from 21 May,2,2,"S$ 2,900 /mo",EW24 Jurong East MRT Station,0.17 km
2,J Gateway,Fully Furnished Condominium,678 sqft ,6 Gateway Drive, Ready to move,2,2,"S$ 3,300 /mo",EW24 Jurong East MRT Station,0.17 km
3,272 Toh Guan Road,Fully Furnished HDB Apartment,1291 sqft ,272 Toh Guan Road, Ready to move,3,2,"S$ 2,500 /mo",EW24 Jurong East MRT Station,0.98 km
4,Westmere,Fully Furnished Condominium,1249 sqft ,77 Jurong East Street 13, Ready to move,3,3,"S$ 3,200 /mo",EW24 Jurong East MRT Station,0.63 km
5,270 Toh Guan Road,Fully Furnished HDB Apartment,1292 sqft ,270 Toh Guan Road, Ready to move,3,2,"S$ 2,350 /mo",EW24 Jurong East MRT Station,0.92 km
6,J Gateway,Partially Furnished Condominium,495 sqft ,2 Gateway Drive, Ready to move,1,1,"S$ 2,650 /mo",EW24 Jurong East MRT Station,0.17 km
7,J Gateway,Fully Furnished Condominium,474 sqft ,2 Gateway Drive, Ready to move,1,1,"S$ 2,400 /mo",EW24 Jurong East MRT Station,0.17 km
8,113 Jurong East Street 13,HDB Apartment,900 sqft ,113 Jurong East Street 13, Ready to move,2,2,"S$ 2,000 /mo",EW24 Jurong East MRT Station,0.88 km
9,J Gateway,Fully Furnished Condominium,474 sqft ,2 Gateway Drive, Available from 1 Jun,1,1,"S$ 2,500 /mo",EW24 Jurong East MRT Station,0.17 km
10,265 Toh Guan Road,Fully Furnished HDB Apartment,1100 sqft ,265 Toh Guan Road, Ready to move,3,2,"S$ 2,300 /mo",EW24 Jurong East MRT Station,0.79 km
11,J Gateway,Fully Furnished Condominium,743 sqft ,2 Gateway Drive, Ready to move,2,2,"S$ 3,199 /mo",EW24 Jurong East MRT Station,0.17 km
12,J Gateway,Condominium,947 sqft ,2 Gateway Drive, Available from 31 May,3,2,"S$ 3,600 /mo",EW24 Jurong East MRT Station,0.17 km
13,J Gateway,Condominium,947 sqft ,2 Gateway Drive, Available from 10 Jun,3,2,"S$ 3,600 /mo",EW24 Jurong East MRT Station,0.17 km
14,J Gateway,Partially Furnished Condominium,603 sqft ,2 Gateway Drive, Ready to move,2,1,"S$ 2,800 /mo",EW24 Jurong East MRT Station,0.17 km
15,271 Toh Guan Road,Partially Furnished HDB Apartment,1291 sqft ,271 Toh Guan Road, Ready to move,3,2,"S$ 2,000 /mo",EW24 Jurong East MRT Station,0.96 km
16,238 Jurong East Street 21,Fully Furnished HDB Apartment,1291 sqft ,238 Jurong East Street 21, Available from 1 May,3,2,"S$ 2,500 /mo",EW24 Jurong East MRT Station,0.73 km
17,J Gateway,Fully Furnished Condominium,473 sqft ,2 Gateway Drive, Ready to move,1,1,"S$ 2,950 /mo",EW24 Jurong East MRT Station,0.17 km
18,104 Jurong East Street 13,Partially Furnished HDB Apartment,732 sqft ,104 Jurong East Street 13, Ready to move,2,2,"S$ 1,880 /mo",EW24 Jurong East MRT Station,0.51 km
19,113 Jurong East Street 13,Fully Furnished HDB Apartment,1011 sqft ,113 Jurong East Street 13, Ready to move,3,2,"S$ 2,000 /mo",EW24 Jurong East MRT Station,0.88 km
0,280 Toh Guan Road,Fully Furnished HDB Apartment,1080 sqft ,280 Toh Guan Road, Ready to move,3,2,"S$ 2,250 /mo",EW24 Jurong East MRT Station,0.95 km
1,J Gateway,Partially Furnished Condominium,689 sqft ,6 Gateway Drive, Available from 21 May,2,2,"S$ 2,900 /mo",EW24 Jurong East MRT Station,0.17 km
2,J Gateway,Fully Furnished Condominium,678 sqft ,6 Gateway Drive, Ready to move,2,2,"S$ 3,300 /mo",EW24 Jurong East MRT Station,0.17 km
3,272 Toh Guan Road,Fully Furnished HDB Apartment,1291 sqft ,272 Toh Guan Road, Ready to move,3,2,"S$ 2,500 /mo",EW24 Jurong East MRT Station,0.98 km
4,Westmere,Fully Furnished Condominium,1249 sqft ,77 Jurong East Street 13, Ready to move,3,3,"S$ 3,200 /mo",EW24 Jurong East MRT Station,0.63 km
5,270 Toh Guan Road,Fully Furnished HDB Apartment,1292 sqft ,270 Toh Guan Road, Ready to move,3,2,"S$ 2,350 /mo",EW24 Jurong East MRT Station,0.92 km
6,J Gateway,Partially Furnished Condominium,495 sqft ,2 Gateway Drive, Ready to move,1,1,"S$ 2,650 /mo",EW24 Jurong East MRT Station,0.17 km
7,J Gateway,Fully Furnished Condominium,474 sqft ,2 Gateway Drive, Ready to move,1,1,"S$ 2,400 /mo",EW24 Jurong East MRT Station,0.17 km
8,113 Jurong East Street 13,HDB Apartment,900 sqft ,113 Jurong East Street 13, Ready to move,2,2,"S$ 2,000 /mo",EW24 Jurong East MRT Station,0.88 km
9,J Gateway,Fully Furnished Condominium,474 sqft ,2 Gateway Drive, Available from 1 Jun,1,1,"S$ 2,500 /mo",EW24 Jurong East MRT Station,0.17 km
10,265 Toh Guan Road,Fully Furnished HDB Apartment,1100 sqft ,265 Toh Guan Road, Ready to move,3,2,"S$ 2,300 /mo",EW24 Jurong East MRT Station,0.79 km
11,J Gateway,Fully Furnished Condominium,743 sqft ,2 Gateway Drive, Ready to move,2,2,"S$ 3,199 /mo",EW24 Jurong East MRT Station,0.17 km
12,J Gateway,Condominium,947 sqft ,2 Gateway Drive, Available from 31 May,3,2,"S$ 3,600 /mo",EW24 Jurong East MRT Station,0.17 km
13,J Gateway,Condominium,947 sqft ,2 Gateway Drive, Available from 10 Jun,3,2,"S$ 3,600 /mo",EW24 Jurong East MRT Station,0.17 km
14,J Gateway,Partially Furnished Condominium,603 sqft ,2 Gateway Drive, Ready to move,2,1,"S$ 2,800 /mo",EW24 Jurong East MRT Station,0.17 km
15,271 Toh Guan Road,Partially Furnished HDB Apartment,1291 sqft ,271 Toh Guan Road, Ready to move,3,2,"S$ 2,000 /mo",EW24 Jurong East MRT Station,0.96 km
16,238 Jurong East Street 21,Fully Furnished HDB Apartment,1291 sqft ,238 Jurong East Street 21, Available from 1 May,3,2,"S$ 2,500 /mo",EW24 Jurong East MRT Station,0.73 km
17,J Gateway,Fully Furnished Condominium,473 sqft ,2 Gateway Drive, Ready to move,1,1,"S$ 2,950 /mo",EW24 Jurong East MRT Station,0.17 km
18,104 Jurong East Street 13,Partially Furnished HDB Apartment,732 sqft ,104 Jurong East Street 13, Ready to move,2,2,"S$ 1,880 /mo",EW24 Jurong East MRT Station,0.51 km
19,113 Jurong East Street 13,Fully Furnished HDB Apartment,1011 sqft ,113 Jurong East Street 13, Ready to move,3,2,"S$ 2,000 /mo",EW24 Jurong East MRT Station,0.88 km
0,287B Jurong East Street 21,Partially Furnished HDB Apartment,1550 sqft ,287B Jurong East Street 21, Ready to move,4,2,"S$ 2,650 /mo",EW24 Jurong East MRT Station,0.54 km
1,Ivory Heights,Fully Furnished Condominium,100 sqft ,Jurong East Street 13, Ready to move,Room,0,S$ 700 /mo,EW24 Jurong East MRT Station,0.52 km
2,J Gateway,Fully Furnished Condominium,495 sqft ,2 Gateway Drive, Ready to move,1,1,"S$ 2,200 /mo",EW24 Jurong East MRT Station,0.17 km
3,Ivory Heights,Partially Furnished Condominium,1688 sqft ,122 Jurong East Street 13, Ready to move,3,2,"S$ 2,600 /mo",EW24 Jurong East MRT Station,0.52 km
4,J Gateway,Fully Furnished Condominium,969 sqft ,2 Gateway Drive, Available from 1 Jun,3,2,"S$ 3,800 /mo",EW24 Jurong East MRT Station,0.17 km
5,J Gateway,Partially Furnished Condominium,495 sqft ,6 Gateway Drive, Available from 20 Apr,1,1,"S$ 2,588 /mo",EW24 Jurong East MRT Station,0.17 km
6,106 Jurong East Street 13,Fully Furnished HDB Apartment,1290 sqft ,106 Jurong East Street 13, Available from 16 May,3,2,"S$ 2,400 /mo",EW24 Jurong East MRT Station,0.55 km
7,Westmere,Fully Furnished Apartment,1098 sqft ,Jurong East St 13, Ready to move,3,2,"S$ 2,500 /mo",EW24 Jurong East MRT Station,0.72 km
8,J Gateway,Partially Furnished Condominium,517 sqft ,6 Gateway Drive, S$ 4.64 psf,1,1,"S$ 2,400 /mo",EW24 Jurong East MRT Station,0.17 km
9,J Gateway,Partially Furnished Condominium,603 sqft ,2 Gateway Drive, Ready to move,2,1,"S$ 3,000 /mo",EW24 Jurong East MRT Station,0.17 km
10,J Gateway,Partially Furnished Condominium,474 sqft ,2 Gateway Drive, S$ 5.27 psf,1,1,"S$ 2,500 /mo",EW24 Jurong East MRT Station,0.17 km
11,272 Toh Guan Road,Partially Furnished HDB Apartment,1292 sqft ,272 Toh Guan Road, Ready to move,3,2,"S$ 2,250 /mo",EW24 Jurong East MRT Station,0.98 km
12,Ivory Heights,Fully Furnished Condominium,700 sqft ,124 Jurong East Street 13, S$ 3.14 psf,2,1,"S$ 2,200 /mo",EW24 Jurong East MRT Station,0.52 km
13,J Gateway,Partially Furnished Condominium,495 sqft ,2 Gateway Drive, Ready to move,1,1,"S$ 2,700 /mo",EW24 Jurong East MRT Station,0.17 km
14,J Gateway,Unfurnished Condominium,505 sqft ,2 Gateway Drive, Available from 28 Apr,1,1,"S$ 2,300 /mo",EW24 Jurong East MRT Station,0.17 km
15,Ivory Heights,Fully Furnished Apartment,1700 sqft ,Jurong East Street 13, Ready to move,3,2,"S$ 2,500 /mo",EW24 Jurong East MRT Station,0.52 km
16,Ivory Heights,Partially Furnished Condominium,1690 sqft ,Jurong East Street 13, Ready to move,3,2,"S$ 2,800 /mo",EW24 Jurong East MRT Station,0.52 km
17,J Gateway,Fully Furnished Condominium,517 sqft ,6 Gateway Drive, Ready to move,1,1,"S$ 2,700 /mo",EW24 Jurong East MRT Station,0.17 km
18,J Gateway,Condominium,506 sqft ,2 Gateway Drive, Ready to move,1,1,"S$ 2,400 /mo",EW24 Jurong East MRT Station,0.17 km
19,207 Jurong East Street 21,Fully Furnished HDB Apartment,721 sqft ,207 Jurong East Street 21, Ready to move,2,2,"S$ 2,200 /mo",EW24 Jurong East MRT Station,0.43 km
0,J Gateway,Fully Furnished Condominium,495 sqft ,2 Gateway Drive, Available from 1 May,1,1,"S$ 2,400 /mo",EW24 Jurong East MRT Station,0.17 km
1,J Gateway,Fully Furnished Condominium,743 sqft ,2 Gateway Drive, Ready to move,2,2,"S$ 3,200 /mo",EW24 Jurong East MRT Station,0.17 km
2,J Gateway,Fully Furnished Condominium,474 sqft ,2 Gateway Drive, Ready to move,Studio,0,"S$ 2,500 /mo",EW24 Jurong East MRT Station,0.17 km
3,219A Jurong East Street 21,Fully Furnished HDB Apartment,1290 sqft ,219A Jurong East Street 21, Ready to move,4,2,"S$ 2,400 /mo",EW24 Jurong East MRT Station,0.85 km
4,Westmere,Fully Furnished Condominium,1300 sqft ,77 Jurong East Street 13, Ready to move,3,2,"S$ 3,100 /mo",EW24 Jurong East MRT Station,0.63 km
5,285D Toh Guan Road,Fully Furnished HDB Apartment,1539 sqft ,285D Toh Guan Road, Ready to move,4,2,"S$ 2,900 /mo",EW24 Jurong East MRT Station,0.63 km
6,212 Jurong East Street 21,Partially Furnished HDB Apartment,1300 sqft ,212 Jurong East Street 21, S$ 1.85 psf,3,2,"S$ 2,400 /mo",EW24 Jurong East MRT Station,0.55 km
7,Westmere,Fully Furnished Condominium,1249 sqft ,71 Jurong East Street 13, Ready to move,Room,0,"S$ 1,450 /mo",EW24 Jurong East MRT Station,0.63 km
8,240 Jurong East Street 21,Fully Furnished HDB Apartment,1065 sqft ,240 Jurong East Street 21, Ready to move,3,2,"S$ 2,150 /mo",EW24 Jurong East MRT Station,0.75 km
9,240 Jurong East Street 21,Fully Furnished HDB Apartment,1184 sqft ,240 Jurong East Street 21, Ready to move,3,2,"S$ 2,200 /mo",EW24 Jurong East MRT Station,0.75 km
10,Ivory Heights,Partially Furnished Condominium,1668 sqft ,122 Jurong East Street 13, Ready to move,3,3,"S$ 2,650 /mo",EW24 Jurong East MRT Station,0.52 km
11,287B Jurong East Street 21,Fully Furnished HDB Apartment,1550 sqft ,287B Jurong East Street 21, Ready to move,4,2,"S$ 2,950 /mo",EW24 Jurong East MRT Station,0.54 km
12,218 Jurong East Street 21,Fully Furnished HDB Apartment,200 sqft ,218 Jurong East Street 21, S$ 3.00 psf,Room,0,S$ 600 /mo,EW24 Jurong East MRT Station,0.80 km
13,J Gateway,Fully Furnished Condominium,687 sqft ,2 Gateway Drive, Ready to move,2,1,"S$ 3,000 /mo",EW24 Jurong East MRT Station,0.17 km
14,206 Jurong East Street 21,Fully Furnished HDB Apartment,989 sqft ,206 Jurong East Street 21, Ready to move,3,2,"S$ 2,400 /mo",EW24 Jurong East MRT Station,0.38 km
15,287C Jurong East Street 21,HDB Apartment,1538 sqft ,287C Jurong East Street 21, Available from 1 May,4,2,"S$ 2,500 /mo",EW24 Jurong East MRT Station,0.54 km
16,210 Jurong East Street 21,HDB Apartment,882 sqft ,210 Jurong East Street 21, Ready to move,2,2,"S$ 2,200 /mo",EW24 Jurong East MRT Station,0.57 km
17,203 Jurong East Street 21,Fully Furnished HDB Apartment,721 sqft ,203 Jurong East Street 21, S$ 2.91 psf,2,2,"S$ 2,100 /mo",EW24 Jurong East MRT Station,0.31 km
18,101 Jurong East Street 13,Fully Furnished HDB Apartment,150 sqft ,101 Jurong East Street 13, Ready to move,Room,0,S$ 550 /mo,EW24 Jurong East MRT Station,0.43 km
19,220 Jurong East Street 21,HDB Apartment,1270 sqft ,220 Jurong East Street 21, S$ 1.81 psf,3,2,"S$ 2,300 /mo",EW24 Jurong East MRT Station,0.88 km
0,113 Jurong East Street 13,HDB Apartment,968 sqft ,113 Jurong East Street 13, Ready to move,2,2,"S$ 2,000 /mo",EW24 Jurong East MRT Station,0.88 km
1,287C Jurong East Street 21,Fully Furnished HDB Apartment,1550 sqft ,287C Jurong East Street 21, Ready to move,4,2,"S$ 2,800 /mo",EW24 Jurong East MRT Station,0.54 km
2,282 Toh Guan Road,Fully Furnished HDB Apartment,950 sqft ,282 Toh Guan Road, Ready to move,3,2,"S$ 2,100 /mo",EW24 Jurong East MRT Station,0.86 km
3,Westmere,Fully Furnished Condominium,1249 sqft ,75 Jurong East Street 13, Ready to move,3,3,"S$ 2,900 /mo",EW24 Jurong East MRT Station,0.63 km
4,Ivory Heights,Fully Furnished Condominium,150 sqft ,122 Jurong East Street 13, Ready to move,Room,0,S$ 750 /mo,EW24 Jurong East MRT Station,0.52 km
5,211 Jurong East Street 21,Partially Furnished HDB Apartment,721 sqft ,211 Jurong East Street 21, Available from 15 May,2,2,"S$ 2,000 /mo",EW24 Jurong East MRT Station,0.52 km
6,Ivory Heights,Fully Furnished Condominium,1200 sqft ,122 Jurong East Street 13, Ready to move,Room,0,"S$ 1,000 /mo",EW24 Jurong East MRT Station,0.52 km
7,116 Jurong East Street 13,Partially Furnished HDB Apartment,1250 sqft ,116 Jurong East Street 13, Ready to move,3,2,"S$ 2,200 /mo",EW24 Jurong East MRT Station,0.97 km
8,J Gateway,Fully Furnished Condominium,678 sqft ,2 Gateway Drive, Available from 14 Jun,2,2,"S$ 3,400 /mo",EW24 Jurong East MRT Station,0.17 km
9,J Gateway,Fully Furnished Condominium,743 sqft ,2 Gateway Drive, Ready to move,2,2,"S$ 3,500 /mo",EW24 Jurong East MRT Station,0.17 km
10,Westmere,Fully Furnished Condominium,1292 sqft ,71 Jurong East Street 13, Ready to move,4,2,"S$ 3,200 /mo",EW24 Jurong East MRT Station,0.63 km
11,244 Jurong East Street 24,Fully Furnished HDB Apartment,1012 sqft ,244 Jurong East Street 24, Ready to move,2,2,"S$ 1,700 /mo",EW24 Jurong East MRT Station,0.92 km
12,287B Jurong East Street 21,Partially Furnished HDB Apartment,1550 sqft ,287B Jurong East Street 21, Ready to move,4,2,"S$ 2,950 /mo",EW24 Jurong East MRT Station,0.54 km
13,J Gateway,Fully Furnished Condominium,775 sqft ,6 Gateway Drive, Ready to move,2,1,"S$ 3,600 /mo",EW24 Jurong East MRT Station,0.17 km
14,269 Toh Guan Road,Fully Furnished HDB Apartment,1292 sqft ,269 Toh Guan Road, Ready to move,3,2,"S$ 2,300 /mo",EW24 Jurong East MRT Station,0.94 km
15,272 Toh Guan Road,HDB Apartment,1076 sqft ,272 Toh Guan Road, Ready to move,3,2,"S$ 2,300 /mo",EW24 Jurong East MRT Station,0.98 km
16,210 Jurong East Street 21,Fully Furnished HDB Apartment,279 sqft ,210 Jurong East Street 21, Ready to move,Room,0,S$ 850 /mo,EW24 Jurong East MRT Station,0.57 km
17,124 Jurong East Street 13,Fully Furnished Condominium,1668 sqft ,124 Jurong East Street 13, Ready to move,3,2,"S$ 2,700 /mo",EW24 Jurong East MRT Station,0.79 km
18,Ivory Heights,Partially Furnished Condominium,1723 sqft ,Jurong East Street 13, Ready to move,3,2,"S$ 2,800 /mo",EW24 Jurong East MRT Station,0.52 km
19,231 Jurong East Street 21,HDB Apartment,721 sqft ,231 Jurong East Street 21, Ready to move,2,2,"S$ 1,900 /mo",EW24 Jurong East MRT Station,0.87 km
0,J Gateway,Partially Furnished Condominium,710 sqft ,2 Gateway Drive, S$ 3.52 psf,2,1,"S$ 2,500 /mo",EW24 Jurong East MRT Station,0.17 km
1,J Gateway,Fully Furnished Condominium,893 sqft ,2 Gateway Drive, Ready to move,3,2,"S$ 3,600 /mo",EW24 Jurong East MRT Station,0.17 km
2,J Gateway,Partially Furnished Condominium,678 sqft ,2 Gateway Drive, Available from 31 May,2,2,"S$ 3,000 /mo",EW24 Jurong East MRT Station,0.17 km
3,J Gateway,Fully Furnished Condominium,678 sqft ,2 Gateway Drive, Available from 30 Apr,2,2,"S$ 2,800 /mo",EW24 Jurong East MRT Station,0.17 km
4,J Gateway,Partially Furnished Condominium,743 sqft ,2 Gateway Drive, Ready to move,2,2,"S$ 3,200 /mo",EW24 Jurong East MRT Station,0.17 km
5,J Gateway,Partially Furnished Condominium,678 sqft ,6 Gateway Drive, Ready to move,2,2,"S$ 3,000 /mo",EW24 Jurong East MRT Station,0.17 km
6,J Gateway,Partially Furnished Condominium,678 sqft ,6 Gateway Drive, Available from 15 May,2,2,"S$ 3,000 /mo",EW24 Jurong East MRT Station,0.17 km
7,J Gateway,Partially Furnished Condominium,527 sqft ,2 Gateway Drive, Ready to move,1,1,"S$ 2,200 /mo",EW24 Jurong East MRT Station,0.17 km
8,Westmere,Fully Furnished Condominium,150 sqft ,71 Jurong East Street 13, Ready to move,Room,0,S$ 800 /mo,EW24 Jurong East MRT Station,0.63 km
9,108 Jurong East Street 13,Fully Furnished HDB Apartment,968 sqft ,108 Jurong East Street 13, Ready to move,3,2,"S$ 2,300 /mo",EW24 Jurong East MRT Station,0.67 km
10,210 Jurong East Street 21,Fully Furnished HDB Apartment,721 sqft ,210 Jurong East Street 21, Ready to move,2,2,"S$ 1,900 /mo",EW24 Jurong East MRT Station,0.57 km
11,272 Toh Guan Road,Partially Furnished HDB Apartment,1292 sqft ,272 Toh Guan Road, Ready to move,3,2,"S$ 2,250 /mo",EW24 Jurong East MRT Station,0.98 km
12,J Gateway,Fully Furnished Condominium,678 sqft ,6 Gateway Drive, Ready to move,2,2,"S$ 3,000 /mo",EW24 Jurong East MRT Station,0.17 km
13,J Gateway,Fully Furnished Condominium,969 sqft ,2 Gateway Drive, Available from 20 Apr,3,2,"S$ 4,900 /mo",EW24 Jurong East MRT Station,0.17 km
14,Blk 106 Jurong East,Fully Furnished HDB Apartment,182 sqft ,426 jurong east st 13, S$ 3.57 psf,Room,0,S$ 650 /mo,EW24 Jurong East MRT Station,0.55 km
15,281 Toh Guan Road,Fully Furnished HDB Apartment,120 sqft ,281 Toh Guan Road, Ready to move,Room,0,"S$ 1,099 /mo",EW24 Jurong East MRT Station,0.82 km
16,Westmere,Fully Furnished Condominium,1249 sqft ,75 Jurong East Street 13, Ready to move,3,3,"S$ 2,900 /mo",EW24 Jurong East MRT Station,0.63 km
17,267 Toh Guan Road,Fully Furnished HDB Apartment,1184 sqft ,267 Toh Guan Road, Available from 29 Apr,3,2,"S$ 2,550 /mo",EW24 Jurong East MRT Station,0.84 km
18,J Gateway,Condominium,474 sqft ,2 Gateway Drive, Ready to move,1,1,"S$ 2,500 /mo",EW24 Jurong East MRT Station,0.17 km
19,J Gateway,Partially Furnished Condominium,678 sqft ,2 Gateway Drive, Ready to move,2,1,"S$ 3,300 /mo",EW24 Jurong East MRT Station,0.17 km
0,201 Jurong East Street 21,Partially Furnished HDB Apartment,1345 sqft ,201 Jurong East Street 21, Ready to move,3,2,"S$ 2,650 /mo",EW24 Jurong East MRT Station,0.28 km
1,105 Jurong East Street 13,Fully Furnished HDB Apartment,990 sqft ,105 Jurong East Street 13, Ready to move,3,2,"S$ 2,550 /mo",EW24 Jurong East MRT Station,0.50 km
2,270 Toh Guan Road,Fully Furnished HDB Apartment,1292 sqft ,270 Toh Guan Road, Ready to move,3,2,"S$ 2,350 /mo",EW24 Jurong East MRT Station,0.92 km
3,285B Toh Guan Road,Fully Furnished HDB Apartment,1334 sqft ,285B Toh Guan Road, Available from 1 Jun,3,2,"S$ 2,500 /mo",EW24 Jurong East MRT Station,0.74 km
4,102 Jurong East Street 13,Fully Furnished HDB Apartment,300 sqft ,102 Jurong East Street 13, Ready to move,Room,0,S$ 850 /mo,EW24 Jurong East MRT Station,0.44 km
5,Westmere,Fully Furnished Condominium,1313 sqft ,71 Jurong East Street 13, Available from 1 May,3,2,"S$ 2,900 /mo",EW24 Jurong East MRT Station,0.63 km
6,287C Jurong East Street 21,HDB Apartment,1527 sqft ,287C Jurong East Street 21, Ready to move,4,2,"S$ 2,600 /mo",EW24 Jurong East MRT Station,0.54 km
7,272 Toh Guan Road,Fully Furnished HDB Apartment,1087 sqft ,272 Toh Guan Road, Ready to move,3,2,"S$ 2,300 /mo",EW24 Jurong East MRT Station,0.98 km
8,Westmere,Fully Furnished Condominium,1249 sqft ,71 Jurong East Street 13, Ready to move,3,2,"S$ 2,800 /mo",EW24 Jurong East MRT Station,0.63 km
9,278 Toh Guan Road,HDB Apartment,200 sqft ,278 Toh Guan Road, Ready to move,Room,0,"S$ 1,050 /mo",EW24 Jurong East MRT Station,0.92 km
10,286A Toh Guan Road,Fully Furnished HDB Apartment,1550 sqft ,286A Toh Guan Road, Ready to move,4,2,"S$ 2,800 /mo",EW24 Jurong East MRT Station,0.69 km
11,113 Jurong East Street 13,Fully Furnished HDB Apartment,1000 sqft ,113 Jurong East Street 13, Ready to move,3,2,"S$ 2,100 /mo",EW24 Jurong East MRT Station,0.88 km
12,215 Jurong East Street 21,Fully Furnished HDB Apartment,818 sqft ,215 Jurong East Street 21, Available from 8 May,2,2,"S$ 1,800 /mo",EW24 Jurong East MRT Station,0.73 km
13,250 Jurong East Street 24,Fully Furnished HDB Apartment,807 sqft ,250 Jurong East Street 24, Available from 26 Apr,2,2,"S$ 2,100 /mo",EW24 Jurong East MRT Station,0.95 km
14,Ivory Heights,Fully Furnished Condominium,200 sqft ,Jurong East Street 13, Ready to move,Room,0,S$ 750 /mo,EW24 Jurong East MRT Station,0.52 km
15,103 Jurong East Street 13,Partially Furnished HDB Apartment,1291 sqft ,103 Jurong East Street 13, Ready to move,3,2,"S$ 2,700 /mo",EW24 Jurong East MRT Station,0.48 km
16,286A Toh Guan Road,Partially Furnished HDB Apartment,1550 sqft ,286A Toh Guan Road, Ready to move,2,2,"S$ 2,500 /mo",EW24 Jurong East MRT Station,0.69 km
17,278 Toh Guan Road,HDB Apartment,1200 sqft ,278 Toh Guan Road, Ready to move,3,2,"S$ 2,400 /mo",EW24 Jurong East MRT Station,0.92 km
18,J Gateway,Partially Furnished Condominium,689 sqft ,2 Gateway Drive, Ready to move,2,2,"S$ 3,300 /mo",EW24 Jurong East MRT Station,0.17 km
19,J Gateway,Partially Furnished Condominium,687 sqft ,2 Gateway Drive, Ready to move,2,2,"S$ 2,800 /mo",EW24 Jurong East MRT Station,0.17 km
0,J Gateway,Fully Furnished Condominium,495 sqft ,6 Gateway Drive, Ready to move,1,1,"S$ 2,500 /mo",EW24 Jurong East MRT Station,0.17 km
1,113 Jurong East Street 13,Partially Furnished HDB Apartment,140 sqft ,113 Jurong East Street 13, Ready to move,Room,0,S$ 600 /mo,EW24 Jurong East MRT Station,0.88 km
2,J Gateway,Condominium,893 sqft ,(within 0.17 km), Ready to move,3,2,"S$ 3,599 /mo",EW24 Jurong East MRT Station,0.17 km
3,Ivory Heights,Fully Furnished Condominium,1700 sqft ,Jurong East Street 13, Ready to move,3,2,"S$ 2,500 /mo",EW24 Jurong East MRT Station,0.52 km
4,110 Jurong East Street 13,Fully Furnished HDB Apartment,120 sqft ,110 Jurong East Street 13, Ready to move,Room,0,S$ 700 /mo,EW24 Jurong East MRT Station,0.77 km
5,236 Jurong East Street 21,Fully Furnished HDB Apartment,101 sqft ,236 Jurong East Street 21, Ready to move,Room,0,S$ 550 /mo,EW24 Jurong East MRT Station,0.69 km
6,J Gateway,Condominium,474 sqft ,2 Gateway Drive, Available from 1 May,1,1,"S$ 2,600 /mo",EW24 Jurong East MRT Station,0.17 km
7,J Gateway,Fully Furnished Condominium,678 sqft ,2 Gateway Drive, Ready to move,2,2,"S$ 3,300 /mo",EW24 Jurong East MRT Station,0.17 km
8,245 Jurong East Street 24,Fully Furnished HDB Apartment,800 sqft ,245 Jurong East Street 24, Available from 1 May,2,2,"S$ 2,000 /mo",EW24 Jurong East MRT Station,0.82 km
9,Westmere,Fully Furnished Condominium,1249 sqft ,71 Jurong East Street 13, Available from 30 Jun,3,3,"S$ 2,900 /mo",EW24 Jurong East MRT Station,0.63 km
10,J Gateway,Fully Furnished Condominium,200 sqft ,2 Gateway Drive, Ready to move,Room,0,"S$ 1,800 /mo",EW24 Jurong East MRT Station,0.17 km
11,J Gateway,Fully Furnished Condominium,120 sqft ,2 Gateway Drive, Ready to move,Room,0,"S$ 1,000 /mo",EW24 Jurong East MRT Station,0.17 km
12,245 Jurong East Street 24,Unfurnished HDB Apartment,650 sqft ,245 Jurong East Street 24, Ready to move,2,2,"S$ 1,500 /mo",EW24 Jurong East MRT Station,0.82 km
13,246 Jurong East Street 24,Fully Furnished HDB Apartment,150 sqft ,246 Jurong East Street 24, Ready to move,Room,0,S$ 550 /mo,EW24 Jurong East MRT Station,0.85 km
14,Ivory Heights,Partially Furnished Condominium,1701 sqft ,Jurong East Street 13, Ready to move,3,2,"S$ 2,800 /mo",EW24 Jurong East MRT Station,0.52 km
15,102 Jurong East Street 13,Fully Furnished HDB Apartment,200 sqft ,102 Jurong East Street 13, Ready to move,Room,0,S$ 800 /mo,EW24 Jurong East MRT Station,0.44 km
16,J Gateway,Fully Furnished Condominium,507 sqft ,4 Gateway Drive, Available from 15 May,1,1,"S$ 2,800 /mo",EW24 Jurong East MRT Station,0.17 km
17,J Gateway,Fully Furnished Condominium,678 sqft ,6 Gateway Drive, Available from 15 Jun,2,2,"S$ 3,300 /mo",EW24 Jurong East MRT Station,0.17 km
18,102 Jurong East Street 13,Fully Furnished HDB Apartment,731 sqft ,102 Jurong East Street 13, Ready to move,2,2,"S$ 2,100 /mo",EW24 Jurong East MRT Station,0.44 km
19,J Gateway,Partially Furnished Condominium,506 sqft ,2 Gateway Drive, Available from 16 May,1,1,"S$ 2,500 /mo",EW24 Jurong East MRT Station,0.17 km
0,J Gateway,Fully Furnished Condominium,527 sqft ,6 Gateway Drive, Ready to move,1,1,"S$ 2,500 /mo",EW24 Jurong East MRT Station,0.17 km
1,J Gateway,Fully Furnished Condominium,678 sqft ,6 Gateway Drive, Ready to move,2,2,"S$ 3,400 /mo",EW24 Jurong East MRT Station,0.17 km
2,107 Jurong East Street 13,Fully Furnished HDB Apartment,200 sqft ,107 Jurong East Street 13, Available from 1 May,Room,0,S$ 580 /mo,EW24 Jurong East MRT Station,0.57 km
3,214 Jurong East Street 21,Fully Furnished HDB Apartment,110 sqft ,214 Jurong East Street 21, Ready to move,Room,0,S$ 700 /mo,EW24 Jurong East MRT Station,0.63 km
4,279 Toh Guan Road,Fully Furnished HDB Apartment,1312 sqft ,279 Toh Guan Road, Ready to move,3,2,"S$ 2,200 /mo",EW24 Jurong East MRT Station,0.94 km
5,J Gateway,Fully Furnished Condominium,743 sqft ,2 Gateway Drive, Ready to move,2,2,"S$ 3,500 /mo",EW24 Jurong East MRT Station,0.17 km
6,J Gateway,Condominium,678 sqft ,6 Gateway Drive, Ready to move,2,2,"S$ 2,900 /mo",EW24 Jurong East MRT Station,0.17 km
7,Ivory Heights,Partially Furnished Condominium,1688 sqft ,123 Jurong East Street 13, Ready to move,3,2,"S$ 2,600 /mo",EW24 Jurong East MRT Station,0.52 km
8,287A Jurong East Street 21,Fully Furnished HDB Apartment,250 sqft ,287A Jurong East Street 21, S$ 3.80 psf,Room,0,S$ 950 /mo,EW24 Jurong East MRT Station,0.52 km
9,269 Toh Guan Road,Fully Furnished HDB Apartment,1100 sqft ,269 Toh Guan Road, S$ 2.09 psf,3,2,"S$ 2,300 /mo",EW24 Jurong East MRT Station,0.94 km
10,117 Jurong East Street 13,Fully Furnished Condominium,1701 sqft ,117 Jurong East Street 13, Ready to move,3,2,"S$ 2,600 /mo",EW24 Jurong East MRT Station,0.81 km
11,280 Toh Guan Road,Fully Furnished HDB Apartment,1080 sqft ,280 Toh Guan Road, Ready to move,3,2,"S$ 2,250 /mo",EW24 Jurong East MRT Station,0.95 km
12,J Gateway,Fully Furnished Condominium,494 sqft ,6 Gateway Drive, Ready to move,1,1,"S$ 2,500 /mo",EW24 Jurong East MRT Station,0.17 km
13,Ivory Heights,Fully Furnished Condominium,150 sqft ,Jurong East Street 13, Ready to move,Room,0,S$ 900 /mo,EW24 Jurong East MRT Station,0.52 km
14,282 Toh Guan Road,Fully Furnished HDB Apartment,100 sqft ,282 Toh Guan Road, Ready to move,Room,0,S$ 700 /mo,EW24 Jurong East MRT Station,0.86 km
15,287D Jurong East Street 21,Fully Furnished HDB Apartment,150 sqft ,287D Jurong East Street 21, Ready to move,Room,0,S$ 800 /mo,EW24 Jurong East MRT Station,0.47 km
16,269 Toh Guan Road,Fully Furnished HDB Apartment,1291 sqft ,269 Toh Guan Road, Ready to move,3,2,"S$ 2,300 /mo",EW24 Jurong East MRT Station,0.94 km
17,J Gateway,Fully Furnished Condominium,527 sqft ,2 Gateway Drive, Available from 1 Jun,1,1,"S$ 2,500 /mo",EW24 Jurong East MRT Station,0.17 km
18,250 Jurong East Street 24,Fully Furnished HDB Apartment,120 sqft ,250 Jurong East Street 24, Ready to move,Room,0,S$ 240 /mo,EW24 Jurong East MRT Station,0.95 km
19,280 Toh Guan Road,Fully Furnished HDB Apartment,1000 sqft ,280 Toh Guan Road, S$ 2.30 psf,3,2,"S$ 2,300 /mo",EW24 Jurong East MRT Station,0.95 km
0,223A Jurong East Street 21,Fully Furnished HDB Apartment,1453 sqft ,223A Jurong East Street 21, Ready to move,3,2,"S$ 2,250 /mo",EW24 Jurong East MRT Station,0.98 km
1,J Gateway,Fully Furnished Condominium,743 sqft ,2 Gateway Drive, Ready to move,2,2,"S$ 3,200 /mo",EW24 Jurong East MRT Station,0.17 km
2,113 Jurong East Street 13,Fully Furnished HDB Apartment,969 sqft ,113 Jurong East Street 13, Ready to move,2,2,"S$ 2,088 /mo",EW24 Jurong East MRT Station,0.88 km
3,280 Toh Guan Road,Fully Furnished HDB Apartment,985 sqft ,280 Toh Guan Road, Ready to move,3,2,"S$ 2,200 /mo",EW24 Jurong East MRT Station,0.95 km
4,246 Jurong East Street 24,HDB Apartment,200 sqft ,246 Jurong East Street 24, Ready to move,Room,0,S$ 800 /mo,EW24 Jurong East MRT Station,0.85 km
5,238 Jurong East Street 21,Fully Furnished HDB Apartment,1291 sqft ,238 Jurong East Street 21, Ready to move,3,2,"S$ 2,600 /mo",EW24 Jurong East MRT Station,0.73 km
6,J Gateway,Partially Furnished Condominium,527 sqft ,2 Gateway Drive, Available from 1 Jun,1,1,"S$ 2,300 /mo",EW24 Jurong East MRT Station,0.17 km
7,240 Jurong East Street 21,Fully Furnished HDB Apartment,120 sqft ,240 Jurong East Street 21, Ready to move,Room,0,S$ 750 /mo,EW24 Jurong East MRT Station,0.75 km
8,J Gateway,Partially Furnished Condominium,1206 sqft ,2 Gateway Drive, Ready to move,4,2,"S$ 5,500 /mo",EW24 Jurong East MRT Station,0.17 km
9,270 Toh Guan Road,HDB Apartment,150 sqft ,270 Toh Guan Road, Ready to move,Room,0,S$ 700 /mo,EW24 Jurong East MRT Station,0.92 km
10,232 Jurong East Street 21,Fully Furnished HDB Apartment,1054 sqft ,232 Jurong East Street 21, Ready to move,3,2,"S$ 2,000 /mo",EW24 Jurong East MRT Station,0.62 km
11,J Gateway,Partially Furnished Condominium,678 sqft ,2 Gateway Drive, Ready to move,2,2,"S$ 2,980 /mo",EW24 Jurong East MRT Station,0.17 km
12,J Gateway,Fully Furnished Condominium,474 sqft ,2 Gateway Drive, Ready to move,1,1,"S$ 2,800 /mo",EW24 Jurong East MRT Station,0.17 km
13,286D Toh Guan Road,Fully Furnished HDB Apartment,1323 sqft ,286D Toh Guan Road, Available from 1 Jun,3,2,"S$ 3,000 /mo",EW24 Jurong East MRT Station,0.69 km
14,217 Jurong East Street 21,Fully Furnished HDB Apartment,979 sqft ,217 Jurong East Street 21, Ready to move,3,2,"S$ 2,200 /mo",EW24 Jurong East MRT Station,0.75 km
15,J Gateway,Partially Furnished Condominium,678 sqft ,2 Gateway Drive, Available from 15 Jun,2,2,"S$ 3,400 /mo",EW24 Jurong East MRT Station,0.17 km
16,J Gateway,Fully Furnished Condominium,678 sqft ,2 Gateway Drive, Available from 13 May,2,2,"S$ 3,200 /mo",EW24 Jurong East MRT Station,0.17 km
17,J Gateway,Fully Furnished Condominium,679 sqft ,2 Gateway Drive, Available from 31 May,2,2,"S$ 3,200 /mo",EW24 Jurong East MRT Station,0.17 km
18,J Gateway,Fully Furnished Condominium,677 sqft ,2 Gateway Drive, Ready to move,2,2,"S$ 2,900 /mo",EW24 Jurong East MRT Station,0.17 km
19,J Gateway,Fully Furnished Condominium,1410 sqft ,2 Gateway Drive, Ready to move,4,3,"S$ 5,500 /mo",EW24 Jurong East MRT Station,0.17 km
0,288A Jurong East Street 21,HDB Apartment,1300 sqft ,288A Jurong East Street 21, Ready to move,5,2,"S$ 2,700 /mo",EW24 Jurong East MRT Station,0.53 km
1,J Gateway,Fully Furnished Condominium,517 sqft ,6 Gateway Drive, Ready to move,1,1,"S$ 2,500 /mo",EW24 Jurong East MRT Station,0.17 km
2,J Gateway,Fully Furnished Condominium,505 sqft ,2 Gateway Drive, Ready to move,1,1,"S$ 2,500 /mo",EW24 Jurong East MRT Station,0.17 km
3,J Gateway,Partially Furnished Condominium,495 sqft ,6 Gateway Drive, Ready to move,1,1,"S$ 2,400 /mo",EW24 Jurong East MRT Station,0.17 km
4,244 Jurong East Street 24,HDB Apartment,721 sqft ,244 Jurong East Street 24, Ready to move,2,2,"S$ 1,600 /mo",EW24 Jurong East MRT Station,0.92 km
5,107 Jurong East Street 13,Fully Furnished HDB Apartment,150 sqft ,107 Jurong East Street 13, Ready to move,Room,0,S$ 550 /mo,EW24 Jurong East MRT Station,0.57 km
6,J Gateway,Condominium,678 sqft ,2 Gateway Drive, S$ 4.72 psf,2,2,"S$ 3,200 /mo",EW24 Jurong East MRT Station,0.17 km
7,107 Jurong East Street 13,Fully Furnished HDB Apartment,150 sqft ,107 Jurong East Street 13, Ready to move,Room,0,S$ 550 /mo,EW24 Jurong East MRT Station,0.57 km
8,J Gateway,Fully Furnished Condominium,495 sqft ,2 Gateway Drive, Ready to move,1,1,"S$ 2,880 /mo",EW24 Jurong East MRT Station,0.17 km
9,246 Jurong East Street 24,HDB Apartment,113 sqft ,246 Jurong East Street 24, Ready to move,Room,0,S$ 550 /mo,EW24 Jurong East MRT Station,0.85 km
10,288A Jurong East Street 21,Fully Furnished HDB Apartment,1323 sqft ,288A Jurong East Street 21, Ready to move,3,2,"S$ 2,600 /mo",EW24 Jurong East MRT Station,0.53 km
11,113 Jurong East Street 13,Fully Furnished HDB Apartment,50 sqft ,113 Jurong East Street 13, Ready to move,Room,0,S$ 750 /mo,EW24 Jurong East MRT Station,0.88 km
12,Westmere,Fully Furnished Condominium,1314 sqft ,71 Jurong East Street 13, S$ 2.66 psf,3,2,"S$ 3,500 /mo",EW24 Jurong East MRT Station,0.63 km
13,280 Toh Guan Road,Partially Furnished HDB Apartment,980 sqft ,280 Toh Guan Road, S$ 2.35 psf,3,2,"S$ 2,300 /mo",EW24 Jurong East MRT Station,0.95 km
14,238 Jurong East Street 21,Fully Furnished HDB Apartment,1291 sqft ,238 Jurong East Street 21, Ready to move,3,2,"S$ 2,200 /mo",EW24 Jurong East MRT Station,0.73 km
15,Ivory Heights,Partially Furnished Condominium,1700 sqft ,122 Jurong East Street 13, Ready to move,3,2,"S$ 2,500 /mo",EW24 Jurong East MRT Station,0.52 km
16,J Gateway,Fully Furnished Condominium,517 sqft ,2 Gateway Drive, Ready to move,1,1,"S$ 2,500 /mo",EW24 Jurong East MRT Station,0.17 km
17,285D Toh Guan Road,Unfurnished HDB Apartment,1600 sqft ,285D Toh Guan Road, Ready to move,3,2,"S$ 2,800 /mo",EW24 Jurong East MRT Station,0.63 km
18,288A Jurong East Street 21,Fully Furnished HDB Apartment,200 sqft ,288A Jurong East Street 21, Ready to move,Room,0,S$ 650 /mo,EW24 Jurong East MRT Station,0.53 km
19,114 Jurong East Street 13,Partially Furnished HDB Apartment,1000 sqft ,114 Jurong East Street 13, Ready to move,3,2,"S$ 3,800 /mo",EW24 Jurong East MRT Station,0.93 km
0,249 Jurong East Street 24,Fully Furnished HDB Apartment,796 sqft ,249 Jurong East Street 24, Ready to move,2,2,"S$ 1,900 /mo",EW24 Jurong East MRT Station,0.93 km
1,211 Jurong East Street 21,Partially Furnished HDB Apartment,721 sqft ,211 Jurong East Street 21, Ready to move,2,2,"S$ 1,800 /mo",EW24 Jurong East MRT Station,0.52 km
2,Westmere,Fully Furnished Condominium,200 sqft ,71 Jurong East Street 13, Ready to move,Room,0,S$ 750 /mo,EW24 Jurong East MRT Station,0.63 km
3,Ivory Heights,Partially Furnished Condominium,1723 sqft ,Jurong East Street 13, Ready to move,3,2,"S$ 2,800 /mo",EW24 Jurong East MRT Station,0.52 km
4,J Gateway,Partially Furnished Condominium,947 sqft ,2 Gateway Drive, Available from 15 May,3,2,"S$ 4,000 /mo",EW24 Jurong East MRT Station,0.17 km
5,J Gateway,Partially Furnished Condominium,603 sqft ,2 Gateway Drive, Ready to move,2,2,"S$ 3,000 /mo",EW24 Jurong East MRT Station,0.17 km
6,212 Jurong East Street 21,Fully Furnished HDB Apartment,1279 sqft ,212 Jurong East Street 21, Ready to move,3,2,"S$ 2,500 /mo",EW24 Jurong East MRT Station,0.55 km
7,280 Toh Guan Road,Fully Furnished HDB Apartment,990 sqft ,280 Toh Guan Road, Ready to move,3,2,"S$ 2,250 /mo",EW24 Jurong East MRT Station,0.95 km
8,248 Jurong East Street 24,Fully Furnished HDB Apartment,750 sqft ,248 Jurong East Street 24, Ready to move,2,2,"S$ 1,900 /mo",EW24 Jurong East MRT Station,0.90 km
9,211 Jurong East Street 21,HDB Apartment,1000 sqft ,211 Jurong East Street 21, Available from 1 May,3,2,"S$ 2,300 /mo",EW24 Jurong East MRT Station,0.52 km
10,231 Jurong East Street 21,Fully Furnished HDB Apartment,882 sqft ,231 Jurong East Street 21, Available from 1 May,2,2,"S$ 1,900 /mo",EW24 Jurong East MRT Station,0.87 km
11,Ivory Heights,Fully Furnished Condominium,1701 sqft ,122 Jurong East Street 13, Ready to move,3,2,"S$ 2,600 /mo",EW24 Jurong East MRT Station,0.52 km
12,230 Jurong East Street 21,Fully Furnished HDB Apartment,1259 sqft ,230 Jurong East Street 21, Ready to move,3,2,"S$ 2,100 /mo",EW24 Jurong East MRT Station,0.95 km
13,Westmere,Fully Furnished Condominium,100 sqft ,77 Jurong East Street 13, Ready to move,3,3,S$ 950 /mo,EW24 Jurong East MRT Station,0.63 km
14,J Gateway,Partially Furnished Condominium,506 sqft ,2 Gateway Drive, Ready to move,1,1,"S$ 2,500 /mo",EW24 Jurong East MRT Station,0.17 km
15,Westmere,Fully Furnished Condominium,161 sqft ,71 Jurong East Street 13, Ready to move,Room,0,S$ 950 /mo,EW24 Jurong East MRT Station,0.63 km
16,223A Jurong East Street 21,Fully Furnished HDB Apartment,1300 sqft ,223A Jurong East Street 21, Ready to move,3,2,"S$ 2,300 /mo",EW24 Jurong East MRT Station,0.98 km
17,107 Jurong East Street 13,HDB Apartment,150 sqft ,107 Jurong East Street 13, S$ 3.87 psf,Room,0,S$ 580 /mo,EW24 Jurong East MRT Station,0.57 km
18,282 Toh Guan Road,Fully Furnished HDB Apartment,968 sqft ,282 Toh Guan Road, S$ 2.38 psf,3,2,"S$ 2,300 /mo",EW24 Jurong East MRT Station,0.86 km
19,J Gateway,Fully Furnished Condominium,678 sqft ,6 Gateway Drive, Ready to move,2,2,"S$ 2,950 /mo",EW24 Jurong East MRT Station,0.17 km
0,208 Jurong East Street 21,HDB Apartment,700 sqft ,208 Jurong East Street 21, Ready to move,2,2,"S$ 1,799 /mo",EW24 Jurong East MRT Station,0.49 km
1,J Gateway,Partially Furnished Condominium,678 sqft ,2 Gateway Drive, Ready to move,2,2,"S$ 2,699 /mo",EW24 Jurong East MRT Station,0.17 km
2,Ivory Heights,Fully Furnished Condominium,1701 sqft ,117 Jurong East Street 13, Ready to move,3,2,"S$ 3,000 /mo",EW24 Jurong East MRT Station,0.52 km
3,267 Toh Guan Road,Fully Furnished HDB Apartment,1087 sqft ,267 Toh Guan Road, Ready to move,3,2,"S$ 2,100 /mo",EW24 Jurong East MRT Station,0.84 km
4,117 Jurong East Street 13,Fully Furnished HDB Apartment,1700 sqft ,117 Jurong East Street 13, Ready to move,3,2,"S$ 2,950 /mo",EW24 Jurong East MRT Station,0.81 km
5,Westmere,Partially Furnished Apartment,1320 sqft ,77 Jurong East Street 13, Ready to move,3,3,"S$ 3,000 /mo",EW24 Jurong East MRT Station,0.63 km
6,J Gateway,Condominium,678 sqft ,2 Gateway Drive, Ready to move,2,2,"S$ 3,400 /mo",EW24 Jurong East MRT Station,0.17 km
7,201 Jurong East Street 21,Fully Furnished HDB Apartment,1291 sqft ,201 Jurong East Street 21, Ready to move,3,2,"S$ 2,650 /mo",EW24 Jurong East MRT Station,0.28 km
8,245 Jurong East Street 24,Fully Furnished HDB Apartment,150 sqft ,245 Jurong East Street 24, S$ 5.67 psf,1,1,S$ 850 /mo,EW24 Jurong East MRT Station,0.82 km
9,230 Jurong East Street 21,Fully Furnished HDB Apartment,195 sqft ,230 Jurong East Street 21, Ready to move,Room,0,S$ 700 /mo,EW24 Jurong East MRT Station,0.95 km
10,285A Toh Guan Road,Fully Furnished HDB Apartment,100 sqft ,285A Toh Guan Road, S$ 6.88 psf,Room,0,S$ 688 /mo,EW24 Jurong East MRT Station,0.71 km
11,115 Jurong East Street 13,Fully Furnished HDB Apartment,140 sqft ,115 Jurong East Street 13, Ready to move,Room,0,S$ 700 /mo,EW24 Jurong East MRT Station,0.93 km
12,272 Toh Guan Road,HDB Apartment,1320 sqft ,272 Toh Guan Road, Ready to move,3,2,"S$ 2,100 /mo",EW24 Jurong East MRT Station,0.98 km
13,J Gateway,Fully Furnished Condominium,678 sqft ,6 Gateway Drive, Available from 16 Jul,2,2,"S$ 3,500 /mo",EW24 Jurong East MRT Station,0.17 km
14,J Gateway,Fully Furnished Condominium,678 sqft ,2 Gateway Drive, Available from 15 May,2,2,"S$ 3,200 /mo",EW24 Jurong East MRT Station,0.17 km
15,285D Toh Guan Road,Fully Furnished HDB Apartment,1550 sqft ,285D Toh Guan Road, Available from 23 May,4,2,"S$ 2,700 /mo",EW24 Jurong East MRT Station,0.63 km
16,J Gateway,Partially Furnished Condominium,893 sqft ,6 Gateway Drive, Ready to move,3,2,"S$ 3,600 /mo",EW24 Jurong East MRT Station,0.17 km
17,J Gateway,Fully Furnished Condominium,989 sqft ,2 Gateway Drive, Available from 31 May,3,2,"S$ 4,000 /mo",EW24 Jurong East MRT Station,0.17 km
18,J Gateway,Fully Furnished Condominium,743 sqft ,2 Gateway Drive, Ready to move,2,2,"S$ 3,100 /mo",EW24 Jurong East MRT Station,0.17 km
19,110 Jurong East Street 13,Fully Furnished HDB Apartment,100 sqft ,110 Jurong East Street 13, Ready to move,Room,0,S$ 700 /mo,EW24 Jurong East MRT Station,0.77 km
0,278 Toh Guan Road,Partially Furnished HDB Apartment,1087 sqft ,278 Toh Guan Road, Ready to move,3,2,"S$ 2,300 /mo",EW24 Jurong East MRT Station,0.92 km
1,246 Jurong East Street 24,Fully Furnished HDB Apartment,97 sqft ,246 Jurong East Street 24, S$ 5.15 psf,Room,0,S$ 500 /mo,EW24 Jurong East MRT Station,0.85 km
2,272 Toh Guan Road,Fully Furnished HDB Apartment,150 sqft ,272 Toh Guan Road, Ready to move,Room,0,S$ 700 /mo,EW24 Jurong East MRT Station,0.98 km
3,282 Toh Guan Road,HDB Apartment,900 sqft ,282 Toh Guan Road, Ready to move,3,2,"S$ 2,200 /mo",EW24 Jurong East MRT Station,0.86 km
4,248 Jurong East Street 24,Fully Furnished HDB Apartment,700 sqft ,248 Jurong East Street 24, Ready to move,Room,0,S$ 800 /mo,EW24 Jurong East MRT Station,0.90 km
5,280 Toh Guan Road,Fully Furnished HDB Apartment,1080 sqft ,280 Toh Guan Road, Ready to move,3,2,"S$ 2,350 /mo",EW24 Jurong East MRT Station,0.95 km
6,J Gateway,Partially Furnished Condominium,506 sqft ,2 Gateway Drive, Ready to move,1,1,"S$ 2,400 /mo",EW24 Jurong East MRT Station,0.17 km
7,J Gateway,Fully Furnished Condominium,947 sqft ,2 Gateway Drive, Available from 31 May,3,2,"S$ 3,800 /mo",EW24 Jurong East MRT Station,0.17 km
8,234 Jurong East Street 21,Fully Furnished HDB Apartment,1323 sqft ,234 Jurong East Street 21, Ready to move,Room,0,S$ 800 /mo,EW24 Jurong East MRT Station,0.62 km
9,265 Toh Guan Road,Fully Furnished HDB Apartment,1323 sqft ,265 Toh Guan Road, Ready to move,3,2,"S$ 2,300 /mo",EW24 Jurong East MRT Station,0.79 km
10,110 Jurong East Street 13,Fully Furnished HDB Apartment,732 sqft ,110 Jurong East Street 13, Ready to move,2,2,"S$ 1,700 /mo",EW24 Jurong East MRT Station,0.77 km
11,J Gateway,Fully Furnished Condominium,969 sqft ,2 Gateway Drive, Available from 13 Apr,3,2,"S$ 4,400 /mo",EW24 Jurong East MRT Station,0.17 km
12,J Gateway,Condominium,603 sqft ,2 Gateway Drive, Available from 28 Apr,2,1,"S$ 2,700 /mo",EW24 Jurong East MRT Station,0.17 km
13,236 Jurong East Street 21,Fully Furnished HDB Apartment,968 sqft ,236 Jurong East Street 21, Ready to move,3,2,"S$ 2,000 /mo",EW24 Jurong East MRT Station,0.69 km
14,287A Jurong East Street 21,Fully Furnished HDB Apartment,150 sqft ,287A Jurong East Street 21, Ready to move,Room,0,S$ 700 /mo,EW24 Jurong East MRT Station,0.52 km
15,Westmere,Fully Furnished Condominium,1098 sqft ,71 Jurong East Street 13, Ready to move,3,2,"S$ 2,500 /mo",EW24 Jurong East MRT Station,0.63 km
16,287B Jurong East Street 21,Fully Furnished HDB Apartment,100 sqft ,287B Jurong East Street 21, Ready to move,Room,0,S$ 650 /mo,EW24 Jurong East MRT Station,0.54 km
17,238 Jurong East Street 21,Fully Furnished HDB Apartment,1291 sqft ,238 Jurong East Street 21, Available from 15 Apr,3,2,"S$ 2,400 /mo",EW24 Jurong East MRT Station,0.73 km
18,Ivory Heights,Fully Furnished Condominium,120 sqft ,Jurong East Street 13, S$ 6.25 psf,Room,0,S$ 750 /mo,EW24 Jurong East MRT Station,0.52 km
19,265 Toh Guan Road,Fully Furnished HDB Apartment,1323 sqft ,265 Toh Guan Road, Ready to move,Room,0,"S$ 1,200 /mo",EW24 Jurong East MRT Station,0.79 km
0,J Gateway,Fully Furnished Condominium,678 sqft ,2 Gateway Drive, Ready to move,2,2,"S$ 3,300 /mo",EW24 Jurong East MRT Station,0.17 km
1,J Gateway,Fully Furnished Condominium,495 sqft ,6 Gateway Drive, Ready to move,1,1,"S$ 2,300 /mo",EW24 Jurong East MRT Station,0.17 km
2,Ivory Heights,Fully Furnished Condominium,1701 sqft ,Ivory Heights, Ready to move,3,2,"S$ 2,400 /mo",EW24 Jurong East MRT Station,0.81 km
3,209 Jurong East Street 21,Fully Furnished HDB Apartment,120 sqft ,209 Jurong East Street 21, Ready to move,Room,0,S$ 600 /mo,EW24 Jurong East MRT Station,0.42 km
4,Westmere,Partially Furnished Condominium,1300 sqft ,71 Jurong East Street 13, Ready to move,3,3,"S$ 2,500 /mo",EW24 Jurong East MRT Station,0.63 km
5,232 Jurong East Street 21,Fully Furnished HDB Apartment,1054 sqft ,232 Jurong East Street 21, Ready to move,3,2,"S$ 2,288 /mo",EW24 Jurong East MRT Station,0.62 km
6,Ivory Heights,Condominium,1950 sqft ,Jurong East Street 13, S$ 1.54 psf,4,2,"S$ 3,000 /mo",EW24 Jurong East MRT Station,0.52 km
7,Westmere,Fully Furnished Condominium,250 sqft ,71 Jurong East Street 13, Ready to move,1,1,S$ 850 /mo,EW24 Jurong East MRT Station,0.63 km
8,116 Jurong East Street 13,HDB Apartment,90 sqft ,116 Jurong East Street 13, Ready to move,Room,0,S$ 700 /mo,EW24 Jurong East MRT Station,0.97 km
9,116 Jurong East Street 13,HDB Apartment,900 sqft ,116 Jurong East Street 13, Ready to move,3,2,"S$ 2,400 /mo",EW24 Jurong East MRT Station,0.97 km
10,282 Toh Guan Road,HDB Apartment,90 sqft ,282 Toh Guan Road, Ready to move,Room,0,S$ 650 /mo,EW24 Jurong East MRT Station,0.86 km
11,J Gateway,Fully Furnished Condominium,516 sqft ,2 Gateway Drive, Ready to move,1,1,"S$ 2,200 /mo",EW24 Jurong East MRT Station,0.17 km
12,268 Toh Guan Road,Partially Furnished HDB Apartment,1087 sqft ,268 Toh Guan Road, Ready to move,3,2,"S$ 2,400 /mo",EW24 Jurong East MRT Station,0.93 km
13,Ivory Heights,Fully Furnished Condominium,1700 sqft ,Jurong East Street 13, Ready to move,3,2,"S$ 2,800 /mo",EW24 Jurong East MRT Station,0.52 km
14,238 Jurong East Street 21,HDB Apartment,1292 sqft ,238 Jurong East Street 21, Ready to move,3,2,"S$ 2,400 /mo",EW24 Jurong East MRT Station,0.73 km
15,287E Jurong East Street 21,HDB Apartment,90 sqft ,287E Jurong East Street 21, S$ 7.22 psf,Room,0,S$ 650 /mo,EW24 Jurong East MRT Station,0.46 km
16,286A Toh Guan Road,Fully Furnished HDB Apartment,1431 sqft ,286A Toh Guan Road, Ready to move,3,2,"S$ 2,600 /mo",EW24 Jurong East MRT Station,0.69 km
17,J Gateway,Condominium,678 sqft ,2 Gateway Drive, Ready to move,2,2,"S$ 3,000 /mo",EW24 Jurong East MRT Station,0.17 km
18,Ivory Heights,Fully Furnished Condominium,250 sqft ,117 Jurong East Street 13, Ready to move,Room,0,"S$ 1,100 /mo",EW24 Jurong East MRT Station,0.52 km
19,250 Jurong East Street 24,Fully Furnished HDB Apartment,796 sqft ,250 Jurong East Street 24, Ready to move,2,2,"S$ 2,300 /mo",EW24 Jurong East MRT Station,0.95 km
0,265 Toh Guan Road,Fully Furnished HDB Apartment,150 sqft ,265 Toh Guan Road, Ready to move,Room,0,S$ 550 /mo,EW24 Jurong East MRT Station,0.79 km
1,210 Jurong East Street 21,Partially Furnished HDB Apartment,660 sqft ,210 Jurong East Street 21, Ready to move,Room,0,S$ 750 /mo,EW24 Jurong East MRT Station,0.57 km
2,J Gateway,Fully Furnished Condominium,80 sqft ,2 Gateway Drive, Ready to move,Room,0,"S$ 1,000 /mo",EW24 Jurong East MRT Station,0.17 km
3,248 Jurong East Street 24,Fully Furnished HDB Apartment,680 sqft ,248 Jurong East Street 24, Ready to move,2,1,"S$ 2,000 /mo",EW24 Jurong East MRT Station,0.90 km
4,211 Jurong East Street 21,Partially Furnished HDB Apartment,200 sqft ,211 Jurong East Street 21, Ready to move,Room,0,S$ 800 /mo,EW24 Jurong East MRT Station,0.52 km
5,J Gateway,Fully Furnished Condominium,678 sqft ,(within 0.17 km), Ready to move,2,1,"S$ 3,200 /mo",EW24 Jurong East MRT Station,0.17 km
6,287A Jurong East Street 21,Fully Furnished HDB Apartment,1550 sqft ,287A Jurong East Street 21, Available from 20 Jun,4,2,"S$ 2,950 /mo",EW24 Jurong East MRT Station,0.52 km
7,J Gateway,Fully Furnished Condominium,678 sqft ,6 Gateway Drive, Available from 13 May,3,2,"S$ 3,200 /mo",EW24 Jurong East MRT Station,0.17 km
8,J Gateway,Partially Furnished Condominium,947 sqft ,2 Gateway Drive, Available from 15 May,3,2,"S$ 3,500 /mo",EW24 Jurong East MRT Station,0.17 km
9,Westmere,Fully Furnished Condominium,250 sqft ,77 Jurong East Street 13, Ready to move,Room,0,S$ 950 /mo,EW24 Jurong East MRT Station,0.63 km
10,288C Jurong East Street 21,Fully Furnished HDB Apartment,200 sqft ,288C Jurong East Street 21, S$ 3.50 psf,Room,0,S$ 700 /mo,EW24 Jurong East MRT Station,0.62 km
11,284 Toh Guan Road,Fully Furnished HDB Apartment,150 sqft ,284 Toh Guan Road, Ready to move,1,1,S$ 650 /mo,EW24 Jurong East MRT Station,0.78 km
12,"6 Gateway Dr, Singapore",Partially Furnished Condominium,678 sqft ,(within 0.13 km), Ready to move,2,1,"S$ 2,900 /mo",EW24 Jurong East MRT Station,0.13 km
13,249 Jurong East Street 24,Partially Furnished HDB Apartment,689 sqft ,249 Jurong East Street 24, Ready to move,2,2,"S$ 1,900 /mo",EW24 Jurong East MRT Station,0.93 km
14,J Gateway,Fully Furnished Condominium,495 sqft ,2 Gateway Drive, Ready to move,1,1,"S$ 2,300 /mo",EW24 Jurong East MRT Station,0.17 km
15,Ivory Heights,Partially Furnished Condominium,1700 sqft ,122 Jurong East Street 13, Ready to move,3,2,"S$ 2,900 /mo",EW24 Jurong East MRT Station,0.52 km
16,J Gateway,Partially Furnished Condominium,743 sqft ,2 Gateway Drive, S$ 4.04 psf,2,2,"S$ 3,000 /mo",EW24 Jurong East MRT Station,0.17 km
17,267 Toh Guan Road,Partially Furnished HDB Apartment,1088 sqft ,267 Toh Guan Road, Ready to move,3,2,"S$ 2,250 /mo",EW24 Jurong East MRT Station,0.84 km
18,272 Toh Guan Road,Fully Furnished HDB Apartment,1291 sqft ,272 Toh Guan Road, Ready to move,3,2,"S$ 2,500 /mo",EW24 Jurong East MRT Station,0.98 km
19,J Gateway,Condominium,678 sqft ,2 Gateway Drive, Ready to move,2,2,"S$ 3,280 /mo",EW24 Jurong East MRT Station,0.17 km
0,282A Toh Guan Road,Partially Furnished HDB Apartment,140 sqft ,282A Toh Guan Road, Ready to move,3,2,"S$ 2,000 /mo",EW24 Jurong East MRT Station,0.90 km
1,J Gateway,Condominium,678 sqft ,2 Gateway Drive, Ready to move,2,2,"S$ 2,800 /mo",EW24 Jurong East MRT Station,0.17 km
2,272 Toh Guan Road,Fully Furnished HDB Apartment,1291 sqft ,272 Toh Guan Road, Ready to move,3,2,"S$ 2,300 /mo",EW24 Jurong East MRT Station,0.98 km
3,246 Jurong East Street 24,Fully Furnished HDB Apartment,90 sqft ,246 Jurong East Street 24, Ready to move,Room,0,S$ 800 /mo,EW24 Jurong East MRT Station,0.85 km
4,101 Jurong East Street 13,HDB Apartment,732 sqft ,101 Jurong East Street 13, Ready to move,2,2,"S$ 1,600 /mo",EW24 Jurong East MRT Station,0.43 km
5,286A Toh Guan Road,Fully Furnished HDB Apartment,1100 sqft ,286A Toh Guan Road, Ready to move,4,2,"S$ 2,700 /mo",EW24 Jurong East MRT Station,0.69 km
6,211 Jurong East Street 21,Fully Furnished HDB Apartment,100 sqft ,211 Jurong East Street 21, Ready to move,Room,0,S$ 750 /mo,EW24 Jurong East MRT Station,0.52 km
7,J Gateway,Fully Furnished Condominium,969 sqft ,2 Gateway Drive, Available from 15 Apr,3,2,"S$ 3,500 /mo",EW24 Jurong East MRT Station,0.17 km
8,J Gateway,Partially Furnished Condominium,743 sqft ,2 Gateway Drive, Ready to move,2,2,"S$ 3,200 /mo",EW24 Jurong East MRT Station,0.17 km
9,J Gateway,Fully Furnished Condominium,474 sqft ,2 Gateway Drive, Available from 15 Apr,1,1,"S$ 2,600 /mo",EW24 Jurong East MRT Station,0.17 km
10,J Gateway,Fully Furnished Condominium,474 sqft ,2 Gateway Drive, Ready to move,1,1,"S$ 2,500 /mo",EW24 Jurong East MRT Station,0.17 km
11,J Gateway,Condominium,474 sqft ,2 Gateway Drive, Ready to move,1,1,"S$ 2,300 /mo",EW24 Jurong East MRT Station,0.17 km
12,J Gateway,Partially Furnished Condominium,743 sqft ,2 Gateway Drive, Ready to move,2,2,"S$ 3,100 /mo",EW24 Jurong East MRT Station,0.17 km
13,J Gateway,Fully Furnished Condominium,506 sqft ,2 Gateway Drive, Ready to move,1,1,"S$ 2,500 /mo",EW24 Jurong East MRT Station,0.17 km
14,J Gateway,Fully Furnished Condominium,474 sqft ,2 Gateway Drive, Ready to move,1,1,"S$ 2,500 /mo",EW24 Jurong East MRT Station,0.17 km
15,231 Jurong East Street 21,HDB Apartment,721 sqft ,231 Jurong East Street 21, S$ 2.84 psf,2,2,"S$ 2,050 /mo",EW24 Jurong East MRT Station,0.87 km
16,278 Toh Guan Road,Fully Furnished HDB Apartment,1162 sqft ,278 Toh Guan Road, S$ 2.15 psf,3,2,"S$ 2,500 /mo",EW24 Jurong East MRT Station,0.92 km
17,110 Jurong East Street 13,Fully Furnished HDB Apartment,747 sqft ,110 Jurong East Street 13, Ready to move,2,2,"S$ 1,700 /mo",EW24 Jurong East MRT Station,0.77 km
18,101 Jurong East Street 13,Fully Furnished HDB Apartment,110 sqft ,101 Jurong East Street 13, Ready to move,Room,0,S$ 750 /mo,EW24 Jurong East MRT Station,0.43 km
19,285A Toh Guan Road,Fully Furnished HDB Apartment,1550 sqft ,285A Toh Guan Road, Ready to move,4,2,"S$ 2,600 /mo",EW24 Jurong East MRT Station,0.71 km
0,238 Jurong East Street 21,Fully Furnished HDB Apartment,1100 sqft ,238 Jurong East Street 21, Ready to move,3,2,"S$ 2,600 /mo",EW24 Jurong East MRT Station,0.73 km
1,248 Jurong East Street 24,Fully Furnished HDB Apartment,250 sqft ,248 Jurong East Street 24, Ready to move,Room,0,S$ 650 /mo,EW24 Jurong East MRT Station,0.90 km
2,101 Jurong East Street 13,Fully Furnished HDB Apartment,100 sqft ,101 Jurong East Street 13, Ready to move,Room,0,S$ 800 /mo,EW24 Jurong East MRT Station,0.43 km
3,225 Jurong East Street 21,Fully Furnished HDB Apartment,914 sqft ,225 Jurong East Street 21, Ready to move,2,2,"S$ 2,000 /mo",EW24 Jurong East MRT Station,0.99 km
4,285C Toh Guan Road,HDB Apartment,150 sqft ,285C Toh Guan Road, Ready to move,Room,0,S$ 600 /mo,EW24 Jurong East MRT Station,0.71 km
5,230 Jurong East Street 21,Fully Furnished HDB Apartment,1200 sqft ,230 Jurong East Street 21, Ready to move,3,2,"S$ 2,200 /mo",EW24 Jurong East MRT Station,0.95 km
6,244 Jurong East Street 24,Fully Furnished HDB Apartment,150 sqft ,244 Jurong East Street 24, Ready to move,Room,0,S$ 700 /mo,EW24 Jurong East MRT Station,0.92 km
7,Jurong East MRT Common Rooms For Rent @ 124 Ivory Heights,Fully Furnished Apartment,140 sqft ,124 Jurong East Street 13, S$ 5.71 psf,Room,0,S$ 800 /mo,EW24 Jurong East MRT Station,0.42 km
8,Ivory Heights,Fully Furnished Condominium,107 sqft ,Jurong East Street 13, Ready to move,Room,0,S$ 700 /mo,EW24 Jurong East MRT Station,0.52 km
9,248 Jurong East Street 24,Fully Furnished HDB Apartment,250 sqft ,248 Jurong East Street 24, Ready to move,Room,0,S$ 850 /mo,EW24 Jurong East MRT Station,0.90 km
10,J Gateway,Partially Furnished Condominium,603 sqft ,2 Gateway Drive, Ready to move,2,1,"S$ 2,800 /mo",EW24 Jurong East MRT Station,0.17 km
11,247 Jurong East Street 24,Fully Furnished HDB Apartment,700 sqft ,247 Jurong East Street 24, S$ 1.00 psf,Room,0,S$ 700 /mo,EW24 Jurong East MRT Station,0.89 km
12,114 Jurong East Street 13,Fully Furnished HDB Apartment,743 sqft ,114 Jurong East Street 13, Ready to move,2,2,"S$ 1,900 /mo",EW24 Jurong East MRT Station,0.93 km
13,Ivory Heights,Partially Furnished Condominium,1669 sqft ,Jurong East Street 13, Ready to move,3,2,"S$ 2,800 /mo",EW24 Jurong East MRT Station,0.52 km
14,Ivory Heights,Fully Furnished Condominium,1756 sqft ,Jurong East Street 13, Ready to move,3,2,"S$ 2,700 /mo",EW24 Jurong East MRT Station,0.52 km
15,107 Jurong East Street 13,Fully Furnished HDB Apartment,1000 sqft ,107 Jurong East Street 13, Ready to move,3,2,"S$ 2,300 /mo",EW24 Jurong East MRT Station,0.57 km
16,Ivory Heights,Fully Furnished Condominium,150 sqft ,122 Jurong East Street 13, Ready to move,Room,0,"S$ 1,000 /mo",EW24 Jurong East MRT Station,0.52 km
17,Ivory Heights,Fully Furnished Condominium,200 sqft ,Jurong East Street 13, S$ 4.25 psf,Room,0,S$ 850 /mo,EW24 Jurong East MRT Station,0.52 km
18,J Gateway,Fully Furnished Condominium,100 sqft ,2 Gateway Drive, Ready to move,Room,0,"S$ 1,000 /mo",EW24 Jurong East MRT Station,0.17 km
19,214 Jurong East Street 21,Fully Furnished HDB Apartment,100 sqft ,214 Jurong East Street 21, Ready to move,Room,0,S$ 600 /mo,EW24 Jurong East MRT Station,0.63 km
0,285A Toh Guan Road,Fully Furnished HDB Apartment,1537 sqft ,285A Toh Guan Road, Ready to move,3,2,"S$ 2,500 /mo",EW24 Jurong East MRT Station,0.71 km
1,244 Jurong East Street 24,Fully Furnished HDB Apartment,1050 sqft ,244 Jurong East Street 24, S$ 2.29 psf,3,2,"S$ 2,400 /mo",EW24 Jurong East MRT Station,0.92 km
2,245 Jurong East Street 24,Unfurnished HDB Apartment,721 sqft ,245 Jurong East Street 24, Ready to move,2,2,"S$ 1,800 /mo",EW24 Jurong East MRT Station,0.82 km
3,Westmere,Fully Furnished Condominium,1290 sqft ,75 Jurong East Street 13, Ready to move,3,2,"S$ 2,800 /mo",EW24 Jurong East MRT Station,0.63 km
4,J Gateway,Partially Furnished Condominium,689 sqft ,2 Gateway Drive, S$ 3.63 psf,2,2,"S$ 2,500 /mo",EW24 Jurong East MRT Station,0.17 km
5,J Gateway,Partially Furnished Condominium,527 sqft ,2 Gateway Drive, S$ 4.36 psf,1,1,"S$ 2,300 /mo",EW24 Jurong East MRT Station,0.17 km
6,105 Jurong East Street 13,Fully Furnished HDB Apartment,100 sqft ,105 Jurong East Street 13, Ready to move,Room,0,S$ 650 /mo,EW24 Jurong East MRT Station,0.50 km
7,287D Jurong East Street 21,Fully Furnished HDB Apartment,159 sqft ,287D Jurong East Street 21, Ready to move,Room,0,S$ 800 /mo,EW24 Jurong East MRT Station,0.47 km
8,287D Jurong East Street 21,Fully Furnished HDB Apartment,158 sqft ,287D Jurong East Street 21, Ready to move,Room,0,S$ 800 /mo,EW24 Jurong East MRT Station,0.47 km
9,Ivory Heights,Partially Furnished Condominium,1760 sqft ,118 Jurong East Street 13, Ready to move,3,2,"S$ 2,700 /mo",EW24 Jurong East MRT Station,0.52 km
10,244 Jurong East Street 24,Fully Furnished HDB Apartment,100 sqft ,244 Jurong East Street 24, Ready to move,Room,0,S$ 800 /mo,EW24 Jurong East MRT Station,0.92 km
11,J Gateway,Fully Furnished Condominium,495 sqft ,2 Gateway Drive, Ready to move,1,1,"S$ 2,900 /mo",EW24 Jurong East MRT Station,0.17 km
12,J Gateway,Condominium,969 sqft ,2 Gateway Drive, Available from 12 Apr,3,2,"S$ 4,300 /mo",EW24 Jurong East MRT Station,0.17 km
13,J Gateway,Partially Furnished Condominium,678 sqft ,6 Gateway Drive, Ready to move,2,2,"S$ 2,850 /mo",EW24 Jurong East MRT Station,0.17 km
14,J Gateway,Partially Furnished Condominium,603 sqft ,2 Gateway Drive, Ready to move,2,1,"S$ 2,500 /mo",EW24 Jurong East MRT Station,0.17 km
15,106 Jurong East Street 13,Fully Furnished HDB Apartment,200 sqft ,106 Jurong East Street 13, Ready to move,Room,0,S$ 700 /mo,EW24 Jurong East MRT Station,0.55 km
16,225 Jurong East Street 21,Fully Furnished HDB Apartment,882 sqft ,225 Jurong East Street 21, Ready to move,2,2,"S$ 2,000 /mo",EW24 Jurong East MRT Station,0.99 km
17,278 Toh Guan Road,Fully Furnished HDB Apartment,1162 sqft ,278 Toh Guan Road, S$ 1.89 psf,3,2,"S$ 2,200 /mo",EW24 Jurong East MRT Station,0.92 km
18,243 Jurong East Street 24,Fully Furnished HDB Apartment,731 sqft ,243 Jurong East Street 24, S$ 2.46 psf,2,2,"S$ 1,800 /mo",EW24 Jurong East MRT Station,0.88 km
19,106 Jurong East Street 13,Fully Furnished HDB Apartment,1300 sqft ,106 Jurong East Street 13, Ready to move,3,2,"S$ 2,300 /mo",EW24 Jurong East MRT Station,0.55 km
0,206 Jurong East Street 21,Fully Furnished HDB Apartment,1012 sqft ,206 Jurong East Street 21, Ready to move,3,2,"S$ 2,400 /mo",EW24 Jurong East MRT Station,0.38 km
1,J Gateway,Partially Furnished Condominium,517 sqft ,2 Gateway Drive, S$ 4.84 psf,2,1,"S$ 2,500 /mo",EW24 Jurong East MRT Station,0.17 km
2,288A Jurong East Street 21,Partially Furnished HDB Apartment,150 sqft ,288A Jurong East Street 21, S$ 4.33 psf,Room,0,S$ 650 /mo,EW24 Jurong East MRT Station,0.53 km
3,243 Jurong East Street 24,Fully Furnished HDB Apartment,100 sqft ,243 Jurong East Street 24, S$ 6.00 psf,Room,0,S$ 600 /mo,EW24 Jurong East MRT Station,0.88 km
4,248 Jurong East Street 24,Fully Furnished HDB Apartment,1200 sqft ,248 Jurong East Street 24, Ready to move,Room,0,S$ 850 /mo,EW24 Jurong East MRT Station,0.90 km
5,J Gateway,Fully Furnished Condominium,775 sqft ,(within 0.17 km), S$ 4.90 psf,2,2,"S$ 3,800 /mo",EW24 Jurong East MRT Station,0.17 km
6,115 Jurong East Street 13,Fully Furnished HDB Apartment,150 sqft ,115 Jurong East Street 13, Ready to move,1,1,S$ 750 /mo,EW24 Jurong East MRT Station,0.93 km
7,J Gateway,Fully Furnished Condominium,495 sqft ,6 Gateway Drive, Ready to move,1,1,"S$ 2,500 /mo",EW24 Jurong East MRT Station,0.17 km
8,J Gateway,Partially Furnished Condominium,678 sqft ,6 Gateway Drive, Ready to move,2,2,"S$ 2,999 /mo",EW24 Jurong East MRT Station,0.17 km
9,Westmere,Fully Furnished Condominium,1110 sqft ,71 Jurong East Street 13, Ready to move,3,3,"S$ 3,500 /mo",EW24 Jurong East MRT Station,0.63 km
10,286C Toh Guan Road,Partially Furnished HDB Apartment,1539 sqft ,286C Toh Guan Road, Ready to move,3,2,"S$ 2,750 /mo",EW24 Jurong East MRT Station,0.62 km
11,J Gateway,Fully Furnished Condominium,100 sqft ,2 Gateway Drive, Ready to move,Room,0,"S$ 1,300 /mo",EW24 Jurong East MRT Station,0.17 km
12,221 Jurong East Street 21,Fully Furnished HDB Apartment,721 sqft ,221 Jurong East Street 21, Ready to move,2,2,"S$ 1,800 /mo",EW24 Jurong East MRT Station,0.92 km
13,282 Toh Guan Road,HDB Apartment,968 sqft ,282 Toh Guan Road, Available from 1 May,3,2,"S$ 2,300 /mo",EW24 Jurong East MRT Station,0.86 km
14,285A Toh Guan Road,Partially Furnished HDB Apartment,1400 sqft ,285A Toh Guan Road, Ready to move,4,2,"S$ 2,500 /mo",EW24 Jurong East MRT Station,0.71 km
15,Ivory Heights,Fully Furnished Condominium,97 sqft ,Jurong East Street 13, S$ 9.28 psf,Room,0,S$ 900 /mo,EW24 Jurong East MRT Station,0.52 km
16,271 Toh Guan Road,Partially Furnished HDB Apartment,120 sqft ,271 Toh Guan Road, Ready to move,3,2,"S$ 2,000 /mo",EW24 Jurong East MRT Station,0.96 km
17,210 Jurong East Street 21,Fully Furnished HDB Apartment,150 sqft ,210 Jurong East Street 21, Ready to move,Room,0,S$ 750 /mo,EW24 Jurong East MRT Station,0.57 km
18,Ivory Heights,Fully Furnished Condominium,1701 sqft ,Jurong East Street 13, S$ 1.70 psf,3,2,"S$ 2,900 /mo",EW24 Jurong East MRT Station,0.52 km
0,J Gateway,Fully Furnished Condominium,678 sqft ,6 Gateway Drive, Ready to move,2,2,"S$ 3,200 /mo",EW24 Jurong East MRT Station,0.17 km
1,285B Toh Guan Road,Fully Furnished HDB Apartment,215 sqft ,285B Toh Guan Road, Ready to move,Room,0,S$ 800 /mo,EW24 Jurong East MRT Station,0.74 km
2,219 Jurong East Street 21,Fully Furnished HDB Apartment,990 sqft ,219 Jurong East Street 21, Ready to move,3,2,"S$ 2,300 /mo",EW24 Jurong East MRT Station,0.92 km
3,Westmere,Condominium,1200 sqft ,77 Jurong East Street 13, Ready to move,3,3,"S$ 3,200 /mo",EW24 Jurong East MRT Station,0.63 km
4,J Gateway,Fully Furnished Condominium,893 sqft ,2 Gateway Drive, S$ 4.03 psf,3,2,"S$ 3,600 /mo",EW24 Jurong East MRT Station,0.17 km
5,248 Jurong East Street 24,Fully Furnished HDB Apartment,700 sqft ,248 Jurong East Street 24, Ready to move,2,2,"S$ 2,200 /mo",EW24 Jurong East MRT Station,0.90 km
6,278 Toh Guan Road,Fully Furnished HDB Apartment,1291 sqft ,278 Toh Guan Road, Ready to move,3,2,"S$ 2,450 /mo",EW24 Jurong East MRT Station,0.92 km
7,Ivory Heights,Fully Furnished Condominium,200 sqft ,122 Jurong East Street 13, S$ 3.75 psf,Room,0,S$ 750 /mo,EW24 Jurong East MRT Station,0.52 km
8,J Gateway,Partially Furnished Condominium,474 sqft ,2 Gateway Drive, S$ 5.27 psf,1,1,"S$ 2,500 /mo",EW24 Jurong East MRT Station,0.17 km
9,Ivory Heights,Fully Furnished Condominium,200 sqft ,122 Jurong East Street 13, Ready to move,Room,0,S$ 800 /mo,EW24 Jurong East MRT Station,0.52 km
10,Hdb,Partially Furnished HDB Apartment,690 sqft ,208 jurong East, Ready to move,2,2,"S$ 2,188 /mo",EW24 Jurong East MRT Station,0.49 km
11,J Gateway,Condominium,947 sqft ,2 Gateway Drive, Ready to move,3,2,"S$ 3,800 /mo",EW24 Jurong East MRT Station,0.17 km
12,J Gateway,Condominium,678 sqft ,2 Gateway Drive, Ready to move,2,2,"S$ 2,800 /mo",EW24 Jurong East MRT Station,0.17 km
13,J Gateway,Condominium,474 sqft ,2 Gateway Drive, Ready to move,1,1,"S$ 2,500 /mo",EW24 Jurong East MRT Station,0.17 km
14,101 Jurong East Street 13,Fully Furnished HDB Apartment,90 sqft ,101 Jurong East Street 13, Ready to move,Room,0,S$ 500 /mo,EW24 Jurong East MRT Station,0.43 km
15,J Gateway,Fully Furnished Condominium,743 sqft ,2 Gateway Drive, S$ 4.78 psf,2,2,"S$ 3,550 /mo",EW24 Jurong East MRT Station,0.17 km
16,238 Jurong East Street 21,Partially Furnished HDB Apartment,1292 sqft ,238 Jurong East Street 21, Ready to move,3,2,"S$ 2,600 /mo",EW24 Jurong East MRT Station,0.73 km
17,J Gateway,Fully Furnished Condominium,506 sqft ,2 Gateway Drive, Ready to move,1,1,"S$ 2,550 /mo",EW24 Jurong East MRT Station,0.17 km
18,Ivory Heights,Partially Furnished Condominium,1700 sqft ,117 Jurong East Street 13, Ready to move,3,3,"S$ 2,800 /mo",EW24 Jurong East MRT Station,0.52 km
19,Ivory Heights,Unfurnished Condominium,1700 sqft ,Jurong East Street 13, Ready to move,3,2,"S$ 3,300 /mo",EW24 Jurong East MRT Station,0.52 km
0,J Gateway,Partially Furnished Condominium,527 sqft ,2 Gateway Drive, Ready to move,1,1,"S$ 2,600 /mo",EW24 Jurong East MRT Station,0.17 km
1,J Gateway,Condominium,495 sqft ,2 Gateway Drive, Ready to move,1,1,"S$ 2,590 /mo",EW24 Jurong East MRT Station,0.17 km
2,272 Toh Guan Road,Fully Furnished HDB Apartment,200 sqft ,272 Toh Guan Road, Ready to move,Room,0,S$ 650 /mo,EW24 Jurong East MRT Station,0.98 km
3,231 Jurong East Street 21,Fully Furnished HDB Apartment,150 sqft ,231 Jurong East Street 21, Ready to move,3,2,S$ 650 /mo,EW24 Jurong East MRT Station,0.87 km
4,Ivory Heights,Partially Furnished Condominium,1701 sqft ,Jurong East Street 13, Ready to move,3,2,"S$ 2,900 /mo",EW24 Jurong East MRT Station,0.52 km
5,101 Jurong East Street 13,Fully Furnished HDB Apartment,732 sqft ,101 Jurong East Street 13, Ready to move,2,2,"S$ 1,800 /mo",EW24 Jurong East MRT Station,0.43 km
6,Ivory Heights,Fully Furnished Condominium,1756 sqft ,124 Jurong East Street 13, Ready to move,3,3,"S$ 2,500 /mo",EW24 Jurong East MRT Station,0.52 km
7,216 Jurong East Street 21,Fully Furnished HDB Apartment,1593 sqft ,216 Jurong East Street 21, Ready to move,3,2,"S$ 2,400 /mo",EW24 Jurong East MRT Station,0.71 km
8,J Gateway,Condominium,678 sqft ,2 Gateway Drive, Ready to move,2,2,"S$ 3,000 /mo",EW24 Jurong East MRT Station,0.17 km
9,215 Jurong East Street 21,Fully Furnished HDB Apartment,721 sqft ,215 Jurong East Street 21, Ready to move,2,2,"S$ 1,750 /mo",EW24 Jurong East MRT Station,0.73 km
10,249 Jurong East Street 24,Fully Furnished HDB Apartment,818 sqft ,249 Jurong East Street 24, Ready to move,Room,0,"S$ 1,000 /mo",EW24 Jurong East MRT Station,0.93 km
11,J Gateway,Partially Furnished Condominium,1485 sqft ,2 Gateway Drive, S$ 3.03 psf,3,2,"S$ 4,500 /mo",EW24 Jurong East MRT Station,0.17 km
12,J Gateway,Fully Furnished Condominium,474 sqft ,6 Gateway Drive, Ready to move,1,1,"S$ 2,600 /mo",EW24 Jurong East MRT Station,0.17 km
13,112 Jurong East Street 13,HDB Apartment,1000 sqft ,112 Jurong East Street 13, S$ 1.70 psf,2,2,"S$ 1,700 /mo",EW24 Jurong East MRT Station,0.86 km
14,236 Jurong East Street 21,Fully Furnished HDB Apartment,101 sqft ,236 Jurong East Street 21, S$ 5.94 psf,Room,0,S$ 600 /mo,EW24 Jurong East MRT Station,0.69 km
15,221A Jurong East Street 21,Fully Furnished HDB Apartment,110 sqft ,221A Jurong East Street 21, S$ 19.09 psf,3,2,"S$ 2,100 /mo",EW24 Jurong East MRT Station,0.93 km
16,203 Jurong East Street 21,Partially Furnished HDB Apartment,721 sqft ,203 Jurong East Street 21, S$ 2.64 psf,2,2,"S$ 1,900 /mo",EW24 Jurong East MRT Station,0.31 km
17,J Gateway,Fully Furnished Condominium,474 sqft ,6 Gateway Drive, S$ 5.70 psf,1,1,"S$ 2,700 /mo",EW24 Jurong East MRT Station,0.17 km
18,201 Jurong East Street 21,Fully Furnished HDB Apartment,1400 sqft ,201 Jurong East Street 21, S$ 1.82 psf,3,2,"S$ 2,550 /mo",EW24 Jurong East MRT Station,0.28 km
19,J Gateway,Fully Furnished Condominium,1000 sqft ,4 Gateway Drive, S$ 3.20 psf,3,2,"S$ 3,200 /mo",EW24 Jurong East MRT Station,0.17 km
0,J Gateway,Fully Furnished Condominium,969 sqft ,2 Gateway Drive, S$ 3.82 psf,3,2,"S$ 3,700 /mo",EW24 Jurong East MRT Station,0.17 km
1,Ivory Heights,Fully Furnished Condominium,120 sqft ,119 Jurong East Street 13, S$ 7.92 psf,Room,0,S$ 950 /mo,EW24 Jurong East MRT Station,0.71 km
