0,Alex Residences,Partially Furnished Apartment,678 sqft ,Alexandra View, Ready to move,2,2,"S$ 4,500 /mo",EW18 Redhill MRT Station,0.06 km
1,164 Bukit Merah Central,Partially Furnished HDB Apartment,667 sqft ,164 Bukit Merah Central, Ready to move,2,1,"S$ 2,200 /mo",EW18 Redhill MRT Station,0.70 km
2,Jervois Lodge,Fully Furnished Condominium,250 sqft ,34 Jervois Road, Ready to move,Room,0,"S$ 1,200 /mo",EW18 Redhill MRT Station,0.89 km
3,Jervois Mansions,Partially Furnished Condominium,3000 sqft ,18 Jervois Road, Ready to move,3,3,"S$ 9,250 /mo",EW18 Redhill MRT Station,0.95 km
4,JJ's Residences @ Jervois,Fully Furnished Apartment,550 sqft ,29 Jervois Road, S$ 6.36 psf,2,1,"S$ 3,500 /mo",EW18 Redhill MRT Station,0.89 km
5,Alex Residences,Partially Furnished Apartment,1044 sqft ,Alexandra View, Ready to move,3,3,"S$ 4,900 /mo",EW18 Redhill MRT Station,0.06 km
6,53 Lengkok Bahru,Fully Furnished HDB Apartment,903 sqft ,53 Lengkok Bahru, Ready to move,3,2,"S$ 2,500 /mo",EW18 Redhill MRT Station,0.37 km
7,36 Jalan Rumah Tinggi,Fully Furnished HDB Apartment,150 sqft ,36 Jalan Rumah Tinggi, Ready to move,1,1,S$ 750 /mo,EW18 Redhill MRT Station,0.89 km
8,The Crest,Partially Furnished Condominium,1184 sqft ,103 Prince Charles Crescent, Ready to move,3,2,"S$ 5,300 /mo",EW18 Redhill MRT Station,0.74 km
9,Echelon,Partially Furnished Condominium,732 sqft ,9 Alexandra View, S$ 4.92 psf,2,2,"S$ 3,600 /mo",EW18 Redhill MRT Station,0.20 km
10,The Metropolitan Condominium,Partially Furnished Condominium,721 sqft ,6 Alexandra View, S$ 4.58 psf,2,1,"S$ 3,300 /mo",EW18 Redhill MRT Station,0.12 km
11,Tanglin Regency,Fully Furnished Condominium,850 sqft ,383 Tanglin Road, Ready to move,2,2,"S$ 3,300 /mo",EW18 Redhill MRT Station,0.25 km
12,The Metropolitan Condominium,Partially Furnished Condominium,840 sqft ,6 Alexandra View, Ready to move,2,2,"S$ 3,200 /mo",EW18 Redhill MRT Station,0.12 km
13,The Metropolitan Condominium,Fully Furnished Condominium,1399 sqft ,8 Alexandra View, Ready to move,3,3,"S$ 5,000 /mo",EW18 Redhill MRT Station,0.12 km
14,Alex Residences,Partially Furnished Apartment,678 sqft ,Alexandra View, Ready to move,2,2,"S$ 3,400 /mo",EW18 Redhill MRT Station,0.06 km
15,The Crest,Condominium,797 sqft ,101 Prince Charles Crescent, Ready to move,2,2,"S$ 4,200 /mo",EW18 Redhill MRT Station,0.74 km
16,The Crest,Condominium,1195 sqft ,101 Prince Charles Crescent, Ready to move,3,2,"S$ 5,300 /mo",EW18 Redhill MRT Station,0.74 km
17,The Crest,Partially Furnished Condominium,614 sqft ,101 Prince Charles Crescent, Ready to move,1,1,"S$ 3,500 /mo",EW18 Redhill MRT Station,0.74 km
18,86 Dawson Road,Fully Furnished HDB Apartment,100 sqft ,86 Dawson Road, Ready to move,Room,0,S$ 850 /mo,EW18 Redhill MRT Station,0.97 km
19,Echelon,Fully Furnished Condominium,452 sqft ,9 Alexandra View, Ready to move,1,1,"S$ 2,800 /mo",EW18 Redhill MRT Station,0.20 km
0,Alex Residences,Partially Furnished Apartment,926 sqft ,(within 0.06 km), Ready to move,3,2,"S$ 4,500 /mo",EW18 Redhill MRT Station,0.06 km
1,Lotus At Jervois,Fully Furnished Condominium,1410 sqft ,31 Jervois Road, S$ 4.11 psf,3,2,"S$ 5,800 /mo",EW18 Redhill MRT Station,0.83 km
2,Ascentia Sky,Partially Furnished Apartment,1475 sqft ,3 Alexandra View, Ready to move,3,3,"S$ 5,500 /mo",EW18 Redhill MRT Station,0.23 km
3,Alex Residences,Partially Furnished Apartment,1023 sqft ,28 Alexandra View, Ready to move,3,3,"S$ 5,000 /mo",EW18 Redhill MRT Station,0.11 km
4,117 Bukit Merah Central,Fully Furnished HDB Apartment,120 sqft ,117 Bukit Merah Central, Ready to move,Room,0,S$ 800 /mo,EW18 Redhill MRT Station,0.70 km
5,Tanglin View,Fully Furnished Condominium,1248 sqft ,156 Prince Charles Crescent, S$ 1.04 psf,Room,0,"S$ 1,300 /mo",EW18 Redhill MRT Station,0.28 km
6,Alex Residences,Condominium,926 sqft ,28 Alexandra View, Ready to move,3,2,"S$ 4,500 /mo",EW18 Redhill MRT Station,0.11 km
7,The Crest,Partially Furnished Condominium,1600 sqft ,115 Prince Charles Crescent, Ready to move,4,3,"S$ 7,500 /mo",EW18 Redhill MRT Station,0.74 km
8,105 Henderson Crescent,Fully Furnished HDB Apartment,150 sqft ,105 Henderson Crescent, Ready to move,Room,0,S$ 650 /mo,EW18 Redhill MRT Station,0.64 km
9,51 Strathmore Avenue,Fully Furnished HDB Apartment,969 sqft ,51 Strathmore Avenue, Ready to move,3,2,"S$ 3,000 /mo",EW18 Redhill MRT Station,0.96 km
10,Jervois Mansions,Partially Furnished Condominium,3000 sqft ,18 Jervois Road, Ready to move,3,3,"S$ 9,250 /mo",EW18 Redhill MRT Station,0.95 km
11,The Metropolitan Condominium,Unfurnished Condominium,1432 sqft ,8 Alexandra View, Ready to move,3,3,"S$ 4,400 /mo",EW18 Redhill MRT Station,0.12 km
12,46 Lengkok Bahru,Fully Furnished HDB Apartment,129 sqft ,46 Lengkok Bahru, S$ 5.43 psf,Room,0,S$ 700 /mo,EW18 Redhill MRT Station,0.55 km
13,8 Jalan Rumah Tinggi,Partially Furnished HDB Apartment,1200 sqft ,8 Jalan Rumah Tinggi, Available from 15 Apr,3,2,"S$ 2,500 /mo",EW18 Redhill MRT Station,0.98 km
14,Jervois Gardens,Partially Furnished Condominium,2200 sqft ,30F - 30H Jervois Close, Ready to move,4,3,"S$ 5,000 /mo",EW18 Redhill MRT Station,0.79 km
15,Echelon,Partially Furnished Condominium,732 sqft ,7 Alexandra View, Ready to move,2,2,"S$ 3,500 /mo",EW18 Redhill MRT Station,0.20 km
16,Alex Residences,Partially Furnished Apartment,657 sqft ,28 Alexandra View, Ready to move,2,2,"S$ 3,300 /mo",EW18 Redhill MRT Station,0.11 km
17,Jervois View,Partially Furnished Apartment,2475 sqft ,21 Jervois Road, Ready to move,3,3,"S$ 7,500 /mo",EW18 Redhill MRT Station,0.94 km
18,69 Redhill Close,Fully Furnished HDB Apartment,500 sqft ,69 Redhill Close, Ready to move,1,1,"S$ 1,400 /mo",EW18 Redhill MRT Station,0.31 km
19,93 Dawson Road,Fully Furnished HDB Apartment,200 sqft ,93 Dawson Road, Ready to move,Room,0,"S$ 1,800 /mo",EW18 Redhill MRT Station,0.83 km
0,Jervois Grove,Partially Furnished Apartment,1500 sqft ,100 Jervois Road, Ready to move,3,3,"S$ 3,700 /mo",EW18 Redhill MRT Station,0.59 km
1,Tanglin Regency,Partially Furnished Condominium,1109 sqft ,383 Tanglin Road, Ready to move,3,3,"S$ 3,900 /mo",EW18 Redhill MRT Station,0.25 km
2,Jervois Lodge,Fully Furnished Condominium,1109 sqft ,38 Jervois Road, Ready to move,3,3,"S$ 3,600 /mo",EW18 Redhill MRT Station,0.89 km
3,The Metropolitan Condominium,Condominium,150 sqft ,8 Alexandra View, Ready to move,1,0,"S$ 1,400 /mo",EW18 Redhill MRT Station,0.12 km
4,Ascentia Sky,Partially Furnished Apartment,958 sqft ,3 Alexandra View, Ready to move,2,2,"S$ 4,600 /mo",EW18 Redhill MRT Station,0.23 km
5,Alex Residences,Partially Furnished Apartment,926 sqft ,(within 0.06 km), Ready to move,3,2,"S$ 4,000 /mo",EW18 Redhill MRT Station,0.06 km
6,Alex Residences,Partially Furnished Condominium,925 sqft ,Alexandra View, Ready to move,3,2,"S$ 4,200 /mo",EW18 Redhill MRT Station,0.06 km
7,The Crest,Condominium,1184 sqft ,101 Prince Charles Crescent, Ready to move,3,3,"S$ 4,950 /mo",EW18 Redhill MRT Station,0.74 km
8,Alessandrea,Partially Furnished Apartment,1098 sqft ,31 Alexandra Road, Ready to move,3,2,"S$ 3,600 /mo",EW18 Redhill MRT Station,0.66 km
9,75A Redhill Road,Fully Furnished HDB Apartment,1230 sqft ,75A Redhill Road, S$ 2.44 psf,3,2,"S$ 3,000 /mo",EW18 Redhill MRT Station,0.26 km
10,The Metropolitan Condominium,Fully Furnished Condominium,732 sqft ,8 Alexandra View, Ready to move,2,1,"S$ 3,500 /mo",EW18 Redhill MRT Station,0.12 km
11,Echelon,Fully Furnished Condominium,452 sqft ,9 Alexandra View, Ready to move,1,1,"S$ 2,800 /mo",EW18 Redhill MRT Station,0.20 km
12,Tanglin Regency,Fully Furnished Condominium,850 sqft ,383 Tanglin Road, Available from 16 Apr,2,2,"S$ 3,300 /mo",EW18 Redhill MRT Station,0.25 km
13,81 Strathmore Avenue,Fully Furnished HDB Apartment,90 sqft ,81 Strathmore Avenue, Ready to move,3,2,"S$ 2,600 /mo",EW18 Redhill MRT Station,0.99 km
14,Ascentia Sky,Fully Furnished Apartment,1012 sqft ,3 Alexandra View, Ready to move,2,2,"S$ 3,900 /mo",EW18 Redhill MRT Station,0.23 km
15,Jervois Lodge,Fully Furnished Condominium,947 sqft ,32 Jervois Road, Ready to move,2,2,"S$ 3,000 /mo",EW18 Redhill MRT Station,0.89 km
16,Alex Residences,Fully Furnished Apartment,474 sqft ,Alexandra View, Ready to move,1,1,"S$ 2,700 /mo",EW18 Redhill MRT Station,0.06 km
17,Alex Residences,Apartment,1023 sqft ,Alexandra View, Ready to move,3,3,"S$ 4,600 /mo",EW18 Redhill MRT Station,0.06 km
18,Tanglin View,Fully Furnished Condominium,986 sqft ,150 Prince Charles Crescent, Ready to move,Room,0,"S$ 1,100 /mo",EW18 Redhill MRT Station,0.28 km
19,91 Dawson Road,Fully Furnished HDB Apartment,120 sqft ,91 Dawson Road, Ready to move,Room,0,S$ 980 /mo,EW18 Redhill MRT Station,0.79 km
0,Tanglin Regency,Fully Furnished Condominium,850 sqft ,383 Tanglin Road, Ready to move,2,2,"S$ 3,300 /mo",EW18 Redhill MRT Station,0.25 km
1,One Jervois,Condominium,2300 sqft ,7 Jervois Close, Ready to move,4,4,"S$ 8,000 /mo",EW18 Redhill MRT Station,0.97 km
2,Tanglin View,Partially Furnished Condominium,1152 sqft ,150 Prince Charles Crescent, Available from 1 May,3,2,"S$ 3,900 /mo",EW18 Redhill MRT Station,0.28 km
3,The Crest,Partially Furnished Condominium,775 sqft ,101 Prince Charles Crescent, Ready to move,2,2,"S$ 3,900 /mo",EW18 Redhill MRT Station,0.74 km
4,Alex Residences,Partially Furnished Apartment,657 sqft ,Alexandra View, Ready to move,2,2,"S$ 3,550 /mo",EW18 Redhill MRT Station,0.06 km
5,Tanglin View,Partially Furnished Condominium,1152 sqft ,150 Prince Charles Crescent, Ready to move,3,3,"S$ 3,899 /mo",EW18 Redhill MRT Station,0.28 km
6,RENOVATED BEAUTIFUL 3 Bedder Home @ Redhill MRT,Fully Furnished HDB Apartment,1100 sqft ,Bukit Timah /Redhill /MRT /Near Tiong Bahru, Ready to move,3,2,"S$ 3,200 /mo",EW18 Redhill MRT Station,0.12 km
7,The Crest,Partially Furnished Condominium,635 sqft ,101 Prince Charles Crescent, Ready to move,1,1,"S$ 3,600 /mo",EW18 Redhill MRT Station,0.74 km
8,The Crest,Unfurnished Condominium,893 sqft ,103 Prince Charles Crescent, Available from 1 May,2,2,"S$ 4,650 /mo",EW18 Redhill MRT Station,0.74 km
9,Alex Residences,Partially Furnished Apartment,474 sqft ,Alexandra View, Ready to move,1,1,"S$ 2,600 /mo",EW18 Redhill MRT Station,0.06 km
10,Alex Residences,Apartment,474 sqft ,28 Alexandra View, Ready to move,1,1,"S$ 2,700 /mo",EW18 Redhill MRT Station,0.11 km
11,The Metropolitan Condominium,Partially Furnished Condominium,1033 sqft ,6 Alexandra View, Ready to move,2,2,"S$ 4,250 /mo",EW18 Redhill MRT Station,0.12 km
12,One Jervois,Fully Furnished Condominium,635 sqft ,7 Jervois Close, Ready to move,1,1,"S$ 3,500 /mo",EW18 Redhill MRT Station,0.97 km
13,One Jervois,Condominium,1292 sqft ,7 Jervois Close, Ready to move,3,3,"S$ 5,000 /mo",EW18 Redhill MRT Station,0.97 km
14,56 Strathmore Avenue,HDB Apartment,120 sqft ,56 Strathmore Avenue, Ready to move,Room,0,S$ 800 /mo,EW18 Redhill MRT Station,0.87 km
15,53 Lengkok Bahru,HDB Apartment,904 sqft ,53 Lengkok Bahru, Ready to move,3,2,"S$ 2,700 /mo",EW18 Redhill MRT Station,0.37 km
16,THE METROPOLITAN CONDOMINIUM,Fully Furnished Condominium,1400 sqft ,8 ALEXANDRA VIEW, S$ 3.57 psf,3,3,"S$ 5,000 /mo",EW18 Redhill MRT Station,0.15 km
17,93 Dawson Road,Fully Furnished HDB Apartment,960 sqft ,93 Dawson Road, Available from 2 May,2,2,"S$ 2,000 /mo",EW18 Redhill MRT Station,0.83 km
18,The Crest,Condominium,500 sqft ,101 Prince Charles Crescent, Ready to move,Room,0,"S$ 1,700 /mo",EW18 Redhill MRT Station,0.74 km
19,The Crest,Partially Furnished Condominium,724 sqft ,101 Prince Charles Crescent, Ready to move,2,1,"S$ 3,400 /mo",EW18 Redhill MRT Station,0.74 km
0,The Crest,Fully Furnished Condominium,1582 sqft ,101 Prince Charles Crescent, Available from 2 Jun,4,4,"S$ 6,900 /mo",EW18 Redhill MRT Station,0.74 km
1,Tanglin Regency,Fully Furnished Condominium,710 sqft ,381 Tanglin Road, Ready to move,2,2,"S$ 3,200 /mo",EW18 Redhill MRT Station,0.25 km
2,84 Redhill Lane,Partially Furnished HDB Apartment,700 sqft ,84 Redhill Lane, Ready to move,2,1,"S$ 2,400 /mo",EW18 Redhill MRT Station,0.35 km
3,Alex Residences,Apartment,506 sqft ,(within 0.06 km), Ready to move,1,1,"S$ 2,750 /mo",EW18 Redhill MRT Station,0.06 km
4,83 Redhill Lane,Fully Furnished HDB Apartment,1500 sqft ,83 Redhill Lane, Ready to move,Room,0,S$ 800 /mo,EW18 Redhill MRT Station,0.43 km
5,Tanglin Regency,Fully Furnished Condominium,710 sqft ,381 Tanglin Road, Available from 1 May,2,2,"S$ 3,000 /mo",EW18 Redhill MRT Station,0.25 km
6,105 Henderson Crescent,Fully Furnished HDB Apartment,699 sqft ,105 Henderson Crescent, Ready to move,2,1,"S$ 2,000 /mo",EW18 Redhill MRT Station,0.64 km
7,62B Strathmore Avenue,Fully Furnished HDB Apartment,160 sqft ,62B Strathmore Avenue, S$ 6.25 psf,Room,0,"S$ 1,000 /mo",EW18 Redhill MRT Station,0.86 km
8,Tanglin Regency,Fully Furnished Condominium,850 sqft ,383 Tanglin Road, Available from 18 Apr,2,2,"S$ 3,300 /mo",EW18 Redhill MRT Station,0.25 km
9,35 Jalan Rumah Tinggi,Fully Furnished HDB Apartment,1300 sqft ,35 Jalan Rumah Tinggi, Ready to move,3,2,"S$ 2,500 /mo",EW18 Redhill MRT Station,0.89 km
10,50 Strathmore Avenue,Fully Furnished HDB Apartment,300 sqft ,50 Strathmore Avenue, Ready to move,Room,0,S$ 700 /mo,EW18 Redhill MRT Station,0.97 km
11,62B Strathmore Avenue,Fully Furnished HDB Apartment,600 sqft ,62B Strathmore Avenue, Ready to move,1,1,S$ 900 /mo,EW18 Redhill MRT Station,0.86 km
12,Tanglin View,Partially Furnished Condominium,2497 sqft ,150 Prince Charles Crescent, Ready to move,4,4,"S$ 7,800 /mo",EW18 Redhill MRT Station,0.28 km
13,Tanglin Regency,Fully Furnished Condominium,850 sqft ,381 Tanglin Road, Available from 9 May,2,2,"S$ 3,600 /mo",EW18 Redhill MRT Station,0.25 km
14,Tanglin Regency,Partially Furnished Condominium,882 sqft ,381 Tanglin Road, Ready to move,2,2,"S$ 3,100 /mo",EW18 Redhill MRT Station,0.25 km
15,The Crest,Partially Furnished Condominium,947 sqft ,113 Prince Charles Crescent, S$ 4.44 psf,2,2,"S$ 4,200 /mo",EW18 Redhill MRT Station,0.74 km
16,One Jervois,Partially Furnished Condominium,2239 sqft ,7 Jervois Close, Ready to move,4,4,"S$ 8,000 /mo",EW18 Redhill MRT Station,0.97 km
17,The Crest,Partially Furnished Condominium,1195 sqft ,101 Prince Charles Crescent, Ready to move,3,2,"S$ 5,300 /mo",EW18 Redhill MRT Station,0.74 km
18,The Crest,Partially Furnished Condominium,797 sqft ,101 Prince Charles Crescent, Ready to move,2,2,"S$ 4,200 /mo",EW18 Redhill MRT Station,0.74 km
19,The Crest,Partially Furnished Condominium,614 sqft ,101 Prince Charles Crescent, Ready to move,1,1,"S$ 3,500 /mo",EW18 Redhill MRT Station,0.74 km
0,Alex Residences,Partially Furnished Apartment,1023 sqft ,Alexandra View, Ready to move,3,2,"S$ 4,300 /mo",EW18 Redhill MRT Station,0.06 km
1,Alex Residences,Partially Furnished Condominium,474 sqft ,28 Alexandra View, Ready to move,1,2,"S$ 2,700 /mo",EW18 Redhill MRT Station,0.11 km
2,50 Strathmore Avenue,Fully Furnished HDB Apartment,1184 sqft ,50 Strathmore Avenue, Ready to move,3,2,"S$ 3,000 /mo",EW18 Redhill MRT Station,0.97 km
3,One Jervois,Partially Furnished Condominium,1800 sqft ,7 Jervois Close, Ready to move,4,4,"S$ 6,900 /mo",EW18 Redhill MRT Station,0.97 km
4,Jervois Mansions,Partially Furnished Condominium,3000 sqft ,18 Jervois Road, Ready to move,3,3,"S$ 8,900 /mo",EW18 Redhill MRT Station,0.95 km
5,Jervois Lodge,Partially Furnished Condominium,1668 sqft ,32 Jervois Road, Ready to move,3,3,"S$ 4,300 /mo",EW18 Redhill MRT Station,0.89 km
6,Alex Residences,Partially Furnished Apartment,1044 sqft ,Alexandra View, Ready to move,3,2,"S$ 4,700 /mo",EW18 Redhill MRT Station,0.06 km
7,The Crest,Partially Furnished Condominium,618 sqft ,101 Prince Charles Crescent, Ready to move,1,1,"S$ 3,500 /mo",EW18 Redhill MRT Station,0.74 km
8,Alex Residences,Partially Furnished Apartment,678 sqft ,Alexandra View, Ready to move,2,2,"S$ 3,500 /mo",EW18 Redhill MRT Station,0.06 km
9,37 Jalan Rumah Tinggi,Fully Furnished HDB Apartment,700 sqft ,37 Jalan Rumah Tinggi, Ready to move,4,2,"S$ 2,100 /mo",EW18 Redhill MRT Station,0.83 km
10,69 Redhill Close,Partially Furnished HDB Apartment,914 sqft ,69 Redhill Close, Ready to move,3,2,"S$ 2,800 /mo",EW18 Redhill MRT Station,0.31 km
11,Alex Residences,Partially Furnished Apartment,474 sqft ,Alexandra View, Ready to move,1,1,"S$ 2,900 /mo",EW18 Redhill MRT Station,0.06 km
12,The Crest,Partially Furnished Condominium,1184 sqft ,115 Prince Charles Crescent, Ready to move,3,2,"S$ 5,300 /mo",EW18 Redhill MRT Station,0.74 km
13,Alex Residences,Partially Furnished Apartment,926 sqft ,Alexandra View, Ready to move,3,2,"S$ 4,500 /mo",EW18 Redhill MRT Station,0.06 km
14,87 Redhill Close,Partially Furnished HDB Apartment,1270 sqft ,87 Redhill Close, Available from 16 May,3,2,"S$ 3,200 /mo",EW18 Redhill MRT Station,0.48 km
15,Tanglin View,Fully Furnished Condominium,1152 sqft ,152 Prince Charles Crescent, Ready to move,3,3,"S$ 4,100 /mo",EW18 Redhill MRT Station,0.28 km
16,80 Strathmore Avenue,Fully Furnished HDB Apartment,1453 sqft ,80 Strathmore Avenue, Ready to move,Room,0,S$ 800 /mo,EW18 Redhill MRT Station,0.97 km
17,The Crest,Partially Furnished Condominium,1216 sqft ,105 Prince Charles Crescent, Ready to move,3,2,"S$ 5,300 /mo",EW18 Redhill MRT Station,0.74 km
18,Alex Residences,Apartment,1023 sqft ,Alexandra View, Ready to move,3,2,"S$ 4,300 /mo",EW18 Redhill MRT Station,0.06 km
19,Alex Residences,Partially Furnished Apartment,700 sqft ,Alexandra View, Ready to move,2,2,"S$ 3,200 /mo",EW18 Redhill MRT Station,0.06 km
0,The Metropolitan Condominium,Fully Furnished Condominium,1076 sqft ,6 Alexandra View, Available from 10 May,2,3,"S$ 4,800 /mo",EW18 Redhill MRT Station,0.12 km
1,125 Bukit Merah View,Fully Furnished HDB Apartment,200 sqft ,125 Bukit Merah View, Ready to move,Room,0,S$ 850 /mo,EW18 Redhill MRT Station,0.93 km
2,55 Strathmore Avenue,Fully Furnished HDB Apartment,1022 sqft ,55 Strathmore Avenue, Available from 15 Jun,3,2,"S$ 2,900 /mo",EW18 Redhill MRT Station,0.91 km
3,52 Lengkok Bahru,Partially Furnished HDB Apartment,904 sqft ,52 Lengkok Bahru, Available from 1 May,2,2,"S$ 2,700 /mo",EW18 Redhill MRT Station,0.44 km
4,The Crest,Partially Furnished Condominium,1195 sqft ,103 Prince Charles Crescent, Ready to move,3,3,"S$ 5,300 /mo",EW18 Redhill MRT Station,0.74 km
5,The Crest,Partially Furnished Condominium,614 sqft ,103 Prince Charles Crescent, Ready to move,1,1,"S$ 3,500 /mo",EW18 Redhill MRT Station,0.74 km
6,Echelon,Condominium,452 sqft ,9 Alexandra View, Ready to move,1,1,"S$ 2,600 /mo",EW18 Redhill MRT Station,0.20 km
7,Echelon,Condominium,731 sqft ,9 Alexandra View, Ready to move,2,2,"S$ 3,500 /mo",EW18 Redhill MRT Station,0.20 km
8,The Crest,Unfurnished Condominium,915 sqft ,101 Prince Charles Crescent, Ready to move,2,2,"S$ 3,900 /mo",EW18 Redhill MRT Station,0.74 km
9,87 Redhill Close,Fully Furnished HDB Apartment,1355 sqft ,87 Redhill Close, Ready to move,3,2,"S$ 3,000 /mo",EW18 Redhill MRT Station,0.48 km
10,The Crest,Partially Furnished Condominium,1900 sqft ,101 Prince Charles Crescent, Ready to move,5,4,"S$ 7,900 /mo",EW18 Redhill MRT Station,0.74 km
11,The Crest,Partially Furnished Condominium,1200 sqft ,101 Prince Charles Crescent, Ready to move,3,2,"S$ 5,000 /mo",EW18 Redhill MRT Station,0.74 km
12,Alex Residences,Apartment,474 sqft ,(within 0.06 km), Ready to move,1,1,"S$ 2,580 /mo",EW18 Redhill MRT Station,0.06 km
13,Alex Residences,Apartment,678 sqft ,(within 0.06 km), Ready to move,2,2,"S$ 3,450 /mo",EW18 Redhill MRT Station,0.06 km
14,One Jervois,Partially Furnished Condominium,1733 sqft ,7 Jervois Close, Ready to move,4,4,"S$ 6,900 /mo",EW18 Redhill MRT Station,0.97 km
15,Tanglin Regency,Fully Furnished Condominium,850 sqft ,381 Tanglin Road, S$ 3.53 psf,2,2,"S$ 3,000 /mo",EW18 Redhill MRT Station,0.25 km
16,50 Strathmore Avenue,Fully Furnished HDB Apartment,90 sqft ,Strathmore Avenue, S$ 8.33 psf,Room,0,S$ 750 /mo,EW18 Redhill MRT Station,0.88 km
17,The Metropolitan Condominium,Fully Furnished Condominium,721 sqft ,6 Alexandra View, Ready to move,2,1,"S$ 3,400 /mo",EW18 Redhill MRT Station,0.12 km
18,61B Strathmore Avenue,Fully Furnished HDB Apartment,100 sqft ,61B strathmore Avenue, Ready to move,Room,0,S$ 700 /mo,EW18 Redhill MRT Station,0.71 km
19,55 Strathmore Avenue,Fully Furnished HDB Apartment,150 sqft ,55 Strathmore Avenue, S$ 5.67 psf,Room,0,S$ 850 /mo,EW18 Redhill MRT Station,0.91 km
0,116 Bukit Merah View,Partially Furnished HDB Apartment,700 sqft ,116 Bukit Merah View, S$ 3.14 psf,2,2,"S$ 2,200 /mo",EW18 Redhill MRT Station,0.81 km
1,Alex Residences,Partially Furnished Apartment,925 sqft ,Alexandra View, Ready to move,3,2,"S$ 4,800 /mo",EW18 Redhill MRT Station,0.06 km
2,The Metropolitan Condominium,Partially Furnished Condominium,1400 sqft ,8 Alexandra View, Ready to move,3,3,"S$ 4,600 /mo",EW18 Redhill MRT Station,0.12 km
3,One Jervois,Fully Furnished Condominium,1701 sqft ,7 Jervois Close, Ready to move,4,3,"S$ 7,800 /mo",EW18 Redhill MRT Station,0.97 km
4,Ascentia Sky,Partially Furnished Condominium,1012 sqft ,1 Alexandra View, S$ 4.05 psf,2,2,"S$ 4,100 /mo",EW18 Redhill MRT Station,0.23 km
5,Echelon,Fully Furnished Condominium,1001 sqft ,9 Alexandra View, Ready to move,3,3,"S$ 4,300 /mo",EW18 Redhill MRT Station,0.20 km
6,The Crest,Partially Furnished Condominium,797 sqft ,103 Prince Charles Crescent, Ready to move,2,2,"S$ 4,200 /mo",EW18 Redhill MRT Station,0.74 km
7,Tanglin Regency,Condominium,969 sqft ,381 Tanglin Road, Ready to move,2,2,"S$ 3,400 /mo",EW18 Redhill MRT Station,0.25 km
8,48 Lengkok Bahru,HDB Apartment,195 sqft ,48 Lengkok Bahru, Ready to move,Room,0,S$ 950 /mo,EW18 Redhill MRT Station,0.67 km
9,55 Strathmore Avenue,Fully Furnished HDB Apartment,150 sqft ,55 Strathmore Avenue, Ready to move,Room,0,"S$ 1,000 /mo",EW18 Redhill MRT Station,0.91 km
10,83 Redhill Lane,Partially Furnished HDB Apartment,1300 sqft ,83 Redhill Lane, Ready to move,3,2,"S$ 3,200 /mo",EW18 Redhill MRT Station,0.43 km
11,Alessandrea,Fully Furnished Apartment,1098 sqft ,31 Alexandra Road, Ready to move,3,3,"S$ 4,000 /mo",EW18 Redhill MRT Station,0.66 km
12,Echelon,Condominium,1001 sqft ,7 Alexandra View, S$ 4.00 psf,3,3,"S$ 4,000 /mo",EW18 Redhill MRT Station,0.20 km
13,The Metropolitan Condominium,Partially Furnished Condominium,1399 sqft ,8 Alexandra View, Ready to move,3,3,"S$ 4,200 /mo",EW18 Redhill MRT Station,0.12 km
14,Ascentia Sky,Partially Furnished Apartment,1475 sqft ,1 Alexandra View, Ready to move,3,2,"S$ 5,800 /mo",EW18 Redhill MRT Station,0.23 km
15,Alex Residences,Partially Furnished Apartment,1044 sqft ,Alexandra View, Ready to move,3,2,"S$ 4,300 /mo",EW18 Redhill MRT Station,0.06 km
16,Tanglin View,Fully Furnished Condominium,300 sqft ,156 Prince Charles Crescent, Ready to move,Room,0,"S$ 1,400 /mo",EW18 Redhill MRT Station,0.28 km
17,Ascentia Sky,Fully Furnished Apartment,1012 sqft ,1 Alexandra View, Available from 15 May,2,2,"S$ 4,300 /mo",EW18 Redhill MRT Station,0.23 km
18,Tanglin Regency,Fully Furnished Condominium,980 sqft ,381 Tanglin Road, Available from 1 May,2,2,"S$ 3,400 /mo",EW18 Redhill MRT Station,0.27 km
19,161 Bukit Merah Central,Fully Furnished HDB Apartment,721 sqft ,161 Bukit Merah Central, Ready to move,2,2,"S$ 1,900 /mo",EW18 Redhill MRT Station,0.63 km
0,One Jervois,Partially Furnished Condominium,1840 sqft ,11 Jervois Close, Ready to move,4,3,"S$ 6,800 /mo",EW18 Redhill MRT Station,0.97 km
1,Ascentia Sky,Partially Furnished Apartment,1475 sqft ,1 Alexandra View, Ready to move,3,2,"S$ 5,500 /mo",EW18 Redhill MRT Station,0.23 km
2,83 Redhill Lane,HDB Apartment,150 sqft ,83 Redhill Lane, Ready to move,Room,0,S$ 800 /mo,EW18 Redhill MRT Station,0.43 km
3,51 Lengkok Bahru,HDB Apartment,150 sqft ,51 Lengkok Bahru, Ready to move,Room,0,S$ 630 /mo,EW18 Redhill MRT Station,0.55 km
4,106 Henderson Crescent,Fully Furnished HDB Apartment,1100 sqft ,106 Henderson Crescent, Ready to move,3,1,"S$ 2,600 /mo",EW18 Redhill MRT Station,0.61 km
5,The Crest,Partially Furnished Condominium,1184 sqft ,101 Prince Charles Crescent, Ready to move,3,2,"S$ 5,000 /mo",EW18 Redhill MRT Station,0.74 km
6,The Metropolitan Condominium,Fully Furnished Condominium,1787 sqft ,8 Alexandra View, Ready to move,3,3,"S$ 5,400 /mo",EW18 Redhill MRT Station,0.12 km
7,83 Redhill Lane,HDB Apartment,150 sqft ,83 Redhill Lane, Ready to move,Room,0,S$ 800 /mo,EW18 Redhill MRT Station,0.43 km
8,The Metropolitan Condominium,Fully Furnished Condominium,1399 sqft ,8 Alexandra View, Available from 16 May,3,3,"S$ 5,000 /mo",EW18 Redhill MRT Station,0.12 km
9,Ascentia Sky,Partially Furnished Apartment,1475 sqft ,1 Alexandra View, Ready to move,3,3,"S$ 4,500 /mo",EW18 Redhill MRT Station,0.23 km
10,59 Strathmore Avenue,Fully Furnished HDB Apartment,1184 sqft ,59 Strathmore Avenue, Ready to move,3,2,"S$ 2,900 /mo",EW18 Redhill MRT Station,0.74 km
11,11 Jalan Bukit Merah,Fully Furnished HDB Apartment,120 sqft ,11 Jalan Bukit Merah, Ready to move,Room,0,S$ 600 /mo,EW18 Redhill MRT Station,0.95 km
12,Jervois Lodge,Partially Furnished Condominium,1518 sqft ,32 Jervois Road, Ready to move,3,2,"S$ 3,700 /mo",EW18 Redhill MRT Station,0.89 km
13,59 Strathmore Avenue,Partially Furnished HDB Apartment,1184 sqft ,59 Strathmore Avenue, Ready to move,3,2,"S$ 2,800 /mo",EW18 Redhill MRT Station,0.74 km
14,58 Strathmore Avenue,HDB Apartment,150 sqft ,58 Strathmore Avenue, S$ 5.67 psf,Room,0,S$ 850 /mo,EW18 Redhill MRT Station,0.78 km
15,The Crest,Partially Furnished Condominium,797 sqft ,101 Prince Charles Crescent, Ready to move,2,2,"S$ 3,500 /mo",EW18 Redhill MRT Station,0.74 km
16,The Crest,Fully Furnished Condominium,614 sqft ,103 Prince Charles Crescent, Ready to move,1,1,"S$ 3,500 /mo",EW18 Redhill MRT Station,0.74 km
17,91 Dawson Road,HDB Apartment,150 sqft ,91 Dawson Road, Ready to move,Room,0,S$ 900 /mo,EW18 Redhill MRT Station,0.79 km
18,101 Henderson Crescent,Partially Furnished HDB Apartment,770 sqft ,101 Henderson Crescent, Ready to move,2,2,"S$ 2,000 /mo",EW18 Redhill MRT Station,0.56 km
19,Ascentia Sky,Apartment,1475 sqft ,1 Alexandra View, Ready to move,3,3,"S$ 4,800 /mo",EW18 Redhill MRT Station,0.23 km
0,Dormer Park,Partially Furnished Condominium,1227 sqft ,51 Jervois Road, Available from 15 Apr,3,3,"S$ 4,500 /mo",EW18 Redhill MRT Station,0.75 km
1,The Metropolitan Condominium,Partially Furnished Condominium,1399 sqft ,8 Alexandra View, Ready to move,3,2,"S$ 4,599 /mo",EW18 Redhill MRT Station,0.12 km
2,Ascentia Sky,Partially Furnished Apartment,1475 sqft ,3 Alexandra View, Ready to move,3,2,"S$ 6,000 /mo",EW18 Redhill MRT Station,0.23 km
3,Alex Residences,Apartment,474 sqft ,28 Alexandra View, Ready to move,1,1,"S$ 2,600 /mo",EW18 Redhill MRT Station,0.11 km
4,Alex Residences,Fully Furnished Condominium,678 sqft ,(within 0.06 km), Ready to move,2,2,"S$ 3,600 /mo",EW18 Redhill MRT Station,0.06 km
5,124B Bukit Merah View,Fully Furnished HDB Apartment,90 sqft ,124B Bukit Merah View, S$ 8.11 psf,Room,0,S$ 730 /mo,EW18 Redhill MRT Station,0.85 km
6,Tanglin View,Fully Furnished Condominium,1152 sqft ,150 Prince Charles Crescent, Ready to move,3,2,"S$ 4,100 /mo",EW18 Redhill MRT Station,0.28 km
7,59 Strathmore Avenue,HDB Apartment,1200 sqft ,59 Strathmore Avenue, Ready to move,3,2,"S$ 2,900 /mo",EW18 Redhill MRT Station,0.74 km
8,Ascentia Sky,Condominium,1012 sqft ,1 Alexandra View, Ready to move,2,2,"S$ 4,500 /mo",EW18 Redhill MRT Station,0.23 km
9,59 Strathmore Avenue,Fully Furnished HDB Apartment,200 sqft ,59 Strathmore Avenue, S$ 4.95 psf,Room,0,S$ 990 /mo,EW18 Redhill MRT Station,0.74 km
10,Echelon,Partially Furnished Condominium,732 sqft ,7 Alexandra View, Ready to move,2,2,"S$ 3,500 /mo",EW18 Redhill MRT Station,0.20 km
11,The Metropolitan Condominium,Fully Furnished Condominium,1399 sqft ,8 Alexandra View, Available from 6 Jul,3,2,"S$ 4,500 /mo",EW18 Redhill MRT Station,0.12 km
12,The Metropolitan Condominium,Partially Furnished Condominium,1744 sqft ,8 Alexandra View, Available from 30 May,4,4,"S$ 7,000 /mo",EW18 Redhill MRT Station,0.12 km
13,50 Hoy Fatt Road,Fully Furnished HDB Apartment,150 sqft ,50 Hoy Fatt Road, S$ 5.67 psf,Room,0,S$ 850 /mo,EW18 Redhill MRT Station,0.64 km
14,Jervois Regency,Apartment,969 sqft ,49 Jervois Road, Ready to move,2,2,"S$ 3,200 /mo",EW18 Redhill MRT Station,0.80 km
15,Strathmore Avenue,HDB Apartment,742 sqft ,Strathmore Avenue, Ready to move,Room,0,"S$ 1,100 /mo",EW18 Redhill MRT Station,0.83 km
16,9 Jalan Rumah Tinggi,Fully Furnished HDB Apartment,1119 sqft ,9 Jalan Rumah Tinggi, Ready to move,3,2,"S$ 2,500 /mo",EW18 Redhill MRT Station,0.94 km
17,The Metropolitan Condominium,Fully Furnished Condominium,1432 sqft ,8 Alexandra View, Ready to move,3,3,"S$ 4,900 /mo",EW18 Redhill MRT Station,0.12 km
18,Ascentia Sky,Partially Furnished Condominium,1012 sqft ,(within 0.14 km), Ready to move,2,2,"S$ 4,200 /mo",EW18 Redhill MRT Station,0.14 km
19,One Jervois,Fully Furnished Condominium,990 sqft ,7 Jervois Close, Available from 1 May,2,2,"S$ 4,000 /mo",EW18 Redhill MRT Station,0.97 km
0,Echelon,Fully Furnished Condominium,732 sqft ,9 Alexandra View, Ready to move,2,2,"S$ 3,650 /mo",EW18 Redhill MRT Station,0.20 km
1,80 Strathmore Avenue,Fully Furnished HDB Apartment,90 sqft ,80 Strathmore Avenue, Ready to move,Room,0,S$ 600 /mo,EW18 Redhill MRT Station,0.97 km
2,84 Redhill Lane,Fully Furnished HDB Apartment,700 sqft ,84 Redhill Lane, Ready to move,2,1,"S$ 2,000 /mo",EW18 Redhill MRT Station,0.35 km
3,Jervois Regency,Fully Furnished Apartment,1227 sqft ,49 Jervois Road, Ready to move,3,2,"S$ 3,500 /mo",EW18 Redhill MRT Station,0.80 km
4,83 Redhill Lane,Fully Furnished HDB Apartment,200 sqft ,83 Redhill Lane, Ready to move,Room,0,S$ 850 /mo,EW18 Redhill MRT Station,0.43 km
5,8 Jalan Rumah Tinggi,Fully Furnished HDB Apartment,1463 sqft ,8 Jalan Rumah Tinggi, Ready to move,3,2,"S$ 2,600 /mo",EW18 Redhill MRT Station,0.98 km
6,The Metropolitan Condominium,Partially Furnished Condominium,1399 sqft ,8 Alexandra View, Ready to move,3,3,"S$ 4,599 /mo",EW18 Redhill MRT Station,0.12 km
7,The Metropolitan Condominium,Partially Furnished Condominium,1399 sqft ,8 Alexandra View, Ready to move,3,3,"S$ 4,600 /mo",EW18 Redhill MRT Station,0.12 km
8,The Crest,Partially Furnished Condominium,797 sqft ,101 Prince Charles Crescent, Ready to move,2,2,"S$ 4,300 /mo",EW18 Redhill MRT Station,0.74 km
9,Jervois Lodge,Condominium,1216 sqft ,32 Jervois Road, Ready to move,3,3,"S$ 3,800 /mo",EW18 Redhill MRT Station,0.89 km
10,53 Lengkok Bahru,HDB Apartment,904 sqft ,53 Lengkok Bahru, Ready to move,3,2,"S$ 2,800 /mo",EW18 Redhill MRT Station,0.37 km
11,11 Jalan Bukit Merah,Partially Furnished HDB Apartment,100 sqft ,11 Jalan Bukit Merah, Ready to move,Room,0,S$ 550 /mo,EW18 Redhill MRT Station,0.95 km
12,Echelon,Partially Furnished Condominium,732 sqft ,(within 0.20 km), Ready to move,2,2,"S$ 3,500 /mo",EW18 Redhill MRT Station,0.20 km
13,77A Redhill Road,Fully Furnished HDB Apartment,980 sqft ,77A Redhill Road, Available from 25 Apr,3,2,"S$ 2,900 /mo",EW18 Redhill MRT Station,0.19 km
14,81 Redhill Lane,Fully Furnished HDB Apartment,200 sqft ,81 Redhill Lane, Ready to move,Room,0,S$ 750 /mo,EW18 Redhill MRT Station,0.36 km
15,Jervois Mansions,Condominium,2600 sqft ,18 Jervois Road, S$ 3.06 psf,3,0,"S$ 7,950 /mo",EW18 Redhill MRT Station,0.95 km
16,Ascentia Sky,Fully Furnished Apartment,1800 sqft ,1 Alexandra View, Ready to move,4,4,"S$ 6,800 /mo",EW18 Redhill MRT Station,0.23 km
17,84 Redhill Lane,Fully Furnished HDB Apartment,700 sqft ,84 Redhill Lane, Ready to move,2,1,"S$ 2,400 /mo",EW18 Redhill MRT Station,0.35 km
18,Echelon,Fully Furnished Condominium,732 sqft ,9 Alexandra View, Ready to move,2,2,"S$ 4,800 /mo",EW18 Redhill MRT Station,0.20 km
19,51 Lengkok Bahru,Fully Furnished HDB Apartment,215 sqft ,51 Lengkok Bahru, Ready to move,Room,0,S$ 850 /mo,EW18 Redhill MRT Station,0.55 km
0,The Metropolitan Condominium,Partially Furnished Condominium,1399 sqft ,8 Alexandra View, Ready to move,3,2,"S$ 4,600 /mo",EW18 Redhill MRT Station,0.12 km
1,86 Redhill Close,Fully Furnished HDB Apartment,646 sqft ,86 Redhill Close, Ready to move,2,2,"S$ 2,100 /mo",EW18 Redhill MRT Station,0.38 km
2,Mount Echo Park,Detached House,"5500 sqft, 15673 sqft (land) ",(within 0.85 km), Ready to move,5,5,"S$ 18,000 /mo",EW18 Redhill MRT Station,0.85 km
3,116 Bukit Merah View,Partially Furnished HDB Apartment,600 sqft ,116 Bukit Merah View, Available from 1 Jun,2,1,"S$ 2,000 /mo",EW18 Redhill MRT Station,0.81 km
4,50 Strathmore Avenue,Fully Furnished HDB Apartment,180 sqft ,50 Strathmore Avenue, Ready to move,Room,0,"S$ 1,100 /mo",EW18 Redhill MRT Station,0.97 km
5,83 Redhill Lane,Fully Furnished HDB Apartment,53 sqft ,83 Redhill Lane, Ready to move,Room,0,S$ 850 /mo,EW18 Redhill MRT Station,0.43 km
6,51 Strathmore Avenue,Fully Furnished HDB Apartment,969 sqft ,51 Strathmore Avenue, Ready to move,3,2,"S$ 3,000 /mo",EW18 Redhill MRT Station,0.96 km
7,51 Strathmore Avenue,Fully Furnished HDB Apartment,968 sqft ,51 Strathmore Avenue, Available from 16 Apr,3,2,"S$ 2,900 /mo",EW18 Redhill MRT Station,0.96 km
8,56 Strathmore Avenue,HDB Apartment,1184 sqft ,56 Strathmore Avenue, Ready to move,2,2,"S$ 3,000 /mo",EW18 Redhill MRT Station,0.87 km
9,Echelon,Fully Furnished Condominium,1001 sqft ,9 Alexandra View, S$ 4.60 psf,3,2,"S$ 4,600 /mo",EW18 Redhill MRT Station,0.20 km
10,Echelon,Fully Furnished Condominium,452 sqft ,9 Alexandra View, Ready to move,Studio,0,"S$ 2,700 /mo",EW18 Redhill MRT Station,0.20 km
11,Echelon,Partially Furnished Condominium,732 sqft ,9 Alexandra View, Ready to move,2,2,"S$ 3,400 /mo",EW18 Redhill MRT Station,0.20 km
12,The Metropolitan Condominium,Partially Furnished Condominium,1399 sqft ,8 Alexandra View, Ready to move,3,2,"S$ 4,600 /mo",EW18 Redhill MRT Station,0.12 km
13,102 Henderson Crescent,Fully Furnished HDB Apartment,914 sqft ,102 Henderson Crescent, Ready to move,4,2,"S$ 2,500 /mo",EW18 Redhill MRT Station,0.55 km
14,75C Redhill Road,Fully Furnished HDB Apartment,1250 sqft ,75C Redhill Road, Ready to move,3,2,"S$ 3,000 /mo",EW18 Redhill MRT Station,0.08 km
15,Tanglin View,Fully Furnished Condominium,1388 sqft ,150 Prince Charles Crescent, Ready to move,3,2,"S$ 3,900 /mo",EW18 Redhill MRT Station,0.28 km
16,Tanglin Regency,Fully Furnished Condominium,1109 sqft ,381 Tanglin Road, Ready to move,3,2,"S$ 3,900 /mo",EW18 Redhill MRT Station,0.25 km
17,Ascentia Sky,Fully Furnished Apartment,945 sqft ,3 Alexandra View, Ready to move,2,2,"S$ 4,299 /mo",EW18 Redhill MRT Station,0.23 km
18,56 Strathmore Avenue,Fully Furnished HDB Apartment,150 sqft ,56 Strathmore Avenue, Ready to move,Room,0,S$ 800 /mo,EW18 Redhill MRT Station,0.87 km
19,131 Clarence Lane,Fully Furnished HDB Apartment,300 sqft ,131 Clarence Lane, Ready to move,Room,0,S$ 950 /mo,EW18 Redhill MRT Station,0.37 km
0,The Metropolitan Condominium,Fully Furnished Condominium,1367 sqft ,8 Alexandra View, Ready to move,3,3,"S$ 5,800 /mo",EW18 Redhill MRT Station,0.12 km
1,35 Jalan Rumah Tinggi,Fully Furnished HDB Apartment,300 sqft ,35 Jalan Rumah Tinggi, Ready to move,Room,0,"S$ 1,000 /mo",EW18 Redhill MRT Station,0.89 km
2,104 Henderson Crescent,Fully Furnished HDB Apartment,150 sqft ,104 Henderson Crescent, Ready to move,Room,0,S$ 550 /mo,EW18 Redhill MRT Station,0.52 km
3,The Crest,Condominium,635 sqft ,101 Prince Charles Crescent, Ready to move,2,1,"S$ 4,000 /mo",EW18 Redhill MRT Station,0.74 km
4,Ascentia Sky,Partially Furnished Apartment,947 sqft ,1 Alexandra View, Ready to move,2,2,"S$ 4,200 /mo",EW18 Redhill MRT Station,0.23 km
5,75C Redhill Road,Fully Furnished HDB Apartment,1076 sqft ,75C Redhill Road, Ready to move,3,1,"S$ 3,100 /mo",EW18 Redhill MRT Station,0.08 km
6,50 Strathmore Avenue,Fully Furnished HDB Apartment,95 sqft ,50 Strathmore Avenue, Ready to move,3,2,"S$ 2,650 /mo",EW18 Redhill MRT Station,0.97 km
7,The Metropolitan Condominium,Fully Furnished Condominium,1744 sqft ,8 Alexandra View, Ready to move,4,3,"S$ 6,900 /mo",EW18 Redhill MRT Station,0.12 km
8,Alex Residences,Unfurnished Apartment,1023 sqft ,28 Alexandra View, Ready to move,3,3,"S$ 5,000 /mo",EW18 Redhill MRT Station,0.11 km
9,Alessandrea,Fully Furnished Apartment,1001 sqft ,31 Alexandra Road, Ready to move,3,2,"S$ 3,800 /mo",EW18 Redhill MRT Station,0.66 km
10,Jervois Jade Apartments,Fully Furnished Apartment,1110 sqft ,21 Jervois Close, Available from 16 Aug,2,2,"S$ 3,000 /mo",EW18 Redhill MRT Station,0.93 km
11,Jervois Gardens,Condominium,2250 sqft ,30F - 30H Jervois Close, Ready to move,4,3,"S$ 5,000 /mo",EW18 Redhill MRT Station,0.79 km
12,Echelon,Partially Furnished Condominium,1550 sqft ,9 Alexandra View, Ready to move,4,3,"S$ 6,800 /mo",EW18 Redhill MRT Station,0.20 km
13,Alex Residences,Partially Furnished Apartment,474 sqft ,Alexandra View, Ready to move,1,1,"S$ 2,701 /mo",EW18 Redhill MRT Station,0.06 km
14,Jervois Mansions,Partially Furnished Condominium,2600 sqft ,18 Jervois Road, Ready to move,3,3,"S$ 7,950 /mo",EW18 Redhill MRT Station,0.95 km
15,125 Bukit Merah View,Fully Furnished HDB Apartment,1173 sqft ,125 Bukit Merah View, Ready to move,3,2,"S$ 2,699 /mo",EW18 Redhill MRT Station,0.93 km
16,47 Lengkok Bahru,Fully Furnished HDB Apartment,1300 sqft ,47 Lengkok Bahru, Ready to move,3,2,"S$ 2,800 /mo",EW18 Redhill MRT Station,0.64 km
17,61B Strathmore Avenue,Fully Furnished HDB Apartment,150 sqft ,61B strathmore Avenue, Ready to move,Room,0,S$ 800 /mo,EW18 Redhill MRT Station,0.71 km
18,One Jervois,Partially Furnished Condominium,1840 sqft ,7 Jervois Close, Available from 15 Apr,4,4,"S$ 7,000 /mo",EW18 Redhill MRT Station,0.97 km
19,Ascentia Sky,Partially Furnished Apartment,1819 sqft ,3 Alexandra View, Ready to move,4,4,"S$ 7,500 /mo",EW18 Redhill MRT Station,0.23 km
0,RENOVATED COZY BRIGHT LIVING @ REDHILL MRT,Fully Furnished HDB Apartment,1100 sqft ,Redhill MRT /Bukit Timah /Alexandra, Ready to move,3,2,"S$ 3,000 /mo",EW18 Redhill MRT Station,0.12 km
1,Tanglin View,Fully Furnished Condominium,1259 sqft ,156 Prince Charles Crescent, Ready to move,3,3,"S$ 4,350 /mo",EW18 Redhill MRT Station,0.28 km
2,The Metropolitan Condominium,Partially Furnished Condominium,1744 sqft ,8 Alexandra View, Ready to move,4,4,"S$ 6,900 /mo",EW18 Redhill MRT Station,0.12 km
3,83 Redhill Lane,Fully Furnished HDB Apartment,150 sqft ,83 Redhill Lane, Ready to move,Room,0,S$ 900 /mo,EW18 Redhill MRT Station,0.43 km
4,Alex Residences,Partially Furnished Apartment,904 sqft ,Alexandra View, Ready to move,3,2,"S$ 4,000 /mo",EW18 Redhill MRT Station,0.06 km
5,The Crest,Partially Furnished Condominium,764 sqft ,103 Prince Charles Crescent, Ready to move,2,1,"S$ 3,500 /mo",EW18 Redhill MRT Station,0.74 km
6,The Crest,Partially Furnished Condominium,1367 sqft ,101 Prince Charles Crescent, Ready to move,4,3,"S$ 6,500 /mo",EW18 Redhill MRT Station,0.74 km
7,One Jervois,Partially Furnished Condominium,2368 sqft ,9 Jervois Close, Ready to move,4,4,"S$ 8,000 /mo",EW18 Redhill MRT Station,0.97 km
8,Echelon,Fully Furnished Condominium,732 sqft ,9 Alexandra View, Ready to move,2,2,"S$ 4,800 /mo",EW18 Redhill MRT Station,0.20 km
9,Echelon,Partially Furnished Condominium,1001 sqft ,9 Alexandra View, Available from 15 Apr,3,3,"S$ 4,000 /mo",EW18 Redhill MRT Station,0.20 km
10,20 Redhill Close,Fully Furnished HDB Apartment,632 sqft ,20 Redhill Close, Ready to move,2,2,"S$ 2,000 /mo",EW18 Redhill MRT Station,0.33 km
11,Alex Residences,Apartment,1023 sqft ,28 Alexandra View, Ready to move,3,2,"S$ 4,300 /mo",EW18 Redhill MRT Station,0.11 km
12,Tanglin View,Partially Furnished Condominium,1164 sqft ,152 Prince Charles Crescent, Ready to move,3,3,"S$ 3,880 /mo",EW18 Redhill MRT Station,0.28 km
13,The Metropolitan Condominium,Partially Furnished Condominium,1744 sqft ,8 Alexandra View, Ready to move,4,2,"S$ 7,000 /mo",EW18 Redhill MRT Station,0.12 km
14,Ascentia Sky,Partially Furnished Apartment,1001 sqft ,3 Alexandra View, Available from 31 May,2,2,"S$ 4,000 /mo",EW18 Redhill MRT Station,0.23 km
15,The Metropolitan Condominium,Partially Furnished Condominium,1744 sqft ,8 Alexandra View, Ready to move,4,2,"S$ 6,800 /mo",EW18 Redhill MRT Station,0.12 km
16,Alex Residences,Fully Furnished Apartment,473 sqft ,Alexandra View, Ready to move,1,1,"S$ 2,800 /mo",EW18 Redhill MRT Station,0.06 km
17,39 Jalan Rumah Tinggi,Partially Furnished HDB Apartment,1076 sqft ,39 Jalan Rumah Tinggi, Ready to move,3,2,"S$ 2,500 /mo",EW18 Redhill MRT Station,0.88 km
18,Tanglin View,Fully Furnished Condominium,1152 sqft ,150 Prince Charles Crescent, Ready to move,3,2,"S$ 3,850 /mo",EW18 Redhill MRT Station,0.28 km
19,Tanglin View,Fully Furnished Condominium,150 sqft ,150 Prince Charles Crescent, Ready to move,Room,0,"S$ 1,200 /mo",EW18 Redhill MRT Station,0.28 km
0,The Crest,Partially Furnished Condominium,614 sqft ,103 Prince Charles Crescent, Ready to move,1,1,"S$ 3,500 /mo",EW18 Redhill MRT Station,0.74 km
1,75B Redhill Road,Partially Furnished HDB Apartment,950 sqft ,75B Redhill Road, Ready to move,2,2,"S$ 2,600 /mo",EW18 Redhill MRT Station,0.16 km
2,Tanglin Regency,Partially Furnished Condominium,850 sqft ,381 Tanglin Road, Available from 15 Apr,2,2,"S$ 3,180 /mo",EW18 Redhill MRT Station,0.25 km
3,60 Strathmore Avenue,Partially Furnished HDB Apartment,100 sqft ,60 Strathmore Avenue, Ready to move,Room,0,S$ 550 /mo,EW18 Redhill MRT Station,0.66 km
4,115 Bukit Merah Central,Fully Furnished HDB Apartment,269 sqft ,115 Bukit Merah Central, S$ 3.72 psf,Room,0,"S$ 1,000 /mo",EW18 Redhill MRT Station,0.68 km
5,115 Bukit Merah Central,Fully Furnished HDB Apartment,1259 sqft ,115 Bukit Merah Central, Available from 15 Apr,3,2,"S$ 3,000 /mo",EW18 Redhill MRT Station,0.68 km
6,Echelon,Fully Furnished Condominium,732 sqft ,9 Alexandra View, Ready to move,2,2,"S$ 3,850 /mo",EW18 Redhill MRT Station,0.20 km
7,106 Henderson Crescent,Partially Furnished HDB Apartment,1056 sqft ,106 Henderson Crescent, Ready to move,3,1,"S$ 2,600 /mo",EW18 Redhill MRT Station,0.61 km
8,61A Strathmore Avenue,HDB Apartment,180 sqft ,61A Strathmore Avenue, Ready to move,Room,0,S$ 850 /mo,EW18 Redhill MRT Station,0.73 km
9,59 Strathmore Avenue,Fully Furnished HDB Apartment,112 sqft ,59 Strathmore Avenue, Ready to move,3,3,"S$ 2,800 /mo",EW18 Redhill MRT Station,0.74 km
10,The Crest,Partially Furnished Condominium,1873 sqft ,101 Prince Charles Crescent, Ready to move,4,3,"S$ 9,000 /mo",EW18 Redhill MRT Station,0.74 km
11,The Metropolitan Condominium,Fully Furnished Condominium,1744 sqft ,8 Alexandra View, Ready to move,4,4,"S$ 6,800 /mo",EW18 Redhill MRT Station,0.12 km
12,51 Strathmore Avenue,Partially Furnished HDB Apartment,1183 sqft ,51 Strathmore Avenue, Ready to move,3,2,"S$ 3,100 /mo",EW18 Redhill MRT Station,0.96 km
13,12 Redhill Close,Fully Furnished HDB Apartment,120 sqft ,12 Redhill Close, S$ 6.67 psf,Room,0,S$ 800 /mo,EW18 Redhill MRT Station,0.42 km
14,Alex Residences,Partially Furnished Apartment,883 sqft ,Alexandra View, Ready to move,3,2,"S$ 3,800 /mo",EW18 Redhill MRT Station,0.06 km
15,60 Strathmore Avenue,Fully Furnished HDB Apartment,90 sqft ,60 Strathmore Avenue, Ready to move,Room,0,S$ 550 /mo,EW18 Redhill MRT Station,0.66 km
16,11 Jalan Bukit Merah,Partially Furnished HDB Apartment,100 sqft ,11 Jalan Bukit Merah, Ready to move,1,1,S$ 800 /mo,EW18 Redhill MRT Station,0.95 km
17,One Jervois,Partially Furnished Condominium,2400 sqft ,9 Jervois Close, Ready to move,4,4,"S$ 8,300 /mo",EW18 Redhill MRT Station,0.97 km
18,The Crest,Partially Furnished Condominium,797 sqft ,101 Prince Charles Crescent, Ready to move,2,2,"S$ 4,000 /mo",EW18 Redhill MRT Station,0.74 km
19,119 Bukit Merah View,Fully Furnished HDB Apartment,800 sqft ,119 Bukit Merah View, Ready to move,2,2,"S$ 2,000 /mo",EW18 Redhill MRT Station,0.83 km
0,The Crest,Partially Furnished Condominium,797 sqft ,101 Prince Charles Crescent, Ready to move,2,2,"S$ 3,800 /mo",EW18 Redhill MRT Station,0.74 km
1,Echelon,Partially Furnished Condominium,732 sqft ,9 Alexandra View, S$ 4.78 psf,2,2,"S$ 3,500 /mo",EW18 Redhill MRT Station,0.20 km
2,The Metropolitan Condominium,Partially Furnished Condominium,1744 sqft ,8 Alexandra View, Ready to move,4,3,"S$ 6,700 /mo",EW18 Redhill MRT Station,0.12 km
3,Tanglin Regency,Partially Furnished Condominium,1109 sqft ,381 Tanglin Road, S$ 3.43 psf,3,3,"S$ 3,800 /mo",EW18 Redhill MRT Station,0.25 km
4,The Crest,Fully Furnished Condominium,797 sqft ,101 Prince Charles Crescent, Ready to move,2,2,"S$ 5,000 /mo",EW18 Redhill MRT Station,0.74 km
5,Alex Residences,Partially Furnished Apartment,474 sqft ,28 Alexandra View, Ready to move,1,1,"S$ 2,600 /mo",EW18 Redhill MRT Station,0.11 km
6,The Crest,Partially Furnished Condominium,1195 sqft ,101 Prince Charles Crescent, S$ 4.44 psf,3,3,"S$ 5,300 /mo",EW18 Redhill MRT Station,0.74 km
7,The Crest,Partially Furnished Condominium,797 sqft ,101 Prince Charles Crescent, S$ 5.27 psf,2,2,"S$ 4,200 /mo",EW18 Redhill MRT Station,0.74 km
8,Alex Residences,Partially Furnished Apartment,1044 sqft ,(within 0.06 km), Ready to move,3,3,"S$ 4,201 /mo",EW18 Redhill MRT Station,0.06 km
9,Alex Residences,Partially Furnished Apartment,1023 sqft ,(within 0.06 km), Ready to move,3,3,"S$ 4,170 /mo",EW18 Redhill MRT Station,0.06 km
10,Tanglin View,Unfurnished Condominium,1200 sqft ,156 Prince Charles Crescent, Ready to move,3,2,"S$ 4,000 /mo",EW18 Redhill MRT Station,0.28 km
11,The Crest,Condominium,1367 sqft ,101 Prince Charles Crescent, Ready to move,4,2,"S$ 6,500 /mo",EW18 Redhill MRT Station,0.74 km
12,The Metropolitan Condominium,Fully Furnished Condominium,1744 sqft ,8 Alexandra View, S$ 3.82 psf,4,3,"S$ 6,666 /mo",EW18 Redhill MRT Station,0.12 km
13,Ascentia Sky,Partially Furnished Apartment,958 sqft ,3 Alexandra View, Ready to move,2,2,"S$ 3,980 /mo",EW18 Redhill MRT Station,0.23 km
14,Alex Residences,Partially Furnished Apartment,1044 sqft ,Alexandra View, Ready to move,3,2,"S$ 4,500 /mo",EW18 Redhill MRT Station,0.06 km
15,The Metropolitan Condominium,Fully Furnished Condominium,721 sqft ,8 Alexandra View, Ready to move,2,1,"S$ 3,500 /mo",EW18 Redhill MRT Station,0.12 km
16,The Metropolitan Condominium,Partially Furnished Condominium,1744 sqft ,8 Alexandra View, Ready to move,4,2,"S$ 6,999 /mo",EW18 Redhill MRT Station,0.12 km
17,164 Bukit Merah Central,Fully Furnished HDB Apartment,689 sqft ,164 Bukit Merah Central, Ready to move,2,2,"S$ 2,300 /mo",EW18 Redhill MRT Station,0.70 km
18,The Crest,Condominium,1195 sqft ,101 Prince Charles Crescent, Ready to move,3,3,"S$ 5,300 /mo",EW18 Redhill MRT Station,0.74 km
19,The Crest,Condominium,797 sqft ,101 Prince Charles Crescent, Ready to move,2,2,"S$ 4,200 /mo",EW18 Redhill MRT Station,0.74 km
0,The Crest,Condominium,614 sqft ,101 Prince Charles Crescent, Ready to move,1,1,"S$ 3,500 /mo",EW18 Redhill MRT Station,0.74 km
1,75C Redhill Road,Fully Furnished HDB Apartment,1237 sqft ,75C Redhill Road, Ready to move,3,2,"S$ 3,000 /mo",EW18 Redhill MRT Station,0.08 km
2,87 Redhill Close,Partially Furnished HDB Apartment,1453 sqft ,87 Redhill Close, Ready to move,4,2,"S$ 3,500 /mo",EW18 Redhill MRT Station,0.48 km
3,Alex Residences,Fully Furnished Apartment,904 sqft ,(within 0.06 km), Ready to move,3,2,"S$ 4,800 /mo",EW18 Redhill MRT Station,0.06 km
4,The Crest,Fully Furnished Condominium,1195 sqft ,101 Prince Charles Crescent, Ready to move,3,2,"S$ 6,300 /mo",EW18 Redhill MRT Station,0.74 km
5,12 Redhill Close,Fully Furnished HDB Apartment,150 sqft ,12 Redhill Close, Ready to move,Room,0,S$ 800 /mo,EW18 Redhill MRT Station,0.42 km
6,The Metropolitan Condominium,Fully Furnished Condominium,1400 sqft ,8 Alexandra View, S$ 3.57 psf,3,3,"S$ 5,000 /mo",EW18 Redhill MRT Station,0.12 km
7,Tanglin View,Condominium,1152 sqft ,154 Prince Charles Crescent, S$ 3.39 psf,3,3,"S$ 3,900 /mo",EW18 Redhill MRT Station,0.28 km
8,One Jervois,Partially Furnished Condominium,1700 sqft ,7 Jervois Close, Ready to move,4,4,"S$ 6,900 /mo",EW18 Redhill MRT Station,0.97 km
9,Tanglin View,Partially Furnished Condominium,1100 sqft ,150 Prince Charles Crescent, Available from 1 Jun,3,3,"S$ 3,500 /mo",EW18 Redhill MRT Station,0.28 km
10,The Metropolitan Condominium,Partially Furnished Condominium,1744 sqft ,8 Alexandra View, Ready to move,4,3,"S$ 6,800 /mo",EW18 Redhill MRT Station,0.12 km
11,75B Redhill Road,Fully Furnished HDB Apartment,1076 sqft ,75B Redhill Road, Ready to move,3,2,"S$ 3,000 /mo",EW18 Redhill MRT Station,0.16 km
12,Alex Residences,Partially Furnished Apartment,678 sqft ,Alexandra View, Ready to move,2,2,"S$ 3,400 /mo",EW18 Redhill MRT Station,0.06 km
13,Alex Residences,Partially Furnished Apartment,926 sqft ,Alexandra View, Ready to move,3,2,"S$ 3,900 /mo",EW18 Redhill MRT Station,0.06 km
14,Alex Residences,Partially Furnished Apartment,657 sqft ,28 Alexandra View, Available from 1 May,2,2,"S$ 3,500 /mo",EW18 Redhill MRT Station,0.11 km
15,The Metropolitan Condominium,Fully Furnished Condominium,775 sqft ,6 Alexandra View, Ready to move,2,1,"S$ 3,300 /mo",EW18 Redhill MRT Station,0.12 km
16,Alex Residences,Apartment,678 sqft ,(within 0.06 km), Ready to move,2,2,"S$ 3,600 /mo",EW18 Redhill MRT Station,0.06 km
17,Ascentia Sky,Fully Furnished Apartment,150 sqft ,1 Alexandra View, S$ 14.67 psf,Room,0,"S$ 2,200 /mo",EW18 Redhill MRT Station,0.23 km
18,Alex Residences,Apartment,926 sqft ,Alexandra View, Ready to move,3,2,"S$ 5,500 /mo",EW18 Redhill MRT Station,0.06 km
19,The Metropolitan Condominium,Partially Furnished Condominium,1399 sqft ,6 Alexandra View, Ready to move,3,3,"S$ 4,600 /mo",EW18 Redhill MRT Station,0.12 km
0,Jervois Lodge,Condominium,1238 sqft ,36 Jervois Road, Available from 15 May,3,3,"S$ 4,100 /mo",EW18 Redhill MRT Station,0.89 km
1,One Jervois,Partially Furnished Condominium,1734 sqft ,7 Jervois Close, Ready to move,4,4,"S$ 6,800 /mo",EW18 Redhill MRT Station,0.97 km
2,Alex Residences,Fully Furnished Apartment,678 sqft ,28 Alexandra View, Ready to move,2,2,"S$ 3,400 /mo",EW18 Redhill MRT Station,0.11 km
3,Mon Jervois,Fully Furnished Condominium,1668 sqft ,39 Jervois Road, Ready to move,2,2,"S$ 5,200 /mo",EW18 Redhill MRT Station,0.71 km
4,Alex Residences,Partially Furnished Apartment,1044 sqft ,Alexandra View, Ready to move,3,2,"S$ 4,200 /mo",EW18 Redhill MRT Station,0.06 km
5,The Metropolitan Condominium,Condominium,1399 sqft ,8 Alexandra View, Ready to move,3,3,"S$ 4,600 /mo",EW18 Redhill MRT Station,0.12 km
6,75C Redhill Road,HDB Apartment,1076 sqft ,75C Redhill Road, Ready to move,3,2,"S$ 2,990 /mo",EW18 Redhill MRT Station,0.08 km
7,101 Jervois Road,Unfurnished Apartment,3400 sqft ,101 Jervois Road, Ready to move,4,5,"S$ 6,800 /mo",EW18 Redhill MRT Station,0.62 km
8,75B Redhill Road,Fully Furnished HDB Apartment,1184 sqft ,75B Redhill Road, S$ 2.45 psf,3,2,"S$ 2,900 /mo",EW18 Redhill MRT Station,0.16 km
9,124A Bukit Merah View,HDB Apartment,1173 sqft ,124A Bukit Merah View, Ready to move,3,2,"S$ 2,580 /mo",EW18 Redhill MRT Station,0.87 km
10,The Metropolitan Condominium,Partially Furnished Condominium,1744 sqft ,8 Alexandra View, Ready to move,4,3,"S$ 6,800 /mo",EW18 Redhill MRT Station,0.12 km
11,61B Strathmore Avenue,Fully Furnished HDB Apartment,67 sqft ,61B strathmore Avenue, S$ 9.70 psf,Room,0,S$ 650 /mo,EW18 Redhill MRT Station,0.71 km
12,The Metropolitan Condominium,Partially Furnished Condominium,1399 sqft ,6 Alexandra View, Ready to move,3,3,"S$ 5,000 /mo",EW18 Redhill MRT Station,0.12 km
13,62A Strathmore Avenue,Fully Furnished HDB Apartment,969 sqft ,62A Strathmore Avenue, Ready to move,3,2,"S$ 2,700 /mo",EW18 Redhill MRT Station,0.76 km
14,The Metropolitan Condominium,Fully Furnished Condominium,1744 sqft ,8 Alexandra View, Ready to move,4,4,"S$ 6,800 /mo",EW18 Redhill MRT Station,0.12 km
15,Alex Residences,Partially Furnished Apartment,904 sqft ,Alexandra View, Ready to move,3,2,"S$ 4,000 /mo",EW18 Redhill MRT Station,0.06 km
16,Alex Residences,Partially Furnished Apartment,925 sqft ,Alexandra View, Ready to move,3,2,"S$ 4,188 /mo",EW18 Redhill MRT Station,0.06 km
17,75C Redhill Road,Fully Furnished HDB Apartment,1237 sqft ,75C Redhill Road, Ready to move,3,2,"S$ 2,900 /mo",EW18 Redhill MRT Station,0.08 km
18,76A Redhill Road,Fully Furnished HDB Apartment,1200 sqft ,76A Redhill Road, S$ 2.75 psf,3,2,"S$ 3,300 /mo",EW18 Redhill MRT Station,0.09 km
19,The Crest,Partially Furnished Condominium,1184 sqft ,101 Prince Charles Crescent, S$ 4.22 psf,3,2,"S$ 4,999 /mo",EW18 Redhill MRT Station,0.74 km
0,The Metropolitan Condominium,Condominium,1399 sqft ,8 Alexandra View, Ready to move,3,3,"S$ 4,600 /mo",EW18 Redhill MRT Station,0.12 km
1,80 Strathmore Avenue,HDB Apartment,250 sqft ,80 Strathmore Avenue, Ready to move,Room,0,S$ 800 /mo,EW18 Redhill MRT Station,0.97 km
2,76A Redhill Road,Fully Furnished HDB Apartment,1238 sqft ,76A Redhill Road, Ready to move,Room,0,"S$ 1,000 /mo",EW18 Redhill MRT Station,0.09 km
3,Tanglin View,Partially Furnished Condominium,872 sqft ,150 Prince Charles Crescent, Ready to move,2,2,"S$ 3,400 /mo",EW18 Redhill MRT Station,0.28 km
4,The Metropolitan Condominium,Partially Furnished Condominium,1744 sqft ,8 Alexandra View, Ready to move,4,3,"S$ 6,800 /mo",EW18 Redhill MRT Station,0.12 km
5,75C Redhill Road,Fully Furnished HDB Apartment,1000 sqft ,75C Redhill Road, Ready to move,Room,0,S$ 980 /mo,EW18 Redhill MRT Station,0.08 km
6,83 Redhill Lane,Fully Furnished HDB Apartment,1334 sqft ,83 Redhill Lane, Ready to move,3,2,"S$ 3,300 /mo",EW18 Redhill MRT Station,0.43 km
7,The Crest,Partially Furnished Condominium,797 sqft ,101 Prince Charles Crescent, Ready to move,2,2,"S$ 3,900 /mo",EW18 Redhill MRT Station,0.74 km
8,Jervois Lodge,Partially Furnished Condominium,1237 sqft ,36 Jervois Road, Ready to move,3,3,"S$ 3,800 /mo",EW18 Redhill MRT Station,0.89 km
9,The Metropolitan Condominium,Partially Furnished Condominium,1744 sqft ,8 Alexandra View, Ready to move,4,3,"S$ 7,000 /mo",EW18 Redhill MRT Station,0.12 km
10,84 Redhill Lane,HDB Apartment,700 sqft ,84 Redhill Lane, Ready to move,2,2,"S$ 2,000 /mo",EW18 Redhill MRT Station,0.35 km
11,Alex Residences,Partially Furnished Apartment,926 sqft ,Alexandra View, Ready to move,3,2,"S$ 4,288 /mo",EW18 Redhill MRT Station,0.06 km
12,The Metropolitan Condominium,Partially Furnished Condominium,1744 sqft ,8 Alexandra View, Ready to move,4,3,"S$ 6,700 /mo",EW18 Redhill MRT Station,0.12 km
13,Alex Residences,Partially Furnished Apartment,657 sqft ,(within 0.06 km), Ready to move,2,2,"S$ 3,000 /mo",EW18 Redhill MRT Station,0.06 km
14,Alex Residences,Partially Furnished Apartment,968 sqft ,(within 0.06 km), Ready to move,3,2,"S$ 3,800 /mo",EW18 Redhill MRT Station,0.06 km
15,Alex Residences,Partially Furnished Apartment,474 sqft ,(within 0.06 km), Ready to move,1,1,"S$ 2,900 /mo",EW18 Redhill MRT Station,0.06 km
16,Alex Residences,Partially Furnished Apartment,657 sqft ,Alexandra View, Ready to move,2,2,"S$ 3,200 /mo",EW18 Redhill MRT Station,0.06 km
17,Alex Residences,Partially Furnished Apartment,904 sqft ,Alexandra View, Ready to move,3,2,"S$ 4,000 /mo",EW18 Redhill MRT Station,0.06 km
18,Ascentia Sky,Partially Furnished Apartment,958 sqft ,1 Alexandra View, Ready to move,2,2,"S$ 3,999 /mo",EW18 Redhill MRT Station,0.23 km
19,103 Henderson Crescent,Fully Furnished HDB Apartment,800 sqft ,103 Henderson Crescent, Available from 1 May,3,1,"S$ 2,400 /mo",EW18 Redhill MRT Station,0.52 km
0,75C Redhill Road,Fully Furnished HDB Apartment,1100 sqft ,75C Redhill Road, Ready to move,3,2,"S$ 2,900 /mo",EW18 Redhill MRT Station,0.08 km
1,The Crest,Partially Furnished Condominium,1141 sqft ,115 Prince Charles Crescent, Ready to move,3,4,"S$ 5,200 /mo",EW18 Redhill MRT Station,0.74 km
2,Telok Blangah Road,Fully Furnished HDB Apartment,846 sqft ,hoyfatt road, Ready to move,2,2,"S$ 1,800 /mo",EW18 Redhill MRT Station,0.67 km
3,Alex Residences,Fully Furnished Apartment,657 sqft ,Alexandra View, Ready to move,2,2,"S$ 1,400 /mo",EW18 Redhill MRT Station,0.06 km
4,73A Redhill Road,Fully Furnished HDB Apartment,1238 sqft ,73A Redhill Road, Available from 31 May,4,2,"S$ 3,299 /mo",EW18 Redhill MRT Station,0.21 km
5,JJ's Residences @ Jervois,Partially Furnished Apartment,800 sqft ,29 Jervois Road, Ready to move,2,2,"S$ 3,500 /mo",EW18 Redhill MRT Station,0.89 km
6,Tanglin View,Partially Furnished Condominium,1152 sqft ,150 Prince Charles Crescent, Ready to move,3,3,"S$ 3,650 /mo",EW18 Redhill MRT Station,0.28 km
7,59 Strathmore Avenue,Fully Furnished HDB Apartment,915 sqft ,59 Strathmore Avenue, Available from 15 Apr,3,2,"S$ 2,850 /mo",EW18 Redhill MRT Station,0.74 km
8,28 Hoy Fatt Road,Fully Furnished HDB Apartment,646 sqft ,28 Hoy Fatt Road, Ready to move,2,1,"S$ 1,900 /mo",EW18 Redhill MRT Station,0.86 km
9,Alex Residences,Partially Furnished Apartment,926 sqft ,Alexandra View, Ready to move,3,2,"S$ 4,188 /mo",EW18 Redhill MRT Station,0.06 km
10,Echelon,Fully Furnished Condominium,732 sqft ,9 Alexandra View, Ready to move,2,2,"S$ 3,800 /mo",EW18 Redhill MRT Station,0.20 km
11,Ascentia Sky,Partially Furnished Apartment,1819 sqft ,1 Alexandra View, S$ 4.23 psf,4,3,"S$ 7,700 /mo",EW18 Redhill MRT Station,0.23 km
12,The Crest,Partially Furnished Condominium,614 sqft ,101 Prince Charles Crescent, S$ 5.70 psf,1,1,"S$ 3,500 /mo",EW18 Redhill MRT Station,0.74 km
13,One Jervois,Partially Furnished Condominium,1840 sqft ,7 Jervois Close, Available from 12 Apr,4,4,"S$ 7,000 /mo",EW18 Redhill MRT Station,0.97 km
14,The Crest,Condominium,1195 sqft ,101 Prince Charles Crescent, Ready to move,3,2,"S$ 5,300 /mo",EW18 Redhill MRT Station,0.74 km
15,The Crest,Condominium,797 sqft ,107 Prince Charles Crescent, Ready to move,2,2,"S$ 4,200 /mo",EW18 Redhill MRT Station,0.74 km
16,The Crest,Condominium,618 sqft ,101 Prince Charles Crescent, Ready to move,1,1,"S$ 3,500 /mo",EW18 Redhill MRT Station,0.74 km
17,JJ's Residences @ Jervois,Partially Furnished Apartment,1100 sqft ,29 Jervois Road, Ready to move,3,2,"S$ 4,500 /mo",EW18 Redhill MRT Station,0.89 km
18,The Crest,Partially Furnished Condominium,797 sqft ,101 Prince Charles Crescent, S$ 5.27 psf,2,2,"S$ 4,200 /mo",EW18 Redhill MRT Station,0.74 km
19,The Crest,Fully Furnished Condominium,614 sqft ,101 Prince Charles Crescent, S$ 7.33 psf,1,1,"S$ 4,500 /mo",EW18 Redhill MRT Station,0.74 km
0,The Crest,Partially Furnished Condominium,1195 sqft ,101 Prince Charles Crescent, S$ 4.44 psf,3,3,"S$ 5,300 /mo",EW18 Redhill MRT Station,0.74 km
1,The Crest,Fully Furnished Condominium,1195 sqft ,101 Prince Charles Crescent, S$ 5.27 psf,3,3,"S$ 6,300 /mo",EW18 Redhill MRT Station,0.74 km
2,The Crest,Fully Furnished Condominium,797 sqft ,101 Prince Charles Crescent, S$ 6.27 psf,2,2,"S$ 5,000 /mo",EW18 Redhill MRT Station,0.74 km
3,One Jervois,Partially Furnished Condominium,1840 sqft ,7 Jervois Close, Available from 15 Apr,4,4,"S$ 7,000 /mo",EW18 Redhill MRT Station,0.97 km
4,One Jervois,Partially Furnished Condominium,1087 sqft ,7 Jervois Close, Available from 1 May,2,2,"S$ 4,200 /mo",EW18 Redhill MRT Station,0.97 km
5,The Metropolitan Condominium,Partially Furnished Condominium,1745 sqft ,6 Alexandra View, Ready to move,4,2,"S$ 6,800 /mo",EW18 Redhill MRT Station,0.12 km
6,The Metropolitan Condominium,Fully Furnished Condominium,1368 sqft ,8 Alexandra View, S$ 3.87 psf,3,3,"S$ 5,300 /mo",EW18 Redhill MRT Station,0.12 km
7,48 Lengkok Bahru,Fully Furnished HDB Apartment,195 sqft ,48 Lengkok Bahru, Ready to move,Room,0,S$ 800 /mo,EW18 Redhill MRT Station,0.67 km
8,Ascentia Sky,Partially Furnished Apartment,1851 sqft ,3 Alexandra View, Ready to move,4,4,"S$ 7,000 /mo",EW18 Redhill MRT Station,0.23 km
9,Alex Residences,Fully Furnished Apartment,100 sqft ,28 Alexandra View, Ready to move,Room,0,"S$ 1,300 /mo",EW18 Redhill MRT Station,0.11 km
10,The Metropolitan Condominium,Condominium,1722 sqft ,6 Alexandra View, Ready to move,4,3,"S$ 6,000 /mo",EW18 Redhill MRT Station,0.12 km
11,Echelon,Condominium,732 sqft ,7 Alexandra View, Ready to move,2,2,"S$ 3,600 /mo",EW18 Redhill MRT Station,0.20 km
12,The Crest,Fully Furnished Condominium,796 sqft ,101 Prince Charles Crescent, Ready to move,2,2,"S$ 3,900 /mo",EW18 Redhill MRT Station,0.74 km
13,Echelon,Fully Furnished Condominium,200 sqft ,9 Alexandra View, Ready to move,Room,0,"S$ 1,500 /mo",EW18 Redhill MRT Station,0.20 km
14,11 Jalan Bukit Merah,Fully Furnished HDB Apartment,150 sqft ,11 Jalan Bukit Merah, S$ 5.33 psf,Room,0,S$ 800 /mo,EW18 Redhill MRT Station,0.95 km
15,161 Bukit Merah Central,Fully Furnished HDB Apartment,743 sqft ,161 Bukit Merah Central, Ready to move,2,2,"S$ 2,200 /mo",EW18 Redhill MRT Station,0.63 km
16,The Crest,Fully Furnished Condominium,797 sqft ,105 Prince Charles Crescent, Ready to move,2,2,"S$ 4,200 /mo",EW18 Redhill MRT Station,0.74 km
17,The Metropolitan Condominium,Partially Furnished Condominium,1744 sqft ,8 Alexandra View, Ready to move,4,3,"S$ 6,788 /mo",EW18 Redhill MRT Station,0.12 km
18,The Crest,Partially Furnished Condominium,797 sqft ,101 Prince Charles Crescent, Ready to move,2,2,"S$ 4,000 /mo",EW18 Redhill MRT Station,0.74 km
19,Alex Residences,Fully Furnished Apartment,475 sqft ,Alexandra View, Ready to move,1,1,"S$ 2,700 /mo",EW18 Redhill MRT Station,0.06 km
0,83 Redhill Lane,Partially Furnished HDB Apartment,200 sqft ,83 Redhill Lane, S$ 4.00 psf,Room,0,S$ 800 /mo,EW18 Redhill MRT Station,0.43 km
1,Alex Residences,Apartment,678 sqft ,Alexandra View, Ready to move,2,2,"S$ 3,400 /mo",EW18 Redhill MRT Station,0.06 km
2,Alex Residences,Partially Furnished Apartment,657 sqft ,Alexandra View, Ready to move,2,2,"S$ 3,001 /mo",EW18 Redhill MRT Station,0.06 km
3,75D Redhill Road,Fully Furnished HDB Apartment,1138 sqft ,75D Redhill Road, Ready to move,3,2,"S$ 2,800 /mo",EW18 Redhill MRT Station,0.12 km
4,The Crest,Partially Furnished Condominium,797 sqft ,103 Prince Charles Crescent, S$ 5.27 psf,2,2,"S$ 4,200 /mo",EW18 Redhill MRT Station,0.74 km
5,The Crest,Fully Furnished Condominium,646 sqft ,103 Prince Charles Crescent, Ready to move,1,1,"S$ 3,500 /mo",EW18 Redhill MRT Station,0.74 km
6,"12 Redhill Close, Singapore 151012",Fully Furnished HDB Apartment,200 sqft ,(within 0.43 km), S$ 4.25 psf,Room,0,S$ 850 /mo,EW18 Redhill MRT Station,0.43 km
7,50 Hoy Fatt Road,Fully Furnished HDB Apartment,150 sqft ,50 Hoy Fatt Road, Ready to move,Room,0,S$ 600 /mo,EW18 Redhill MRT Station,0.64 km
8,80 Strathmore Avenue,Fully Furnished HDB Apartment,150 sqft ,80 Strathmore Avenue, S$ 5.33 psf,Room,0,S$ 800 /mo,EW18 Redhill MRT Station,0.97 km
9,One Jervois,Fully Furnished Condominium,990 sqft ,7 Jervois Close, Available from 20 May,2,2,"S$ 4,500 /mo",EW18 Redhill MRT Station,0.97 km
10,Jervois Lodge,Partially Furnished Condominium,1518 sqft ,36 Jervois Road, Ready to move,4,4,"S$ 5,000 /mo",EW18 Redhill MRT Station,0.89 km
11,38 Jalan Rumah Tinggi,Partially Furnished HDB Apartment,100 sqft ,38 Jalan Rumah Tinggi, S$ 5.50 psf,1,1,S$ 550 /mo,EW18 Redhill MRT Station,0.79 km
12,124B Bukit Merah View,HDB Apartment,1173 sqft ,124B Bukit Merah View, Ready to move,3,2,"S$ 2,600 /mo",EW18 Redhill MRT Station,0.85 km
13,Clydesview,Partially Furnished Condominium,2400 sqft ,16A Jervois Lane, Ready to move,3,2,"S$ 4,500 /mo",EW18 Redhill MRT Station,0.53 km
14,Alex Residences,Fully Furnished Apartment,926 sqft ,Alexandra View, Ready to move,3,2,"S$ 4,400 /mo",EW18 Redhill MRT Station,0.06 km
15,Echelon,Fully Furnished Condominium,1313 sqft ,9 Alexandra View, Ready to move,3,3,"S$ 5,500 /mo",EW18 Redhill MRT Station,0.20 km
16,Hdb,Fully Furnished HDB Apartment,100 sqft ,Blk 11 jalan bukit merah, Ready to move,Room,0,S$ 850 /mo,EW18 Redhill MRT Station,0.91 km
17,Tanglin View,Partially Furnished Condominium,1249 sqft ,156 Prince Charles Crescent, Ready to move,3,3,"S$ 4,200 /mo",EW18 Redhill MRT Station,0.28 km
18,Tanglin View,Condominium,1141 sqft ,152 Prince Charles Crescent, Ready to move,3,3,"S$ 3,800 /mo",EW18 Redhill MRT Station,0.28 km
0,Mon Jervois,Partially Furnished Condominium,960 sqft ,39 Jervois Road, S$ 4.48 psf,2,2,"S$ 4,299 /mo",EW18 Redhill MRT Station,0.71 km
1,The Crest,Partially Furnished Condominium,614 sqft ,101 Prince Charles Crescent, Ready to move,1,1,"S$ 3,500 /mo",EW18 Redhill MRT Station,0.74 km
2,105 Henderson Crescent,Fully Furnished HDB Apartment,100 sqft ,105 Henderson Crescent, Ready to move,Room,0,S$ 700 /mo,EW18 Redhill MRT Station,0.64 km
3,Alex Residences,Apartment,925 sqft ,Alexandra View, Ready to move,3,2,"S$ 4,000 /mo",EW18 Redhill MRT Station,0.06 km
4,43 Lengkok Bahru,HDB Apartment,200 sqft ,43 Lengkok Bahru, Ready to move,Room,0,S$ 680 /mo,EW18 Redhill MRT Station,0.69 km
5,The Crest,Fully Furnished Condominium,614 sqft ,101 Prince Charles Crescent, Ready to move,1,1,"S$ 4,500 /mo",EW18 Redhill MRT Station,0.74 km
6,The Crest,Partially Furnished Condominium,797 sqft ,101 Prince Charles Crescent, Ready to move,2,2,"S$ 4,200 /mo",EW18 Redhill MRT Station,0.74 km
7,The Crest,Fully Furnished Condominium,797 sqft ,101 Prince Charles Crescent, Ready to move,2,2,"S$ 5,000 /mo",EW18 Redhill MRT Station,0.74 km
8,The Crest,Condominium,1195 sqft ,101 Prince Charles Crescent, Ready to move,3,3,"S$ 5,300 /mo",EW18 Redhill MRT Station,0.74 km
9,Tanglin View,Fully Furnished Condominium,1163 sqft ,152 Prince Charles Crescent, Ready to move,3,3,"S$ 4,200 /mo",EW18 Redhill MRT Station,0.28 km
10,One Jervois,Fully Furnished Condominium,635 sqft ,7 Jervois Close, Available from 15 Apr,1,1,"S$ 3,300 /mo",EW18 Redhill MRT Station,0.97 km
11,The Crest,Condominium,1152 sqft ,101 Prince Charles Crescent, Ready to move,3,3,"S$ 5,300 /mo",EW18 Redhill MRT Station,0.74 km
12,The Crest,Condominium,1184 sqft ,101 Prince Charles Crescent, Ready to move,3,3,"S$ 5,300 /mo",EW18 Redhill MRT Station,0.74 km
13,50 Hoy Fatt Road,HDB Apartment,100 sqft ,50 Hoy Fatt Road, S$ 6.50 psf,Room,0,S$ 650 /mo,EW18 Redhill MRT Station,0.64 km
14,Tanglin View,Fully Furnished Condominium,1142 sqft ,152 Prince Charles Crescent, Ready to move,3,2,"S$ 3,800 /mo",EW18 Redhill MRT Station,0.28 km
15,Lotus At Jervois,Fully Furnished Condominium,1431 sqft ,31 Jervois Road, Ready to move,4,3,"S$ 5,950 /mo",EW18 Redhill MRT Station,0.83 km
16,119 Bukit Merah View,Fully Furnished HDB Apartment,125 sqft ,119 Bukit Merah View, Available from 20 Apr,Room,0,S$ 750 /mo,EW18 Redhill MRT Station,0.83 km
17,Tanglin View,Fully Furnished Condominium,1464 sqft ,Tanglin view, Ready to move,3,3,"S$ 4,550 /mo",EW18 Redhill MRT Station,0.29 km
18,Jervois Lodge,Unfurnished Condominium,1216 sqft ,32 Jervois Road, Ready to move,3,2,"S$ 4,000 /mo",EW18 Redhill MRT Station,0.89 km
0,48 Lengkok Bahru,Fully Furnished HDB Apartment,120 sqft ,48 Lengkok Bahru, S$ 5.42 psf,Room,0,S$ 650 /mo,EW18 Redhill MRT Station,0.67 km
1,Alex Residences,Apartment,883 sqft ,Alexandra View, Ready to move,3,2,"S$ 3,800 /mo",EW18 Redhill MRT Station,0.06 km
2,Tanglin View,Fully Furnished Condominium,250 sqft ,156 Prince Charles Crescent, S$ 5.80 psf,1,1,"S$ 1,450 /mo",EW18 Redhill MRT Station,0.28 km
3,Tanglin View,Fully Furnished Condominium,250 sqft ,156 Prince Charles Crescent, S$ 5.80 psf,Room,0,"S$ 1,450 /mo",EW18 Redhill MRT Station,0.28 km
4,The Crest,Partially Furnished Condominium,1225 sqft ,101 Prince Charles Crescent, Ready to move,3,3,"S$ 5,100 /mo",EW18 Redhill MRT Station,0.74 km
5,Jervois Mansions,Partially Furnished Condominium,3000 sqft ,18 Jervois Road, Ready to move,3,2,"S$ 9,250 /mo",EW18 Redhill MRT Station,0.95 km
6,51 Lengkok Bahru,Fully Furnished HDB Apartment,110 sqft ,51 Lengkok Bahru, Ready to move,Room,0,S$ 600 /mo,EW18 Redhill MRT Station,0.55 km
7,Ascentia Sky,Partially Furnished Condominium,947 sqft ,3 Alexandra View, S$ 4.75 psf,2,2,"S$ 4,500 /mo",EW18 Redhill MRT Station,0.23 km
8,92 Dawson Road,Fully Furnished HDB Apartment,215 sqft ,92 Dawson Road, Ready to move,Room,0,"S$ 1,100 /mo",EW18 Redhill MRT Station,0.87 km
9,Mon Jervois,Fully Furnished Condominium,1668 sqft ,39 Jervois Road, Ready to move,2,2,"S$ 5,200 /mo",EW18 Redhill MRT Station,0.71 km
10,Tanglin View,Partially Furnished Condominium,1152 sqft ,154 Prince Charles Crescent, Ready to move,3,3,"S$ 4,200 /mo",EW18 Redhill MRT Station,0.28 km
11,The Crest,Partially Furnished Condominium,635 sqft ,105 Prince Charles Crescent, Ready to move,1,1,"S$ 3,200 /mo",EW18 Redhill MRT Station,0.74 km
12,Alex Residences,Partially Furnished Apartment,926 sqft ,(within 0.06 km), Ready to move,3,2,"S$ 3,750 /mo",EW18 Redhill MRT Station,0.06 km
13,Alex Residences,Unfurnished Apartment,883 sqft ,(within 0.06 km), Ready to move,3,3,"S$ 3,700 /mo",EW18 Redhill MRT Station,0.06 km
14,Alex Residences,Partially Furnished Apartment,906 sqft ,(within 0.06 km), Ready to move,3,2,"S$ 3,700 /mo",EW18 Redhill MRT Station,0.06 km
15,Alex Residences,Apartment,883 sqft ,(within 0.06 km), Ready to move,3,2,"S$ 3,700 /mo",EW18 Redhill MRT Station,0.06 km
16,Alex Residences,Condominium,678 sqft ,28 Alexandra View, Ready to move,2,2,"S$ 3,600 /mo",EW18 Redhill MRT Station,0.11 km
17,The Crest,Partially Furnished Condominium,936 sqft ,101 Prince Charles Crescent, Ready to move,2,2,"S$ 4,000 /mo",EW18 Redhill MRT Station,0.74 km
18,Tanglin Regency,Fully Furnished Condominium,883 sqft ,381 Tanglin Road, Ready to move,2,2,"S$ 3,200 /mo",EW18 Redhill MRT Station,0.25 km
19,Tanglin Regency,Partially Furnished Condominium,1109 sqft ,381 Tanglin Road, Ready to move,3,3,"S$ 3,900 /mo",EW18 Redhill MRT Station,0.25 km
0,Dormer Park,Fully Furnished Condominium,1680 sqft ,51 Jervois Road, Ready to move,3,3,"S$ 4,300 /mo",EW18 Redhill MRT Station,0.75 km
1,The Metropolitan Condominium,Partially Furnished Condominium,1399 sqft ,8 Alexandra View, Available from 7 Jul,3,3,"S$ 4,600 /mo",EW18 Redhill MRT Station,0.12 km
2,Tanglin View,Fully Furnished Condominium,1300 sqft ,150 Prince Charles Crescent, Ready to move,Room,0,"S$ 1,200 /mo",EW18 Redhill MRT Station,0.28 km
3,Tanglin Regency,Fully Furnished Condominium,850 sqft ,383 Tanglin Road, S$ 3.88 psf,2,2,"S$ 3,300 /mo",EW18 Redhill MRT Station,0.25 km
4,12 Redhill Close,Fully Furnished HDB Apartment,100 sqft ,12 Redhill Close, Ready to move,Room,0,S$ 800 /mo,EW18 Redhill MRT Station,0.42 km
5,Jervois Lodge,Unfurnished Condominium,1238 sqft ,36 Jervois Road, Ready to move,3,3,"S$ 4,000 /mo",EW18 Redhill MRT Station,0.89 km
6,Alex Residences,Partially Furnished Apartment,678 sqft ,Alexandra View, Ready to move,2,2,"S$ 3,900 /mo",EW18 Redhill MRT Station,0.06 km
7,Alex Residences,Partially Furnished Apartment,904 sqft ,Alexandra View, Ready to move,3,2,"S$ 3,800 /mo",EW18 Redhill MRT Station,0.06 km
8,Mon Jervois,Partially Furnished Condominium,614 sqft ,39 Jervois Road, S$ 4.89 psf,1,1,"S$ 3,000 /mo",EW18 Redhill MRT Station,0.71 km
9,Alex Residences,Partially Furnished Apartment,1044 sqft ,Alexandra View, Ready to move,3,3,"S$ 4,300 /mo",EW18 Redhill MRT Station,0.06 km
10,Alex Residences,Apartment,670 sqft ,28 Alexandra View, Ready to move,2,2,"S$ 4,000 /mo",EW18 Redhill MRT Station,0.11 km
11,Alex Residences,Apartment,926 sqft ,28 Alexandra View, Ready to move,3,2,"S$ 4,500 /mo",EW18 Redhill MRT Station,0.11 km
12,The Crest,Fully Furnished Condominium,770 sqft ,101 Prince Charles Crescent, Ready to move,2,2,"S$ 4,200 /mo",EW18 Redhill MRT Station,0.74 km
13,Alex Residences,Partially Furnished Apartment,678 sqft ,Alexandra View, Ready to move,2,2,"S$ 3,202 /mo",EW18 Redhill MRT Station,0.06 km
14,Tanglin View,Partially Furnished Condominium,1200 sqft ,150 Prince Charles Crescent, Ready to move,3,2,"S$ 3,800 /mo",EW18 Redhill MRT Station,0.28 km
15,55A Strathmore Avenue,Fully Furnished HDB Apartment,1184 sqft ,55A Strathmore Avenue, Ready to move,3,2,"S$ 3,000 /mo",EW18 Redhill MRT Station,0.93 km
16,Echelon,Partially Furnished Condominium,1292 sqft ,7 Alexandra View, Ready to move,3,2,"S$ 5,400 /mo",EW18 Redhill MRT Station,0.20 km
17,Echelon,Condominium,732 sqft ,9 Alexandra View, Ready to move,2,2,"S$ 3,700 /mo",EW18 Redhill MRT Station,0.20 km
18,Alex Residences,Apartment,904 sqft ,Alexandra View, Ready to move,3,2,"S$ 3,800 /mo",EW18 Redhill MRT Station,0.06 km
19,Alex Residences,Apartment,474 sqft ,Alexandra View, Ready to move,1,1,"S$ 2,501 /mo",EW18 Redhill MRT Station,0.06 km
0,Alex Residences,Apartment,474 sqft ,Alexandra View, Ready to move,1,1,"S$ 2,500 /mo",EW18 Redhill MRT Station,0.06 km
1,Alex Residences,Apartment,654 sqft ,Alexandra View, Ready to move,2,2,"S$ 3,400 /mo",EW18 Redhill MRT Station,0.06 km
2,Jervois Mansions,Partially Furnished Condominium,2600 sqft ,18 Jervois Road, Ready to move,3,3,"S$ 7,800 /mo",EW18 Redhill MRT Station,0.95 km
3,Jervois Mansions,Partially Furnished Condominium,3000 sqft ,18 Jervois Road, Ready to move,3,3,"S$ 9,000 /mo",EW18 Redhill MRT Station,0.95 km
4,The Crest,Partially Furnished Condominium,1195 sqft ,103 Prince Charles Crescent, S$ 4.44 psf,3,3,"S$ 5,300 /mo",EW18 Redhill MRT Station,0.74 km
5,8 Jalan Rumah Tinggi,Partially Furnished HDB Apartment,1200 sqft ,8 Jalan Rumah Tinggi, Available from 20 Apr,3,2,"S$ 2,600 /mo",EW18 Redhill MRT Station,0.98 km
6,119 Bukit Merah View,Fully Furnished HDB Apartment,150 sqft ,119 Bukit Merah View, Ready to move,Room,0,S$ 600 /mo,EW18 Redhill MRT Station,0.83 km
7,The Crest,Condominium,646 sqft ,105 Prince Charles Crescent, Ready to move,1,1,"S$ 3,650 /mo",EW18 Redhill MRT Station,0.74 km
8,91 Dawson Road,HDB Apartment,1070 sqft ,91 Dawson Road, Ready to move,Room,0,"S$ 1,000 /mo",EW18 Redhill MRT Station,0.79 km
9,40 Jalan Rumah Tinggi,Fully Furnished HDB Apartment,1076 sqft ,40 Jalan Rumah Tinggi, Ready to move,3,2,"S$ 2,400 /mo",EW18 Redhill MRT Station,0.88 km
10,Echelon,Partially Furnished Condominium,1313 sqft ,9 Alexandra View, Ready to move,3,3,"S$ 5,500 /mo",EW18 Redhill MRT Station,0.20 km
11,Echelon,Condominium,1001 sqft ,9 Alexandra View, Ready to move,3,3,"S$ 3,800 /mo",EW18 Redhill MRT Station,0.20 km
12,Alex Residences,Partially Furnished Condominium,678 sqft ,28 Alexandra View, Ready to move,2,2,"S$ 3,500 /mo",EW18 Redhill MRT Station,0.11 km
13,Ascentia Sky,Partially Furnished Condominium,1475 sqft ,1 Alexandra View, Ready to move,3,3,"S$ 5,500 /mo",EW18 Redhill MRT Station,0.23 km
14,Redhill,Fully Furnished HDB Apartment,100 sqft ,150083, Ready to move,Room,0,S$ 800 /mo,EW18 Redhill MRT Station,0.39 km
15,Alex Residences,Apartment,926 sqft ,Alexandra View, Ready to move,3,2,"S$ 4,000 /mo",EW18 Redhill MRT Station,0.06 km
16,The Metropolitan Condominium,Partially Furnished Condominium,1398 sqft ,8 Alexandra View, S$ 3.58 psf,3,3,"S$ 5,000 /mo",EW18 Redhill MRT Station,0.12 km
17,One Jervois Condominium,Fully Furnished Condominium,1701 sqft ,One Jervois Close, Ready to move,Room,0,"S$ 2,800 /mo",EW18 Redhill MRT Station,0.99 km
18,102 Henderson Crescent,Partially Furnished HDB Apartment,860 sqft ,102 Henderson Crescent, Ready to move,Room,0,S$ 830 /mo,EW18 Redhill MRT Station,0.55 km
19,The Metropolitan Condominium,Partially Furnished Condominium,1399 sqft ,8 Alexandra View, Ready to move,3,2,"S$ 4,600 /mo",EW18 Redhill MRT Station,0.12 km
0,One Jervois,Partially Furnished Condominium,1841 sqft ,7 Jervois Close, Ready to move,4,4,"S$ 6,900 /mo",EW18 Redhill MRT Station,0.97 km
1,Tanglin Regency,Fully Furnished Condominium,850 sqft ,383 Tanglin Road, Ready to move,2,2,"S$ 3,300 /mo",EW18 Redhill MRT Station,0.25 km
2,50 Strathmore Avenue,Fully Furnished HDB Apartment,130 sqft ,50 Strathmore Avenue, S$ 8.46 psf,Room,0,"S$ 1,100 /mo",EW18 Redhill MRT Station,0.97 km
3,63A Lengkok Bahru,Fully Furnished HDB Apartment,1292 sqft ,63A Lengkok Bahru, Ready to move,3,2,"S$ 3,200 /mo",EW18 Redhill MRT Station,0.12 km
4,The Metropolitan Condominium,Fully Furnished Condominium,1033 sqft ,8 Alexandra View, Ready to move,2,2,"S$ 4,180 /mo",EW18 Redhill MRT Station,0.12 km
5,87 Redhill Close,Fully Furnished HDB Apartment,1200 sqft ,87 Redhill Close, Ready to move,Room,0,"S$ 1,100 /mo",EW18 Redhill MRT Station,0.48 km
6,The Metropolitan Condominium,Partially Furnished Condominium,1743 sqft ,6 Alexandra View, Ready to move,4,3,"S$ 6,800 /mo",EW18 Redhill MRT Station,0.12 km
7,The Metropolitan Condominium,Partially Furnished Condominium,1399 sqft ,8 Alexandra View, S$ 3.36 psf,3,3,"S$ 4,700 /mo",EW18 Redhill MRT Station,0.12 km
8,The Crest,Partially Furnished Condominium,1744 sqft ,105 Prince Charles Crescent, Ready to move,4,4,"S$ 7,500 /mo",EW18 Redhill MRT Station,0.74 km
9,50 Strathmore Avenue,Fully Furnished HDB Apartment,150 sqft ,50 Strathmore Avenue, Ready to move,Room,0,"S$ 1,100 /mo",EW18 Redhill MRT Station,0.97 km
10,Ascentia Sky,Fully Furnished Apartment,1011 sqft ,1 Alexandra View, Available from 30 Apr,2,2,"S$ 4,500 /mo",EW18 Redhill MRT Station,0.23 km
11,Echelon,Condominium,452 sqft ,9 Alexandra View, Ready to move,1,1,"S$ 2,700 /mo",EW18 Redhill MRT Station,0.20 km
12,102 Henderson Crescent,Partially Furnished HDB Apartment,900 sqft ,102 Henderson Crescent, Ready to move,3,2,"S$ 2,750 /mo",EW18 Redhill MRT Station,0.55 km
13,The Metropolitan Condominium,Partially Furnished Condominium,1398 sqft ,8 Alexandra View, Ready to move,3,3,"S$ 4,600 /mo",EW18 Redhill MRT Station,0.12 km
14,Alex Residences,Partially Furnished Apartment,657 sqft ,28 Alexandra View, Ready to move,2,2,"S$ 3,600 /mo",EW18 Redhill MRT Station,0.11 km
15,Clydesview,Unfurnished Condominium,2900 sqft ,16A Jervois Lane, Ready to move,3,3,"S$ 4,400 /mo",EW18 Redhill MRT Station,0.53 km
16,87 Redhill Close,HDB Apartment,100 sqft ,87 Redhill Close, Ready to move,Room,0,S$ 900 /mo,EW18 Redhill MRT Station,0.48 km
17,75C Redhill Road,Fully Furnished HDB Apartment,1238 sqft ,75C Redhill Road, Ready to move,3,2,"S$ 3,199 /mo",EW18 Redhill MRT Station,0.08 km
18,Tanglin View,Fully Furnished Condominium,872 sqft ,Tanglin View, Ready to move,2,2,"S$ 3,500 /mo",EW18 Redhill MRT Station,0.30 km
19,55 Strathmore Avenue,Fully Furnished HDB Apartment,200 sqft ,55 Strathmore Avenue, Ready to move,1,1,S$ 900 /mo,EW18 Redhill MRT Station,0.91 km
0,One Jervois,Partially Furnished Condominium,1335 sqft ,7 Jervois Close, Ready to move,3,3,"S$ 5,200 /mo",EW18 Redhill MRT Station,0.97 km
1,The Crest,Partially Furnished Condominium,614 sqft ,103 Prince Charles Crescent, S$ 5.70 psf,1,1,"S$ 3,500 /mo",EW18 Redhill MRT Station,0.74 km
2,76A Redhill Road,Partially Furnished HDB Apartment,1076 sqft ,76A Redhill Road, S$ 3.07 psf,3,2,"S$ 3,300 /mo",EW18 Redhill MRT Station,0.09 km
3,Jervois Road,Partially Furnished Detached House,"10000 sqft, 15200 sqft (land) ",Jervois Road, Ready to move,6,6,"S$ 25,000 /mo",EW18 Redhill MRT Station,0.84 km
4,The Metropolitan Condominium,Fully Furnished Condominium,1399 sqft ,8 Alexandra View, Ready to move,3,3,"S$ 5,600 /mo",EW18 Redhill MRT Station,0.12 km
5,Alex Residences,Partially Furnished Apartment,474 sqft ,Alexandra View, Ready to move,1,1,"S$ 2,601 /mo",EW18 Redhill MRT Station,0.06 km
6,Ascentia Sky,Partially Furnished Apartment,1475 sqft ,1 Alexandra View, Ready to move,3,3,"S$ 5,200 /mo",EW18 Redhill MRT Station,0.23 km
7,The Crest,Partially Furnished Condominium,1195 sqft ,101 Prince Charles Crescent, S$ 4.44 psf,3,3,"S$ 5,300 /mo",EW18 Redhill MRT Station,0.74 km
8,Alex Residences,Fully Furnished Apartment,657 sqft ,Alexandra View, Ready to move,2,2,"S$ 3,300 /mo",EW18 Redhill MRT Station,0.06 km
9,The Crest,Fully Furnished Condominium,646 sqft ,105 Prince Charles Crescent, Ready to move,1,1,"S$ 3,800 /mo",EW18 Redhill MRT Station,0.74 km
10,Alessandrea,Partially Furnished Apartment,1001 sqft ,31 Alexandra Road, Ready to move,3,2,"S$ 3,200 /mo",EW18 Redhill MRT Station,0.66 km
11,The Crest,Partially Furnished Condominium,1916 sqft ,101 Prince Charles Crescent, Ready to move,5,4,"S$ 8,500 /mo",EW18 Redhill MRT Station,0.74 km
12,The Crest,Partially Furnished Condominium,800 sqft ,105 Prince Charles Crescent, Ready to move,2,1,"S$ 4,200 /mo",EW18 Redhill MRT Station,0.74 km
13,Mon Jervois,Fully Furnished Condominium,893 sqft ,39 Jervois Road, Ready to move,2,2,"S$ 5,000 /mo",EW18 Redhill MRT Station,0.71 km
14,Alex Residences,Partially Furnished Apartment,884 sqft ,Alexandra View, Ready to move,3,2,"S$ 3,900 /mo",EW18 Redhill MRT Station,0.06 km
15,77A Redhill Road,Partially Furnished HDB Apartment,1237 sqft ,77A Redhill Road, Ready to move,3,2,"S$ 3,200 /mo",EW18 Redhill MRT Station,0.19 km
16,The Metropolitan Condominium,Fully Furnished Condominium,1399 sqft ,8 Alexandra View, Ready to move,3,3,"S$ 5,500 /mo",EW18 Redhill MRT Station,0.12 km
17,50 Strathmore Avenue,Fully Furnished HDB Apartment,250 sqft ,50 Strathmore Avenue, Ready to move,Room,0,S$ 700 /mo,EW18 Redhill MRT Station,0.97 km
18,Alex Residences,Partially Furnished Apartment,1023 sqft ,Alexandra View, Ready to move,3,3,"S$ 4,501 /mo",EW18 Redhill MRT Station,0.06 km
19,The Metropolitan Condominium,Partially Furnished Condominium,1399 sqft ,6 Alexandra View, Ready to move,3,3,"S$ 4,600 /mo",EW18 Redhill MRT Station,0.12 km
0,The Crest,Partially Furnished Condominium,618 sqft ,101 Prince Charles Crescent, S$ 5.66 psf,1,1,"S$ 3,500 /mo",EW18 Redhill MRT Station,0.74 km
1,The Metropolitan Condominium,Partially Furnished Condominium,1400 sqft ,6 Alexandra View, S$ 3.57 psf,3,3,"S$ 5,000 /mo",EW18 Redhill MRT Station,0.12 km
2,50 Hoy Fatt Road,Fully Furnished HDB Apartment,120 sqft ,50 Hoy Fatt Road, S$ 6.25 psf,Room,0,S$ 750 /mo,EW18 Redhill MRT Station,0.64 km
3,Jervois Mansions,Partially Furnished Condominium,2600 sqft ,18 Jervois Road, S$ 3.00 psf,3,2,"S$ 7,800 /mo",EW18 Redhill MRT Station,0.95 km
4,One Jervois,Partially Furnished Condominium,1087 sqft ,7 Jervois Close, S$ 4.14 psf,2,2,"S$ 4,500 /mo",EW18 Redhill MRT Station,0.97 km
5,One Jervois,Partially Furnished Condominium,1087 sqft ,3C Jervois Close, S$ 3.68 psf,2,2,"S$ 4,000 /mo",EW18 Redhill MRT Station,0.97 km
