0,The Beacon,Partially Furnished Apartment,1100 sqft ,130 Cantonment Road, Ready to move,2,2,"S$ 4,900 /mo",EW16 Outram Park MRT Station,0.62 km
1,Pinnacle @ Duxton,Partially Furnished HDB Apartment,1033 sqft ,1B Cantonment Road, Ready to move,3,2,"S$ 3,300 /mo",EW16 Outram Park MRT Station,0.73 km
2,River Place,Fully Furnished Condominium,786 sqft ,60 Havelock Road, Ready to move,1,1,"S$ 3,500 /mo",EW16 Outram Park MRT Station,0.92 km
3,Altez,Condominium,1109 sqft ,16 Enggor Street, Ready to move,2,2,"S$ 7,100 /mo",EW16 Outram Park MRT Station,0.99 km
4,Skysuites @ Anson,Partially Furnished Condominium,365 sqft ,8 Enggor Street, Available from 15 Apr,1,1,"S$ 2,900 /mo",EW16 Outram Park MRT Station,0.99 km
5,Spottiswoode Suites,Partially Furnished Condominium,538 sqft ,14 Spottiswoode Park Road, Ready to move,2,1,"S$ 3,400 /mo",EW16 Outram Park MRT Station,0.63 km
6,Spottiswoode Residences,Fully Furnished Condominium,603 sqft ,48 Spottiswoode Park Road, Ready to move,1,1,"S$ 2,900 /mo",EW16 Outram Park MRT Station,0.75 km
7,Spottiswoode Residences,Fully Furnished Condominium,603 sqft ,48 Spottiswoode Park Road, Ready to move,1,1,"S$ 3,200 /mo",EW16 Outram Park MRT Station,0.75 km
8,Pinnacle @ Duxton,Partially Furnished HDB Apartment,1011 sqft ,1 Cantonment Road, Ready to move,2,2,"S$ 3,500 /mo",EW16 Outram Park MRT Station,0.73 km
9,Emerald Garden,Partially Furnished Condominium,1259 sqft ,33 Club Street, Ready to move,3,3,"S$ 4,500 /mo",EW16 Outram Park MRT Station,0.86 km
10,Pearl Bank Apartment,Fully Furnished Apartment,900 sqft ,1 Pearl Bank, Ready to move,2,2,"S$ 2,800 /mo",EW16 Outram Park MRT Station,0.20 km
11,57Spottiswoode Park Road,Fully Furnished Conservation House,"450 sqft, 2000 sqft (land) ",Spottiswoode park road, S$ 1.10 psf,1,1,"S$ 2,200 /mo",EW16 Outram Park MRT Station,0.52 km
12,57 Eng Hoon Street,Fully Furnished Apartment,250 sqft ,57 Eng Hoon Street, Ready to move,Room,0,"S$ 1,900 /mo",EW16 Outram Park MRT Station,0.69 km
13,Pearl Bank Apartment,Fully Furnished Apartment,200 sqft ,1 Pearl Bank, Ready to move,Room,0,"S$ 1,500 /mo",EW16 Outram Park MRT Station,0.20 km
14,Landmark Tower,Partially Furnished Apartment,1399 sqft ,173 Chin Swee Road, Ready to move,3,3,"S$ 3,500 /mo",EW16 Outram Park MRT Station,0.53 km
15,Icon Village,Fully Furnished Condominium,1050 sqft ,12 Gopeng Street, Ready to move,2,2,"S$ 5,300 /mo",EW16 Outram Park MRT Station,0.88 km
16,River Place,Partially Furnished Condominium,2400 sqft ,66 Havelock Road, Available from 30 Apr,3,3,"S$ 7,500 /mo",EW16 Outram Park MRT Station,0.92 km
17,Pearl Bank Apartment,Fully Furnished Apartment,501 sqft ,1 Pearl Bank, Ready to move,Studio,0,"S$ 1,750 /mo",EW16 Outram Park MRT Station,0.20 km
18,4 Tanjong Pagar Plaza,Fully Furnished HDB Apartment,88 sqft ,4 Tanjong Pagar Plaza, Ready to move,Room,0,"S$ 1,000 /mo",EW16 Outram Park MRT Station,0.74 km
19,Spottiswoode Suites,Partially Furnished Condominium,441 sqft ,14 Spottiswoode Park Road, Ready to move,1,1,"S$ 3,200 /mo",EW16 Outram Park MRT Station,0.63 km
0,10 Jalan Kukoh,Fully Furnished HDB Apartment,581 sqft ,10 Jalan Kukoh, Ready to move,1,1,"S$ 1,800 /mo",EW16 Outram Park MRT Station,0.61 km
1,The Arris,Fully Furnished Apartment,786 sqft ,28 Yan Kit Road, Ready to move,1,1,"S$ 4,000 /mo",EW16 Outram Park MRT Station,0.76 km
2,Altez,Partially Furnished Condominium,1109 sqft ,16 Enggor Street, Ready to move,2,2,"S$ 7,700 /mo",EW16 Outram Park MRT Station,0.99 km
3,Yong Siak View,Fully Furnished Apartment,400 sqft ,21 Yong Siak Street, Ready to move,Studio,0,"S$ 2,100 /mo",EW16 Outram Park MRT Station,0.95 km
4,River Place,Partially Furnished Apartment,2357 sqft ,60 Havelock Road, Available from 1 May,3,2,"S$ 7,800 /mo",EW16 Outram Park MRT Station,0.92 km
5,7 Tanjong Pagar Plaza,Fully Furnished HDB Apartment,893 sqft ,7 Tanjong Pagar Plaza, Ready to move,3,1,"S$ 3,000 /mo",EW16 Outram Park MRT Station,0.71 km
6,Tanjong Pagar Plaza/cantonment,Partially Furnished HDB Apartment,900 sqft ,1 Tanjong Pagar Plaza, S$ 2.89 psf,3,2,"S$ 2,600 /mo",EW16 Outram Park MRT Station,0.79 km
7,People's Park Complex,Fully Furnished Apartment,409 sqft ,1 Park Road, Ready to move,Studio,0,"S$ 1,800 /mo",EW16 Outram Park MRT Station,0.51 km
8,66 Eng Watt Street,Fully Furnished Walk-up,600 sqft ,66 Eng Watt Street, Ready to move,1,1,"S$ 3,000 /mo",EW16 Outram Park MRT Station,0.69 km
9,127C Kim Tian Road,Fully Furnished HDB Apartment,120 sqft ,127C Kim Tian Road, Ready to move,Room,0,S$ 900 /mo,EW16 Outram Park MRT Station,0.95 km
10,1 Tanjong Pagar Plaza,Fully Furnished HDB Apartment,750 sqft ,2 Tanjong Pagar Plaza, S$ 3.07 psf,2,1,"S$ 2,300 /mo",EW16 Outram Park MRT Station,0.82 km
11,"SIMPLY AWESOME CHINATOWN Conservation HERITAGE AWARD Winner LOFT, 2 Mins To CHINATOWN MRT",Partially Furnished Conservation House,"550 sqft, 1600 sqft (land) ","Raffles Place MRT, Chinatown MRT, Clarke Quay", Ready to move,1,1,"S$ 3,500 /mo",EW16 Outram Park MRT Station,
12,Spottiswoode Park,Partially Furnished Apartment,850 sqft ,Spottiswoode Park Road, Ready to move,3,2,"S$ 2,600 /mo",EW16 Outram Park MRT Station,0.75 km
13,Pearl Bank Apartment,Fully Furnished Apartment,400 sqft ,1 Pearl Bank, Available from 15 Apr,1,1,"S$ 1,600 /mo",EW16 Outram Park MRT Station,0.20 km
14,Skysuites @ Anson,Fully Furnished Condominium,700 sqft ,8 Enggor Street, Ready to move,1,2,"S$ 4,500 /mo",EW16 Outram Park MRT Station,0.99 km
15,Altez,Fully Furnished Condominium,1173 sqft ,16 Enggor Street, Ready to move,2,2,"S$ 8,490 /mo",EW16 Outram Park MRT Station,0.99 km
16,Pearl Bank Apartment,Fully Furnished Apartment,500 sqft ,1 Pearl Bank, Ready to move,1,1,"S$ 1,900 /mo",EW16 Outram Park MRT Station,0.20 km
17,Emerald Garden,Partially Furnished Condominium,969 sqft ,33 Club Street, Ready to move,2,2,"S$ 4,000 /mo",EW16 Outram Park MRT Station,0.90 km
18,Altez,Partially Furnished Condominium,1109 sqft ,16 Enggor Street, Ready to move,2,2,"S$ 7,500 /mo",EW16 Outram Park MRT Station,0.99 km
19,River Place,Condominium,1582 sqft ,60 Havelock Road, Ready to move,3,2,"S$ 5,500 /mo",EW16 Outram Park MRT Station,0.92 km
0,Altez,Partially Furnished Condominium,1658 sqft ,16 Enggor Street, Ready to move,3,2,"S$ 8,800 /mo",EW16 Outram Park MRT Station,0.99 km
1,Altez,Fully Furnished Condominium,527 sqft ,16 Enggor Street, Ready to move,1,1,"S$ 3,980 /mo",EW16 Outram Park MRT Station,0.99 km
2,Pinaccle @ Duxton,Fully Furnished HDB Apartment,100 sqft ,Cantonment Road, Ready to move,Room,0,"S$ 1,200 /mo",EW16 Outram Park MRT Station,0.69 km
3,Icon Village,Condominium,915 sqft ,12 Gopeng Street, Ready to move,2,1,"S$ 4,600 /mo",EW16 Outram Park MRT Station,0.88 km
4,Spottiswoode Suites,Fully Furnished Condominium,872 sqft ,14 Spottiswoode Park Road, Ready to move,2,2,"S$ 5,000 /mo",EW16 Outram Park MRT Station,0.63 km
5,Craig Place,Fully Furnished Apartment,657 sqft ,20 Craig Road, Available from 10 Jun,1,1,"S$ 3,600 /mo",EW16 Outram Park MRT Station,0.55 km
6,Altez,Fully Furnished Condominium,753 sqft ,16 Enggor Street, Ready to move,1,2,"S$ 4,800 /mo",EW16 Outram Park MRT Station,0.99 km
7,110 Spottiswoode Park Road,Fully Furnished HDB Apartment,150 sqft ,110 Spottiswoode Park Road, Available from 16 Apr,Room,0,S$ 800 /mo,EW16 Outram Park MRT Station,0.90 km
8,Pearl Bank Apartment,Fully Furnished Apartment,350 sqft ,1 Pearl Bank, Ready to move,1,1,"S$ 1,450 /mo",EW16 Outram Park MRT Station,0.20 km
9,River Place,Fully Furnished Condominium,786 sqft ,66 Havelock Road, Ready to move,1,1,"S$ 3,500 /mo",EW16 Outram Park MRT Station,0.92 km
10,River Place,Partially Furnished Condominium,1324 sqft ,60 Havelock Road, Ready to move,3,3,"S$ 5,000 /mo",EW16 Outram Park MRT Station,0.92 km
11,Spottiswoode Residences,Fully Furnished Condominium,797 sqft ,48 Spottiswoode Park Road, Available from 1 May,2,2,"S$ 4,200 /mo",EW16 Outram Park MRT Station,0.75 km
12,River Place,Partially Furnished Condominium,1658 sqft ,62 Havelock Road, Ready to move,3,3,"S$ 7,000 /mo",EW16 Outram Park MRT Station,0.92 km
13,Altez,Fully Furnished Condominium,829 sqft ,16 Enggor Street, Ready to move,2,2,"S$ 5,800 /mo",EW16 Outram Park MRT Station,0.99 km
14,River Place,Fully Furnished Condominium,1657 sqft ,62 Havelock Road, Ready to move,2,2,"S$ 5,000 /mo",EW16 Outram Park MRT Station,0.92 km
15,Spottiswoode Suites,Partially Furnished Condominium,452 sqft ,16 Spottiswoode Park Road, Available from 30 Jun,1,1,"S$ 2,800 /mo",EW16 Outram Park MRT Station,0.63 km
16,Altez,Partially Furnished Condominium,527 sqft ,16 Enggor Street, Ready to move,1,1,"S$ 3,300 /mo",EW16 Outram Park MRT Station,0.99 km
17,Blair Road,Conservation House,"3500 sqft, 1700 sqft (land) ",Blair Road, Available from 7 May,4,4,"S$ 9,600 /mo",EW16 Outram Park MRT Station,0.67 km
18,Pearl Bank Apartment,Fully Furnished Apartment,450 sqft ,1 Pearl Bank, Ready to move,Studio,0,"S$ 1,500 /mo",EW16 Outram Park MRT Station,0.20 km
19,Landmark Tower,Fully Furnished Apartment,1399 sqft ,173 Chin Swee Road, Ready to move,3,2,"S$ 3,700 /mo",EW16 Outram Park MRT Station,0.53 km
0,People's Park Complex,Fully Furnished Apartment,80 sqft ,1 Park Road, Ready to move,Room,0,S$ 800 /mo,EW16 Outram Park MRT Station,0.51 km
1,335A Smith Street,Fully Furnished HDB Apartment,700 sqft ,335A Smith Street, Ready to move,2,2,"S$ 2,500 /mo",EW16 Outram Park MRT Station,0.48 km
2,Pearl Bank Apartment,Apartment,500 sqft ,1A Pearl Bank, S$ 2.80 psf,1,0,"S$ 1,400 /mo",EW16 Outram Park MRT Station,0.20 km
3,55 Tiong Bahru Road,Fully Furnished HDB Apartment,300 sqft ,55 Tiong Bahru Road, Ready to move,Studio,0,"S$ 1,600 /mo",EW16 Outram Park MRT Station,0.60 km
4,Dorsett Residences,Fully Furnished Condominium,689 sqft ,333 New Bridge Road, Ready to move,2,2,"S$ 4,500 /mo",EW16 Outram Park MRT Station,0.25 km
5,Skysuites @ Anson,Fully Furnished Condominium,398 sqft ,8 Enggor Street, Available from 15 Apr,1,1,"S$ 3,180 /mo",EW16 Outram Park MRT Station,0.99 km
6,River Place,Fully Furnished Condominium,1259 sqft ,60 Havelock Road, Available from 22 Apr,1,2,"S$ 4,500 /mo",EW16 Outram Park MRT Station,0.92 km
7,78 Yong Siak Street,Fully Furnished Apartment,250 sqft ,78 Yong Siak Street, Ready to move,Studio,0,"S$ 1,850 /mo",EW16 Outram Park MRT Station,0.92 km
8,Altez,Partially Furnished Condominium,1109 sqft ,16 Enggor Street, Ready to move,2,2,"S$ 7,500 /mo",EW16 Outram Park MRT Station,0.99 km
9,Icon,Fully Furnished Apartment,657 sqft ,10 Gopeng Street, Ready to move,1,1,"S$ 3,800 /mo",EW16 Outram Park MRT Station,0.97 km
10,Spottiswoode Park Conservation House,Fully Furnished Conservation House,"500 sqft, 2000 sqft (land) ",Spottiswoode Park Road, Ready to move,1,1,"S$ 2,000 /mo",EW16 Outram Park MRT Station,0.73 km
11,Altez,Partially Furnished Condominium,1109 sqft ,16 Enggor Street, Ready to move,2,2,"S$ 7,500 /mo",EW16 Outram Park MRT Station,0.99 km
12,Spottiswoode 18,Fully Furnished Condominium,388 sqft ,18 Spottiswoode Park Road, Ready to move,1,1,"S$ 2,500 /mo",EW16 Outram Park MRT Station,0.68 km
13,Altez,Condominium,1658 sqft ,16 Enggor Street, Ready to move,3,3,"S$ 8,900 /mo",EW16 Outram Park MRT Station,0.99 km
14,73 Eng Watt Street,Walk-up,1100 sqft ,73 Eng Watt Street, Ready to move,2,1,"S$ 4,500 /mo",EW16 Outram Park MRT Station,0.73 km
15,79 Chay Yan Street,Fully Furnished Walk-up,400 sqft ,79 Chay Yan Street, Ready to move,Studio,0,"S$ 3,000 /mo",EW16 Outram Park MRT Station,0.88 km
16,78 Guan Chuan Street,Fully Furnished Walk-up,300 sqft ,78 Guan Chuan Street, Ready to move,Studio,0,"S$ 2,200 /mo",EW16 Outram Park MRT Station,0.92 km
17,55 Tiong Bahru Road,Fully Furnished Walk-up,200 sqft ,55 Tiong Bahru Road, Ready to move,Room,0,"S$ 1,500 /mo",EW16 Outram Park MRT Station,0.60 km
18,74 Tiong Poh Road,Fully Furnished Walk-up,350 sqft ,74 Tiong Poh Road, Ready to move,Studio,0,"S$ 2,700 /mo",EW16 Outram Park MRT Station,0.69 km
19,55 Tiong Bahru Road,Fully Furnished Walk-up,300 sqft ,55 Tiong Bahru Road, Ready to move,Studio,0,"S$ 2,500 /mo",EW16 Outram Park MRT Station,0.60 km
0,River Place,Fully Furnished Condominium,2357 sqft ,60 Havelock Road, Available from 1 May,3,3,"S$ 7,800 /mo",EW16 Outram Park MRT Station,0.92 km
1,River Place,Partially Furnished Condominium,786 sqft ,60 Havelock Road, Ready to move,1,1,"S$ 2,950 /mo",EW16 Outram Park MRT Station,0.92 km
2,Altez,Partially Furnished Condominium,1173 sqft ,16 Enggor Street, Ready to move,2,3,"S$ 7,000 /mo",EW16 Outram Park MRT Station,0.99 km
3,Altez,Partially Furnished Condominium,1561 sqft ,16 Enggor Street, Ready to move,3,4,"S$ 9,200 /mo",EW16 Outram Park MRT Station,0.99 km
4,2D Boon Tiong Road,Fully Furnished HDB Apartment,80 sqft ,2D Boon Tiong Road, Ready to move,Room,0,"S$ 1,500 /mo",EW16 Outram Park MRT Station,0.86 km
5,Icon,Fully Furnished Apartment,700 sqft ,10 Gopeng Street, Ready to move,1,1,"S$ 4,000 /mo",EW16 Outram Park MRT Station,0.97 km
6,Icon,Fully Furnished Apartment,1066 sqft ,10 Gopeng Street, Available from 17 Jun,2,2,"S$ 5,000 /mo",EW16 Outram Park MRT Station,0.97 km
7,34 Upper Cross Street,HDB Apartment,100 sqft ,34 Upper Cross Street, Ready to move,Room,0,S$ 700 /mo,EW16 Outram Park MRT Station,0.67 km
8,Icon,Fully Furnished Apartment,1050 sqft ,10 Gopeng Street, Ready to move,2,2,"S$ 5,300 /mo",EW16 Outram Park MRT Station,0.97 km
9,Pearl Bank Apartment,Fully Furnished Apartment,500 sqft ,1 Pearl Bank, Ready to move,Studio,0,"S$ 1,750 /mo",EW16 Outram Park MRT Station,0.20 km
10,People's Park Complex,Partially Furnished Apartment,1119 sqft ,1 Park Road, Ready to move,3,3,"S$ 4,000 /mo",EW16 Outram Park MRT Station,0.51 km
11,People's Park Centre,Fully Furnished Apartment,1800 sqft ,101 Upper Cross Street, Ready to move,5,4,"S$ 5,500 /mo",EW16 Outram Park MRT Station,0.76 km
12,Altez,Partially Furnished Condominium,1658 sqft ,16 Enggor Street, Ready to move,3,3,"S$ 8,900 /mo",EW16 Outram Park MRT Station,0.99 km
13,Icon,Fully Furnished Apartment,904 sqft ,10 Gopeng Street, Ready to move,2,2,"S$ 5,000 /mo",EW16 Outram Park MRT Station,0.97 km
14,Pearl Bank Apartment,Fully Furnished Apartment,350 sqft ,1 Pearl Bank, Ready to move,1,1,"S$ 1,450 /mo",EW16 Outram Park MRT Station,0.20 km
15,Pearl Bank Apartment,Fully Furnished Apartment,500 sqft ,1 Pearl Bank, Ready to move,1,1,"S$ 1,700 /mo",EW16 Outram Park MRT Station,0.20 km
16,127D Kim Tian Road,Fully Furnished HDB Apartment,150 sqft ,127D Kim Tian Road, S$ 5.67 psf,Room,0,S$ 850 /mo,EW16 Outram Park MRT Station,0.96 km
17,78 Moh Guan Terrace,Fully Furnished HDB Apartment,120 sqft ,78 Moh Guan Terrace, Ready to move,Room,0,S$ 900 /mo,EW16 Outram Park MRT Station,0.97 km
18,The Beacon,Partially Furnished Apartment,1108 sqft ,130 Cantonment Road, Ready to move,2,2,"S$ 4,900 /mo",EW16 Outram Park MRT Station,0.62 km
19,Spottiswoode Residences,Fully Furnished Condominium,926 sqft ,48 Spottiswoode Park Road, Available from 20 May,2,2,"S$ 4,800 /mo",EW16 Outram Park MRT Station,0.75 km
0,Pearl's Hill Terrace,Fully Furnished Apartment,600 sqft ,201 Pearl's Hill Terrace, Ready to move,2,1,"S$ 1,949 /mo",EW16 Outram Park MRT Station,0.47 km
1,Pearl's Hill Terrace,Fully Furnished Apartment,550 sqft ,201 Pearl's Hill Terrace, Ready to move,1,1,"S$ 1,699 /mo",EW16 Outram Park MRT Station,0.47 km
2,Icon,Fully Furnished Apartment,1249 sqft ,10 Gopeng Street, Ready to move,3,2,"S$ 6,000 /mo",EW16 Outram Park MRT Station,0.97 km
3,Altez,Condominium,1173 sqft ,16 Enggor Street, Available from 29 Apr,2,2,"S$ 7,200 /mo",EW16 Outram Park MRT Station,0.99 km
4,River Place,Partially Furnished Condominium,1658 sqft ,60 Havelock Road, Ready to move,3,3,"S$ 6,888 /mo",EW16 Outram Park MRT Station,0.92 km
5,River Place,Fully Furnished Condominium,786 sqft ,60 Havelock Road, Ready to move,1,1,"S$ 3,500 /mo",EW16 Outram Park MRT Station,0.92 km
6,Onze @ Tanjong Pagar,Partially Furnished Apartment,1250 sqft ,11 Kee Seng Street, Ready to move,4,2,"S$ 6,200 /mo",EW16 Outram Park MRT Station,0.82 km
7,82 Tiong Poh Road,Partially Furnished HDB Apartment,1250 sqft ,82 Tiong Poh Road, Ready to move,3,1,"S$ 2,950 /mo",EW16 Outram Park MRT Station,0.60 km
8,Onze @ Tanjong Pagar,Partially Furnished Apartment,1250 sqft ,11 Kee Seng Street, Ready to move,4,2,"S$ 6,350 /mo",EW16 Outram Park MRT Station,0.82 km
9,Spottiswoode Residences,Fully Furnished Condominium,624 sqft ,48 Spottiswoode Park Road, Ready to move,1,1,"S$ 3,200 /mo",EW16 Outram Park MRT Station,0.75 km
10,CHARMING LOFT ! EXCLUSIVE ! CONSERVATION HOUSE ! CHINATOWN,Partially Furnished Shophouse,"1400 sqft, 1400 sqft (land) ",Chinatown /Mosque St /Temple St/Neil / MRT, Ready to move,2,2,"S$ 6,200 /mo",EW16 Outram Park MRT Station,0.77 km
11,3 Tanjong Pagar Plaza,Fully Furnished HDB Apartment,600 sqft ,3 Tanjong Pagar Plaza, Ready to move,2,2,"S$ 2,200 /mo",EW16 Outram Park MRT Station,0.76 km
12,4B Boon Tiong Road,Fully Furnished HDB Apartment,1064 sqft ,4B Boon Tiong Road, Ready to move,3,2,"S$ 2,900 /mo",EW16 Outram Park MRT Station,0.95 km
13,The Quayside,Partially Furnished Apartment,1550 sqft ,60 Robertson Quay, Ready to move,3,4,"S$ 5,200 /mo",EW16 Outram Park MRT Station,0.96 km
14,Altez,Fully Furnished Condominium,603 sqft ,16 Enggor Street, Ready to move,1,1,"S$ 4,000 /mo",EW16 Outram Park MRT Station,0.99 km
15,Altez,Partially Furnished Condominium,527 sqft ,16 Enggor Street, Ready to move,1,1,"S$ 4,000 /mo",EW16 Outram Park MRT Station,0.99 km
16,Altez,Fully Furnished Condominium,1184 sqft ,16 Enggor Street, Ready to move,2,2,"S$ 7,500 /mo",EW16 Outram Park MRT Station,0.99 km
17,Altez,Partially Furnished Condominium,753 sqft ,16 Enggor Street, Ready to move,1,1,"S$ 4,900 /mo",EW16 Outram Park MRT Station,0.99 km
18,Icon,Fully Furnished Apartment,780 sqft ,10 Gopeng Street, Ready to move,1,2,"S$ 4,100 /mo",EW16 Outram Park MRT Station,0.97 km
19,Dorsett Residences,Fully Furnished Condominium,484 sqft ,333 New Bridge Road, Ready to move,1,1,"S$ 3,150 /mo",EW16 Outram Park MRT Station,0.25 km
0,Dorsett Residences,Fully Furnished Condominium,689 sqft ,333 New Bridge Road, Ready to move,2,2,"S$ 4,300 /mo",EW16 Outram Park MRT Station,0.25 km
1,Dorsett Residences,Fully Furnished Condominium,484 sqft ,333 New Bridge Road, Ready to move,1,1,"S$ 3,100 /mo",EW16 Outram Park MRT Station,0.25 km
2,Pearl Bank Apartment,Fully Furnished Apartment,200 sqft ,1 Pearl Bank, Ready to move,Room,0,S$ 950 /mo,EW16 Outram Park MRT Station,0.20 km
3,Pearl Bank Apartment,Fully Furnished Apartment,250 sqft ,1 Pearl Bank, Ready to move,Room,0,"S$ 1,350 /mo",EW16 Outram Park MRT Station,0.20 km
4,Icon,Fully Furnished Apartment,1050 sqft ,10 Gopeng Street, Ready to move,2,1,"S$ 5,300 /mo",EW16 Outram Park MRT Station,0.97 km
5,8 Tanjong Pagar Plaza,Fully Furnished HDB Apartment,893 sqft ,8 Tanjong Pagar Plaza, Ready to move,3,0,"S$ 2,900 /mo",EW16 Outram Park MRT Station,0.67 km
6,74 Tiong Poh Road,Fully Furnished HDB Apartment,350 sqft ,74 Tiong Poh Road, Ready to move,Studio,0,"S$ 2,700 /mo",EW16 Outram Park MRT Station,0.69 km
7,78 Guan Chuan Street,Fully Furnished HDB Apartment,1000 sqft ,78 Guan Chuan Street, Ready to move,2,1,"S$ 4,350 /mo",EW16 Outram Park MRT Station,0.92 km
8,79 Chay Yan Street,Fully Furnished HDB Apartment,400 sqft ,79 Chay Yan Street, Ready to move,Studio,0,"S$ 3,000 /mo",EW16 Outram Park MRT Station,0.88 km
9,Altez,Partially Furnished Condominium,1109 sqft ,16 Enggor Street, Ready to move,2,2,"S$ 7,700 /mo",EW16 Outram Park MRT Station,0.99 km
10,78 Moh Guan Terrace,Fully Furnished Apartment,400 sqft ,78 Moh Guan Terrace, Ready to move,1,1,"S$ 1,500 /mo",EW16 Outram Park MRT Station,0.97 km
11,Pearl Bank Apartment,Fully Furnished Apartment,520 sqft ,1 Pearl Bank, Ready to move,1,1,"S$ 1,290 /mo",EW16 Outram Park MRT Station,0.20 km
12,Pearl Bank Apartment,Apartment,1300 sqft ,1 Pearl Bank, Ready to move,2,2,"S$ 2,290 /mo",EW16 Outram Park MRT Station,0.20 km
13,Keong Saik Walkup Apartment Room Rental,Fully Furnished Walk-up,120 sqft ,Keong Saik, S$ 6.25 psf,Room,0,S$ 750 /mo,EW16 Outram Park MRT Station,0.41 km
14,Spottiswoode Residences,Fully Furnished Condominium,797 sqft ,48 Spottiswoode Park Road, Available from 1 May,2,2,"S$ 4,200 /mo",EW16 Outram Park MRT Station,0.75 km
15,18 Cantonment Close,Partially Furnished HDB Apartment,861 sqft ,18 Cantonment Close, Ready to move,3,2,"S$ 2,600 /mo",EW16 Outram Park MRT Station,0.84 km
16,78 Moh Guan Terrace,Fully Furnished Walk-up,400 sqft ,78 Moh Guan Terrace, Ready to move,1,1,"S$ 3,000 /mo",EW16 Outram Park MRT Station,0.97 km
17,65 Tiong Poh Road,Fully Furnished HDB Apartment,220 sqft ,65 Tiong Poh Road, Ready to move,Studio,0,"S$ 2,000 /mo",EW16 Outram Park MRT Station,0.64 km
18,55 Tiong Bahru Road,Fully Furnished HDB Apartment,300 sqft ,55 Tiong Bahru Road, Ready to move,Studio,0,"S$ 2,400 /mo",EW16 Outram Park MRT Station,0.60 km
19,78 Moh Guan Terrace,Fully Furnished HDB Apartment,500 sqft ,78 Moh Guan Terrace, Ready to move,2,1,"S$ 4,000 /mo",EW16 Outram Park MRT Station,0.97 km
0,River Place,Fully Furnished Condominium,786 sqft ,60 Havelock Road, Ready to move,1,2,"S$ 3,450 /mo",EW16 Outram Park MRT Station,0.92 km
1,River Place,Fully Furnished Condominium,1894 sqft ,62 Havelock Road, Ready to move,3,3,"S$ 6,000 /mo",EW16 Outram Park MRT Station,0.92 km
2,Pinnacle @ Duxton,Fully Furnished HDB Apartment,150 sqft ,1F Cantonment Road, Ready to move,Room,0,"S$ 1,300 /mo",EW16 Outram Park MRT Station,0.73 km
3,Pearl Bank Apartment,Fully Furnished Condominium,250 sqft ,1 Pearl Bank, Ready to move,Room,0,"S$ 1,099 /mo",EW16 Outram Park MRT Station,0.20 km
4,People's Park Complex,Fully Furnished Apartment,450 sqft ,1 Park Road, Ready to move,Studio,0,"S$ 2,500 /mo",EW16 Outram Park MRT Station,0.51 km
5,Spottiswoode Residences,Partially Furnished Condominium,603 sqft ,48 Spottiswoode Park Road, Available from 13 Apr,1,1,"S$ 3,100 /mo",EW16 Outram Park MRT Station,0.75 km
6,Onze @ Tanjong Pagar,Fully Furnished Apartment,1141 sqft ,11 Kee Seng Street, Ready to move,3,2,"S$ 6,000 /mo",EW16 Outram Park MRT Station,0.82 km
7,Onze @ Tanjong Pagar,Fully Furnished Apartment,500 sqft ,11 Kee Seng Street, Ready to move,1,2,"S$ 3,000 /mo",EW16 Outram Park MRT Station,0.82 km
8,10 Jalan Bukit Ho Swee,Fully Furnished HDB Apartment,528 sqft ,10 Jalan Bukit Ho Swee, Ready to move,1,1,"S$ 1,350 /mo",EW16 Outram Park MRT Station,0.95 km
9,335B Smith Street,Fully Furnished HDB Apartment,250 sqft ,335B Smith Street, Available from 20 Apr,Room,0,S$ 800 /mo,EW16 Outram Park MRT Station,0.56 km
10,2 Tanjong Pagar Plaza,Partially Furnished HDB Apartment,635 sqft ,2 Tanjong Pagar Plaza, Ready to move,2,2,"S$ 2,700 /mo",EW16 Outram Park MRT Station,0.82 km
11,Altez,Fully Furnished Condominium,1658 sqft ,16 Enggor Street, Ready to move,3,3,"S$ 8,900 /mo",EW16 Outram Park MRT Station,0.99 km
12,Emerald Garden,Partially Furnished Condominium,958 sqft ,(within 0.90 km), Ready to move,2,2,"S$ 3,600 /mo",EW16 Outram Park MRT Station,0.90 km
13,Altez,Partially Furnished Condominium,1173 sqft ,16 Enggor Street, S$ 7.25 psf,2,2,"S$ 8,500 /mo",EW16 Outram Park MRT Station,0.99 km
14,Altez,Partially Furnished Condominium,1109 sqft ,16 Enggor Street, Ready to move,2,2,"S$ 7,500 /mo",EW16 Outram Park MRT Station,0.99 km
15,Spottiswoode 18,Partially Furnished Condominium,636 sqft ,18 Spottiswoode Park Road, Ready to move,2,1,"S$ 3,100 /mo",EW16 Outram Park MRT Station,0.68 km
16,1 Cantonment Road,Fully Furnished HDB Apartment,1130 sqft ,1 Cantonment Road, Available from 7 Jun,3,2,"S$ 3,400 /mo",EW16 Outram Park MRT Station,0.56 km
17,Spottiswoode Residences,Partially Furnished Condominium,603 sqft ,48 Spottiswoode Park Road, S$ 4.81 psf,1,1,"S$ 2,900 /mo",EW16 Outram Park MRT Station,0.75 km
18,73 Eng Watt Street,Partially Furnished Walk-up,1100 sqft ,73 Eng Watt Street, Ready to move,2,1,"S$ 4,800 /mo",EW16 Outram Park MRT Station,0.73 km
19,Landmark Tower,Fully Furnished Apartment,1392 sqft ,173 Chin Swee Road, Ready to move,3,2,"S$ 3,200 /mo",EW16 Outram Park MRT Station,0.53 km
0,Pearl's Hill Terrace,Fully Furnished Apartment,450 sqft ,201 Pearl's Hill Terrace, S$ 4.11 psf,1,1,"S$ 1,850 /mo",EW16 Outram Park MRT Station,0.47 km
1,Icon,Fully Furnished Apartment,570 sqft ,10 Gopeng Street, S$ 5.44 psf,1,1,"S$ 3,100 /mo",EW16 Outram Park MRT Station,0.97 km
2,Skysuites @ Anson,Fully Furnished Condominium,398 sqft ,8 Enggor Street, Ready to move,1,1,"S$ 3,000 /mo",EW16 Outram Park MRT Station,0.99 km
3,The Arris,Apartment,785 sqft ,28 Yan Kit Road, Ready to move,1,1,"S$ 3,800 /mo",EW16 Outram Park MRT Station,0.76 km
4,Landmark Tower,Fully Furnished Apartment,1270 sqft ,173 Chin Swee Road, Ready to move,3,2,"S$ 3,200 /mo",EW16 Outram Park MRT Station,0.53 km
5,Spottiswoode Park,Fully Furnished HDB Apartment,200 sqft ,Spottiswoode Park Road, S$ 6.00 psf,Room,0,"S$ 1,199 /mo",EW16 Outram Park MRT Station,0.75 km
6,River Place,Partially Furnished Condominium,2347 sqft ,60 Havelock Road, Ready to move,3,3,"S$ 7,000 /mo",EW16 Outram Park MRT Station,0.92 km
7,The Beacon,Partially Furnished Apartment,1107 sqft ,130 Cantonment Road, Ready to move,2,2,"S$ 4,900 /mo",EW16 Outram Park MRT Station,0.62 km
8,Riverplace,Partially Furnished Condominium,1970 sqft ,60 Havelock Road, S$ 3.55 psf,3,0,"S$ 7,000 /mo",EW16 Outram Park MRT Station,0.97 km
9,River Place,Condominium,786 sqft ,60 Havelock Road, Ready to move,1,1,"S$ 3,600 /mo",EW16 Outram Park MRT Station,0.92 km
10,127D Kim Tian Road,Fully Furnished HDB Apartment,100 sqft ,127D Kim Tian Road, S$ 10.00 psf,Room,0,"S$ 1,000 /mo",EW16 Outram Park MRT Station,0.96 km
11,59 Eng Hoon Street,Partially Furnished Walk-up,750 sqft ,59 Eng Hoon Street, Available from 1 May,2,1,"S$ 3,900 /mo",EW16 Outram Park MRT Station,0.65 km
12,Icon,Partially Furnished Apartment,657 sqft ,10 Gopeng Street, Ready to move,1,1,"S$ 4,100 /mo",EW16 Outram Park MRT Station,0.97 km
13,3 Mins Walk To MRT & 5 Stops To CBD,Fully Furnished HDB Apartment,1184 sqft ,(within 0.92 km), Ready to move,3,2,"S$ 3,200 /mo",EW16 Outram Park MRT Station,0.92 km
14,Spottiswoode Suites,Partially Furnished Condominium,872 sqft ,14 Spottiswoode Park Road, Ready to move,2,2,"S$ 4,200 /mo",EW16 Outram Park MRT Station,0.63 km
15,Icon,Fully Furnished Apartment,1044 sqft ,10 Gopeng Street, Ready to move,2,2,"S$ 5,000 /mo",EW16 Outram Park MRT Station,0.97 km
16,Pearl Bank Apartment,Fully Furnished Apartment,450 sqft ,1 Pearl Bank, S$ 3.78 psf,1,1,"S$ 1,699 /mo",EW16 Outram Park MRT Station,0.20 km
17,34 Upper Cross Street,Fully Furnished HDB Apartment,700 sqft ,34 Upper Cross Street, Ready to move,2,1,"S$ 1,700 /mo",EW16 Outram Park MRT Station,0.67 km
18,Altez,Partially Furnished Condominium,1109 sqft ,16 Enggor Street, Ready to move,2,1,"S$ 7,700 /mo",EW16 Outram Park MRT Station,0.99 km
19,Spottiswoode 18,Partially Furnished Condominium,657 sqft ,18 Spottiswoode Park Road, Available from 1 May,2,2,"S$ 3,500 /mo",EW16 Outram Park MRT Station,0.68 km
0,Pearl's Hill Terrace,Fully Furnished HDB Apartment,67 sqft ,201 Pearl's Hill Terrace, Ready to move,2,1,"S$ 2,075 /mo",EW16 Outram Park MRT Station,0.47 km
1,Pearl's Hill Terrace,Fully Furnished HDB Apartment,55 sqft ,201 Pearl's Hill Terrace, Ready to move,1,1,"S$ 1,838 /mo",EW16 Outram Park MRT Station,0.47 km
2,Dorsett Residences,Partially Furnished Condominium,495 sqft ,333 New Bridge Road, Ready to move,1,1,"S$ 3,300 /mo",EW16 Outram Park MRT Station,0.25 km
3,Altez,Partially Furnished Condominium,1109 sqft ,16 Enggor Street, Ready to move,2,2,"S$ 7,500 /mo",EW16 Outram Park MRT Station,0.99 km
4,Icon,Partially Furnished Apartment,904 sqft ,10 Gopeng Street, Ready to move,2,2,"S$ 4,500 /mo",EW16 Outram Park MRT Station,0.97 km
5,Emerald Garden,Fully Furnished Condominium,936 sqft ,33 Club Street, Ready to move,2,2,"S$ 4,100 /mo",EW16 Outram Park MRT Station,0.86 km
6,River Place,Fully Furnished Condominium,786 sqft ,60 Havelock Road, Ready to move,1,2,"S$ 3,400 /mo",EW16 Outram Park MRT Station,0.92 km
7,4A Boon Tiong Road,Partially Furnished HDB Apartment,250 sqft ,4A Boon Tiong Road, Ready to move,1,1,S$ 800 /mo,EW16 Outram Park MRT Station,0.89 km
8,Altez,Condominium,1109 sqft ,16 Enggor Street, Ready to move,2,2,"S$ 7,500 /mo",EW16 Outram Park MRT Station,0.99 km
9,Spottiswoode 18,Fully Furnished Condominium,388 sqft ,18 Spottiswoode Park Road, Ready to move,1,1,"S$ 2,700 /mo",EW16 Outram Park MRT Station,0.68 km
10,Skysuites @ Anson,Fully Furnished Condominium,699 sqft ,8 Enggor Street, Available from 29 Apr,2,2,"S$ 4,500 /mo",EW16 Outram Park MRT Station,0.99 km
11,"WOW WOW AWESOME - DUPLEX CONSERVATION HOUSE, CHINATOWN CENTRAL, 2 MINS TO MRT, MOSQUE STREET",Partially Furnished Conservation House,"1400 sqft, 1600 sqft (land) ",MOSQUE STREET, Ready to move,2,2,"S$ 6,200 /mo",EW16 Outram Park MRT Station,0.77 km
12,People's Park Complex,Fully Furnished Apartment,120 sqft ,1 Park Road, Ready to move,Room,0,S$ 850 /mo,EW16 Outram Park MRT Station,0.51 km
13,Skysuites @ Anson,Fully Furnished Condominium,398 sqft ,8 Enggor Street, Ready to move,1,1,"S$ 3,300 /mo",EW16 Outram Park MRT Station,0.99 km
14,Skysuites @ Anson,Fully Furnished Condominium,398 sqft ,8 Enggor Street, Available from 14 Apr,1,1,"S$ 3,300 /mo",EW16 Outram Park MRT Station,0.99 km
15,Pearl's Hill Terrace,Fully Furnished Apartment,530 sqft ,201 Pearl's Hill Terrace, Ready to move,2,1,"S$ 1,950 /mo",EW16 Outram Park MRT Station,0.47 km
16,Pearl's Hill Terrace,Unfurnished Apartment,450 sqft ,201 Pearl's Hill Terrace, S$ 3.78 psf,1,1,"S$ 1,700 /mo",EW16 Outram Park MRT Station,0.47 km
17,Icon,Fully Furnished Apartment,580 sqft ,10 Gopeng Street, S$ 5.84 psf,1,1,"S$ 3,390 /mo",EW16 Outram Park MRT Station,0.97 km
18,Skysuites @ Anson,Fully Furnished Condominium,366 sqft ,8 Enggor Street, Ready to move,Studio,0,"S$ 2,700 /mo",EW16 Outram Park MRT Station,0.99 km
19,Pearl's Hill Terrace,Fully Furnished Apartment,530 sqft ,201 Pearl's Hill Terrace, S$ 4.06 psf,2,1,"S$ 2,150 /mo",EW16 Outram Park MRT Station,0.47 km
0,Skysuites @ Anson,Partially Furnished Condominium,365 sqft ,8 Enggor Street, Ready to move,Studio,0,"S$ 2,900 /mo",EW16 Outram Park MRT Station,0.99 km
1,Altez,Partially Furnished Condominium,1109 sqft ,16 Enggor Street, Ready to move,2,2,"S$ 7,200 /mo",EW16 Outram Park MRT Station,0.99 km
2,8 Cantonment Close,Fully Furnished HDB Apartment,139 sqft ,8 Cantonment Close, Available from 29 Apr,Room,0,S$ 800 /mo,EW16 Outram Park MRT Station,0.62 km
3,Altez,Partially Furnished Condominium,1658 sqft ,16 Enggor Street, Ready to move,3,2,"S$ 8,350 /mo",EW16 Outram Park MRT Station,0.99 km
4,Skysuites @ Anson,Partially Furnished Condominium,366 sqft ,8 Enggor Street, S$ 8.20 psf,1,1,"S$ 3,000 /mo",EW16 Outram Park MRT Station,0.99 km
5,Icon,Fully Furnished Apartment,1050 sqft ,10 Gopeng Street, Ready to move,2,2,"S$ 4,999 /mo",EW16 Outram Park MRT Station,0.97 km
6,Emerald Garden,Partially Furnished Condominium,947 sqft ,33 Club Street, Available from 1 May,2,2,"S$ 4,000 /mo",EW16 Outram Park MRT Station,0.90 km
7,7 Everton Park,Fully Furnished HDB Apartment,850 sqft ,7 Everton Park, Ready to move,2,1,"S$ 2,500 /mo",EW16 Outram Park MRT Station,0.49 km
8,Pinnacle @ Duxton,Fully Furnished HDB Apartment,300 sqft ,1 Cantonment Road, Ready to move,Room,0,"S$ 1,000 /mo",EW16 Outram Park MRT Station,0.73 km
9,12 Taman Ho Swee,Fully Furnished HDB Apartment,516 sqft ,12 Taman Ho Swee, Ready to move,1,1,"S$ 2,000 /mo",EW16 Outram Park MRT Station,0.97 km
10,Pearl Bank Apartment,Fully Furnished Apartment,320 sqft ,1 Pearl Bank, Ready to move,Room,0,"S$ 1,800 /mo",EW16 Outram Park MRT Station,0.20 km
11,80 Chay Yan Street,Fully Furnished HDB Apartment,300 sqft ,80 Chay Yan Street, Ready to move,Studio,0,"S$ 2,500 /mo",EW16 Outram Park MRT Station,0.84 km
12,Icon,Fully Furnished Condominium,904 sqft ,10 Gopeng Street, Ready to move,2,2,"S$ 4,800 /mo",EW16 Outram Park MRT Station,0.97 km
13,Onze @ Tanjong Pagar,Partially Furnished Condominium,1150 sqft ,11 Kee Seng Street, Ready to move,3,2,"S$ 7,000 /mo",EW16 Outram Park MRT Station,0.82 km
14,Icon,Fully Furnished Apartment,570 sqft ,10 Gopeng Street, Ready to move,1,1,"S$ 3,500 /mo",EW16 Outram Park MRT Station,0.97 km
15,River Place,Partially Furnished Condominium,721 sqft ,62 Havelock Road, Available from 21 May,1,1,"S$ 3,500 /mo",EW16 Outram Park MRT Station,0.92 km
16,Altez,Condominium,527 sqft ,16 Enggor Street, Ready to move,1,1,"S$ 3,700 /mo",EW16 Outram Park MRT Station,0.99 km
17,11 Cantonment Close,Fully Furnished HDB Apartment,968 sqft ,11 Cantonment Close, Ready to move,3,2,"S$ 2,900 /mo",EW16 Outram Park MRT Station,0.77 km
18,One Tree,Fully Furnished Apartment,210 sqft ,261 Outram Road, Ready to move,Studio,0,"S$ 3,000 /mo",EW16 Outram Park MRT Station,0.60 km
19,3 Tanjong Pagar Plaza,Fully Furnished HDB Apartment,753 sqft ,3 Tanjong Pagar Plaza, Ready to move,2,2,"S$ 2,200 /mo",EW16 Outram Park MRT Station,0.76 km
0,65 Tiong Poh Road,Fully Furnished HDB Apartment,484 sqft ,65 Tiong Poh Road, Ready to move,1,1,"S$ 2,500 /mo",EW16 Outram Park MRT Station,0.64 km
1,Icon,Fully Furnished Apartment,581 sqft ,10 Gopeng Street, Ready to move,1,1,"S$ 3,300 /mo",EW16 Outram Park MRT Station,0.97 km
2,Pearl Bank Apartment,Fully Furnished Apartment,100 sqft ,1 Pearl Bank, S$ 7.50 psf,Room,0,S$ 750 /mo,EW16 Outram Park MRT Station,0.20 km
3,River Place,Condominium,786 sqft ,60 Havelock Road, Ready to move,1,1,"S$ 3,500 /mo",EW16 Outram Park MRT Station,0.92 km
4,Chinatown Plaza,Fully Furnished Apartment,450 sqft ,34 Craig Road, Ready to move,Room,0,S$ 400 /mo,EW16 Outram Park MRT Station,0.50 km
5,Skysuites @ Anson,Fully Furnished Condominium,398 sqft ,8 Enggor Street, Ready to move,1,1,"S$ 3,000 /mo",EW16 Outram Park MRT Station,0.99 km
6,People's Park Complex,Fully Furnished Apartment,420 sqft ,1 Park Road, Ready to move,1,1,"S$ 2,200 /mo",EW16 Outram Park MRT Station,0.51 km
7,River Place,Partially Furnished Condominium,3900 sqft ,62 Havelock Road, Available from 15 May,1,1,"S$ 4,000 /mo",EW16 Outram Park MRT Station,0.92 km
8,127D Kim Tian Road,Fully Furnished HDB Apartment,1001 sqft ,127D Kim Tian Road, S$ 0.85 psf,Room,0,S$ 850 /mo,EW16 Outram Park MRT Station,0.96 km
9,Altez,Partially Furnished Condominium,1109 sqft ,16 Enggor Street, Ready to move,2,2,"S$ 7,250 /mo",EW16 Outram Park MRT Station,0.99 km
10,Icon Village,Fully Furnished Apartment,590 sqft ,12 Gopeng Street, Ready to move,1,1,"S$ 3,499 /mo",EW16 Outram Park MRT Station,0.88 km
11,Altez,Partially Furnished Apartment,1109 sqft ,16 Enggor Street, Ready to move,2,2,"S$ 7,500 /mo",EW16 Outram Park MRT Station,0.99 km
12,Icon,Fully Furnished Apartment,570 sqft ,10 Gopeng Street, Ready to move,1,1,"S$ 3,600 /mo",EW16 Outram Park MRT Station,0.97 km
13,Spottiswoode Residences,Fully Furnished Condominium,603 sqft ,48 Spottiswoode Park Road, Ready to move,1,1,"S$ 3,200 /mo",EW16 Outram Park MRT Station,0.75 km
14,Pearl Bank Apartment,Fully Furnished Apartment,500 sqft ,1 Pearl Bank, Ready to move,1,1,"S$ 1,800 /mo",EW16 Outram Park MRT Station,0.20 km
15,Altez,Partially Furnished Condominium,861 sqft ,16 Enggor Street, Ready to move,1,1,"S$ 4,888 /mo",EW16 Outram Park MRT Station,0.99 km
16,Spottiswoode 18,Partially Furnished Condominium,636 sqft ,18 Spottiswoode Park Road, Ready to move,2,2,"S$ 3,300 /mo",EW16 Outram Park MRT Station,0.68 km
17,Spottiswoode Residences,Partially Furnished Condominium,603 sqft ,48 Spottiswoode Park Road, Available from 1 May,1,1,"S$ 2,900 /mo",EW16 Outram Park MRT Station,0.75 km
18,Altez,Partially Furnished Condominium,840 sqft ,16 Enggor Street, Ready to move,1,1,"S$ 4,500 /mo",EW16 Outram Park MRT Station,0.99 km
19,People's Park Complex,Fully Furnished Apartment,200 sqft ,1 Park Road, Ready to move,Room,0,"S$ 1,200 /mo",EW16 Outram Park MRT Station,0.51 km
0,3 Everton Park,HDB Apartment,160 sqft ,3 Everton Park, Ready to move,Room,0,S$ 900 /mo,EW16 Outram Park MRT Station,0.47 km
1,Spottiswoode Residences,Fully Furnished Condominium,603 sqft ,48 Spottiswoode Park Road, Ready to move,1,1,"S$ 3,500 /mo",EW16 Outram Park MRT Station,0.75 km
2,Icon,Partially Furnished Apartment,904 sqft ,10 Gopeng Street, Ready to move,2,1,"S$ 4,800 /mo",EW16 Outram Park MRT Station,0.97 km
3,Icon,Fully Furnished Apartment,1044 sqft ,10 Gopeng Street, Ready to move,2,2,"S$ 5,200 /mo",EW16 Outram Park MRT Station,0.97 km
4,Icon,Partially Furnished Apartment,657 sqft ,10 Gopeng Street, Ready to move,1,1,"S$ 3,700 /mo",EW16 Outram Park MRT Station,0.97 km
5,79 Chay Yan Street,Fully Furnished Walk-up,320 sqft ,79 Chay Yan Street, Ready to move,Studio,0,"S$ 2,500 /mo",EW16 Outram Park MRT Station,0.88 km
6,78 Guan Chuan Street,Fully Furnished Walk-up,320 sqft ,78 Guan Chuan Street, Ready to move,1,1,"S$ 2,350 /mo",EW16 Outram Park MRT Station,0.92 km
7,People'S Park Complex,Fully Furnished HDB Apartment,110 sqft ,1 Park Road, Ready to move,2,1,S$ 600 /mo,EW16 Outram Park MRT Station,0.70 km
8,13 Cantonment Close,Fully Furnished HDB Apartment,807 sqft ,13 Cantonment Close, Ready to move,3,2,"S$ 3,000 /mo",EW16 Outram Park MRT Station,0.79 km
9,River Place,Partially Furnished Condominium,1658 sqft ,60 Havelock Road, Ready to move,3,3,"S$ 6,800 /mo",EW16 Outram Park MRT Station,0.92 km
10,Skysuites @ Anson,Fully Furnished Condominium,398 sqft ,8 Enggor Street, Ready to move,1,1,"S$ 3,300 /mo",EW16 Outram Park MRT Station,0.99 km
11,Emerald Garden,Partially Furnished Condominium,1346 sqft ,33 Club Street, Ready to move,3,3,"S$ 5,500 /mo",EW16 Outram Park MRT Station,0.90 km
12,Landmark Tower,Fully Furnished Apartment,1399 sqft ,173 Chin Swee Road, Ready to move,3,2,"S$ 3,700 /mo",EW16 Outram Park MRT Station,0.53 km
13,Spottiswoode Residences,Partially Furnished Condominium,603 sqft ,48 Spottiswoode Park Road, S$ 4.81 psf,1,1,"S$ 2,900 /mo",EW16 Outram Park MRT Station,0.75 km
14,Pinnacle @ Duxton,Fully Furnished HDB Apartment,1033 sqft ,1F Cantonment Road, Ready to move,3,2,"S$ 3,750 /mo",EW16 Outram Park MRT Station,0.73 km
15,Craig Place,Fully Furnished Condominium,570 sqft ,20 Craig Road, Ready to move,1,1,"S$ 4,000 /mo",EW16 Outram Park MRT Station,0.55 km
16,Craig Place,Fully Furnished Condominium,732 sqft ,20 Craig Road, Ready to move,2,1,"S$ 4,000 /mo",EW16 Outram Park MRT Station,0.55 km
17,7 Tanjong Pagar Plaza,Fully Furnished HDB Apartment,908 sqft ,7 Tanjong Pagar Plaza, Ready to move,3,1,"S$ 2,900 /mo",EW16 Outram Park MRT Station,0.71 km
18,127A Kim Tian Road,Fully Furnished HDB Apartment,721 sqft ,127A Kim Tian Road, S$ 1.11 psf,Room,0,S$ 800 /mo,EW16 Outram Park MRT Station,1.00 km
19,Pearl Bank Apartment,Apartment,300 sqft ,1 Pearl Bank, Ready to move,1,1,S$ 850 /mo,EW16 Outram Park MRT Station,0.20 km
0,149 Silat Avenue,Fully Furnished HDB Apartment,200 sqft ,149 Silat Avenue, Ready to move,Room,0,"S$ 1,000 /mo",EW16 Outram Park MRT Station,0.90 km
1,Skysuites @ Anson,Fully Furnished Condominium,398 sqft ,8 Enggor Street, Available from 13 Apr,Studio,0,"S$ 3,600 /mo",EW16 Outram Park MRT Station,0.99 km
2,Pearl Bank Apartment,Apartment,180 sqft ,1 Pearl Bank, Ready to move,1,1,"S$ 1,199 /mo",EW16 Outram Park MRT Station,0.20 km
3,Altez,Partially Furnished Condominium,1173 sqft ,16 Enggor Street, Ready to move,2,2,"S$ 7,200 /mo",EW16 Outram Park MRT Station,0.99 km
4,Spottiswoode Residences,Fully Furnished Condominium,797 sqft ,48 Spottiswoode Park Road, Available from 1 May,2,2,"S$ 4,200 /mo",EW16 Outram Park MRT Station,0.75 km
5,Chinatown Plaza,Partially Furnished Apartment,2100 sqft ,34 Craig Road, Ready to move,3,2,"S$ 4,000 /mo",EW16 Outram Park MRT Station,0.50 km
6,New Bridge Road,Unfurnished Apartment,2000 sqft ,324 New Bridge road, Ready to move,3,2,"S$ 7,000 /mo",EW16 Outram Park MRT Station,0.22 km
7,People's Park Complex,Fully Furnished Apartment,250 sqft ,1 Park Road, Ready to move,Room,0,"S$ 1,500 /mo",EW16 Outram Park MRT Station,0.51 km
8,Icon,Apartment,1050 sqft ,10 Gopeng Street, Ready to move,2,2,"S$ 5,300 /mo",EW16 Outram Park MRT Station,0.97 km
9,Altez,Fully Furnished Condominium,1173 sqft ,16 Enggor Street, Ready to move,2,2,"S$ 8,500 /mo",EW16 Outram Park MRT Station,0.99 km
10,127D Kim Tian Road,Fully Furnished HDB Apartment,200 sqft ,127D Kim Tian Road, Ready to move,Room,0,"S$ 1,100 /mo",EW16 Outram Park MRT Station,0.96 km
11,One Tree Serviced Apartments,Fully Furnished Apartment,310 sqft ,261 Outram Road, S$ 12.90 psf,1,1,"S$ 4,000 /mo",EW16 Outram Park MRT Station,0.60 km
12,Altez,Fully Furnished Condominium,527 sqft ,16 Enggor Street, Ready to move,1,1,"S$ 3,500 /mo",EW16 Outram Park MRT Station,0.99 km
13,Eng Hoon Street,Fully Furnished Walk-up,500 sqft ,Eng Hoon street, Ready to move,Studio,0,"S$ 2,600 /mo",EW16 Outram Park MRT Station,0.59 km
14,Icon,Fully Furnished Condominium,904 sqft ,10 Gopeng Street, Ready to move,2,2,"S$ 4,500 /mo",EW16 Outram Park MRT Station,0.97 km
15,Altez,Condominium,527 sqft ,16 Enggor Street, Ready to move,1,1,"S$ 3,800 /mo",EW16 Outram Park MRT Station,0.99 km
16,River Place,Condominium,1302 sqft ,60 Havelock Road, Available from 28 May,3,2,"S$ 5,000 /mo",EW16 Outram Park MRT Station,0.92 km
17,Altez,Partially Furnished Condominium,1109 sqft ,16 Enggor Street, Ready to move,2,2,"S$ 7,700 /mo",EW16 Outram Park MRT Station,0.99 km
18,Altez,Condominium,1658 sqft ,16 Enggor Street, Ready to move,3,2,"S$ 8,700 /mo",EW16 Outram Park MRT Station,0.99 km
19,Spottiswoode Residences,Fully Furnished Condominium,607 sqft ,48 Spottiswoode Park Road, Ready to move,1,1,"S$ 3,000 /mo",EW16 Outram Park MRT Station,0.75 km
0,Icon,Fully Furnished Apartment,700 sqft ,10 Gopeng Street, Available from 19 May,1,1,"S$ 4,500 /mo",EW16 Outram Park MRT Station,0.97 km
1,12 Taman Ho Swee,Fully Furnished HDB Apartment,530 sqft ,12 Taman Ho Swee, Ready to move,1,1,"S$ 2,050 /mo",EW16 Outram Park MRT Station,0.97 km
2,Altez,Partially Furnished Condominium,840 sqft ,16 Enggor Street, Ready to move,1,1,"S$ 5,200 /mo",EW16 Outram Park MRT Station,0.99 km
3,People's Park Centre,Fully Furnished Apartment,1658 sqft ,101 Upper Cross Street, Ready to move,3,3,"S$ 4,600 /mo",EW16 Outram Park MRT Station,0.76 km
4,Pearl Bank Apartment,Fully Furnished Apartment,350 sqft ,1 Pearl Bank, Ready to move,Studio,0,"S$ 1,500 /mo",EW16 Outram Park MRT Station,0.20 km
5,Icon,Fully Furnished Apartment,581 sqft ,10 Gopeng Street, Ready to move,1,1,"S$ 3,300 /mo",EW16 Outram Park MRT Station,0.97 km
6,Eng Hoon Mansions,Fully Furnished Apartment,1421 sqft ,17 Eng Hoon Street, Ready to move,3,2,"S$ 4,400 /mo",EW16 Outram Park MRT Station,0.50 km
7,13 Cantonment Close,Fully Furnished HDB Apartment,120 sqft ,13 Cantonment Close, Ready to move,Room,0,S$ 750 /mo,EW16 Outram Park MRT Station,0.79 km
8,River Place,Fully Furnished Condominium,850 sqft ,62 Havelock Road, Ready to move,1,1,"S$ 3,600 /mo",EW16 Outram Park MRT Station,0.92 km
9,River Place,Partially Furnished Condominium,969 sqft ,60 Havelock Road, Ready to move,2,2,"S$ 4,200 /mo",EW16 Outram Park MRT Station,0.92 km
10,The Quayside,Partially Furnished Apartment,1500 sqft ,60 Robertson Quay, Ready to move,3,4,"S$ 5,300 /mo",EW16 Outram Park MRT Station,0.96 km
11,Icon,Partially Furnished Condominium,1238 sqft ,(within 0.97 km), Ready to move,2,2,"S$ 5,500 /mo",EW16 Outram Park MRT Station,0.97 km
12,Altez,Fully Furnished Condominium,1100 sqft ,16 Enggor Street, Ready to move,2,2,"S$ 7,500 /mo",EW16 Outram Park MRT Station,0.99 km
13,127D Kim Tian Road,Fully Furnished HDB Apartment,200 sqft ,127D Kim Tian Road, Ready to move,Room,0,S$ 950 /mo,EW16 Outram Park MRT Station,0.96 km
14,Emerald Garden,Partially Furnished Condominium,1033 sqft ,33 Club Street, Ready to move,2,2,"S$ 3,900 /mo",EW16 Outram Park MRT Station,0.90 km
15,Altez,Partially Furnished Condominium,1658 sqft ,16 Enggor Street, Ready to move,3,2,"S$ 8,400 /mo",EW16 Outram Park MRT Station,0.99 km
16,Altez,Partially Furnished Condominium,1173 sqft ,16 Enggor Street, Ready to move,2,2,"S$ 7,200 /mo",EW16 Outram Park MRT Station,0.99 km
17,Altez,Partially Furnished Condominium,1109 sqft ,16 Enggor Street, Ready to move,2,2,"S$ 7,500 /mo",EW16 Outram Park MRT Station,0.99 km
18,3 Everton Park,Fully Furnished HDB Apartment,200 sqft ,3 Everton Park, S$ 4.00 psf,Room,0,S$ 800 /mo,EW16 Outram Park MRT Station,0.47 km
19,Icon,Fully Furnished Apartment,926 sqft ,10 Gopeng Street, Available from 24 Jun,2,2,"S$ 5,500 /mo",EW16 Outram Park MRT Station,0.97 km
0,149 Silat Avenue,Fully Furnished HDB Apartment,1033 sqft ,149 Silat Avenue, Ready to move,3,2,"S$ 2,700 /mo",EW16 Outram Park MRT Station,0.90 km
1,Icon,Fully Furnished Apartment,570 sqft ,10 Gopeng Street, Ready to move,1,1,"S$ 3,200 /mo",EW16 Outram Park MRT Station,0.97 km
2,Landmark Tower,Apartment,1399 sqft ,173 Chin Swee Road, Ready to move,3,2,"S$ 3,700 /mo",EW16 Outram Park MRT Station,0.53 km
3,Spottiswoode Residences,Fully Furnished Condominium,609 sqft ,48 Spottiswoode Park Road, Available from 1 May,1,1,"S$ 3,050 /mo",EW16 Outram Park MRT Station,0.75 km
4,Altez,Fully Furnished Condominium,840 sqft ,16 Enggor Street, Ready to move,1,2,"S$ 5,000 /mo",EW16 Outram Park MRT Station,0.99 km
5,78 Moh Guan Terrace,Fully Furnished Apartment,1000 sqft ,78 Moh Guan Terrace, Ready to move,2,2,"S$ 4,350 /mo",EW16 Outram Park MRT Station,0.97 km
6,55 Tiong Bahru Road,Fully Furnished Apartment,300 sqft ,55 Tiong Bahru Road, Ready to move,Studio,0,"S$ 2,500 /mo",EW16 Outram Park MRT Station,0.60 km
7,55 Tiong Bahru Road,Fully Furnished Apartment,300 sqft ,55 Tiong Bahru Road, Ready to move,Studio,0,"S$ 2,400 /mo",EW16 Outram Park MRT Station,0.60 km
8,78 Moh Guan Terrace,Fully Furnished Apartment,500 sqft ,78 Moh Guan Terrace, Ready to move,2,2,"S$ 4,000 /mo",EW16 Outram Park MRT Station,0.97 km
9,78 Moh Guan Terrace,Fully Furnished Apartment,400 sqft ,78 Moh Guan Terrace, Ready to move,1,1,"S$ 3,000 /mo",EW16 Outram Park MRT Station,0.97 km
10,Altez,Partially Furnished Condominium,1012 sqft ,16 Enggor Street, Available from 13 May,2,2,"S$ 5,800 /mo",EW16 Outram Park MRT Station,0.99 km
11,79 Chay Yan Street,Fully Furnished HDB Apartment,300 sqft ,79 Chay Yan Street, Ready to move,Studio,0,"S$ 2,300 /mo",EW16 Outram Park MRT Station,0.88 km
12,127D Kim Tian Road,Partially Furnished HDB Apartment,947 sqft ,127D Kim Tian Road, Ready to move,3,2,"S$ 2,680 /mo",EW16 Outram Park MRT Station,0.96 km
13,77 Seng Poh Road,Fully Furnished HDB Apartment,400 sqft ,77 Seng Poh Road, Ready to move,Studio,0,"S$ 2,100 /mo",EW16 Outram Park MRT Station,0.83 km
14,55 Tiong Bahru Road,Fully Furnished HDB Apartment,300 sqft ,55 Tiong Bahru Road, Ready to move,Studio,0,"S$ 2,200 /mo",EW16 Outram Park MRT Station,0.60 km
15,74 Tiong Poh Road,Fully Furnished HDB Apartment,350 sqft ,74 Tiong Poh Road, Ready to move,Studio,0,"S$ 2,700 /mo",EW16 Outram Park MRT Station,0.69 km
16,Pearl Bank Apartment,Fully Furnished Apartment,250 sqft ,1 Pearl Bank, Ready to move,Room,0,"S$ 1,350 /mo",EW16 Outram Park MRT Station,0.20 km
17,Pearl Bank Apartment,Fully Furnished Apartment,150 sqft ,1 Pearl Bank, S$ 7.33 psf,1,1,"S$ 1,100 /mo",EW16 Outram Park MRT Station,0.20 km
18,65 Tiong Poh Road,Fully Furnished HDB Apartment,450 sqft ,65 Tiong Poh Road, Ready to move,1,1,"S$ 3,200 /mo",EW16 Outram Park MRT Station,0.64 km
19,127D Kim Tian Road,Fully Furnished HDB Apartment,150 sqft ,127D Kim Tian Road, Ready to move,Room,0,"S$ 1,000 /mo",EW16 Outram Park MRT Station,0.96 km
0,Spottiswoode Park,HDB Apartment,1000 sqft ,102 Spottiswoode Park Road, Ready to move,2,2,"S$ 2,000 /mo",EW16 Outram Park MRT Station,0.75 km
1,82 Tiong Poh Road,Fully Furnished HDB Apartment,280 sqft ,82 Tiong Poh Road, Ready to move,Studio,0,"S$ 2,200 /mo",EW16 Outram Park MRT Station,0.60 km
2,82 Tiong Poh Road,Fully Furnished HDB Apartment,280 sqft ,82 Tiong Poh Road, Ready to move,Studio,0,"S$ 2,288 /mo",EW16 Outram Park MRT Station,0.60 km
3,82 Tiong Poh Road,Fully Furnished HDB Apartment,350 sqft ,82 Tiong Poh Road, Ready to move,Studio,0,"S$ 2,500 /mo",EW16 Outram Park MRT Station,0.60 km
4,82 Tiong Poh Road,Fully Furnished HDB Apartment,350 sqft ,82 Tiong Poh Road, Ready to move,Studio,0,"S$ 2,400 /mo",EW16 Outram Park MRT Station,0.60 km
5,55 Tiong Bahru Road,Fully Furnished HDB Apartment,250 sqft ,55 Tiong Bahru Road, Ready to move,Studio,0,"S$ 2,200 /mo",EW16 Outram Park MRT Station,0.60 km
6,55 Tiong Bahru Road,Fully Furnished HDB Apartment,301 sqft ,55 Tiong Bahru Road, Ready to move,Studio,0,"S$ 2,400 /mo",EW16 Outram Park MRT Station,0.60 km
7,82 Tiong Poh Road,Fully Furnished HDB Apartment,450 sqft ,82 Tiong Poh Road, Ready to move,Studio,0,"S$ 2,600 /mo",EW16 Outram Park MRT Station,0.60 km
8,80 Chay Yan Street,Fully Furnished HDB Apartment,250 sqft ,80 Chay Yan Street, Ready to move,Studio,0,"S$ 2,200 /mo",EW16 Outram Park MRT Station,0.84 km
9,82 Tiong Poh Road,Fully Furnished HDB Apartment,300 sqft ,82 Tiong Poh Road, Ready to move,Studio,0,"S$ 2,400 /mo",EW16 Outram Park MRT Station,0.60 km
10,Pearl Bank Apartment,Fully Furnished Apartment,350 sqft ,1 Pearl Bank, Ready to move,1,1,"S$ 1,300 /mo",EW16 Outram Park MRT Station,0.20 km
11,The Regency At Tiong Bahru,Condominium,958 sqft ,36 Chay Yan Street, S$ 4.49 psf,2,0,"S$ 4,300 /mo",EW16 Outram Park MRT Station,0.99 km
12,Spottiswoode 18,Partially Furnished Condominium,388 sqft ,18 Spottiswoode Park Road, Ready to move,1,1,"S$ 2,300 /mo",EW16 Outram Park MRT Station,0.68 km
13,Altez,Partially Furnished Condominium,861 sqft ,16 Enggor Street, Ready to move,1,1,"S$ 4,500 /mo",EW16 Outram Park MRT Station,0.99 km
14,55 Tiong Bahru Road,Fully Furnished HDB Apartment,285 sqft ,55 Tiong Bahru Road, Ready to move,Studio,0,"S$ 2,288 /mo",EW16 Outram Park MRT Station,0.60 km
15,78 Moh Guan Terrace,Apartment,1000 sqft ,78 Moh Guan Terrace, Ready to move,3,3,"S$ 3,400 /mo",EW16 Outram Park MRT Station,0.97 km
16,12 Taman Ho Swee,Partially Furnished HDB Apartment,709 sqft ,12 Taman Ho Swee, Ready to move,1,1,"S$ 1,950 /mo",EW16 Outram Park MRT Station,0.97 km
17,Skysuites @ Anson,Fully Furnished Condominium,398 sqft ,8 Enggor Street, Ready to move,1,1,"S$ 2,900 /mo",EW16 Outram Park MRT Station,0.99 km
18,River Place,Fully Furnished Condominium,786 sqft ,62 Havelock Road, Ready to move,1,1,"S$ 3,500 /mo",EW16 Outram Park MRT Station,0.92 km
19,Icon,Fully Furnished Apartment,570 sqft ,10 Gopeng Street, Ready to move,1,1,"S$ 3,650 /mo",EW16 Outram Park MRT Station,0.97 km
0,Pearl Bank Apartment,Fully Furnished Apartment,80 sqft ,1 Pearl Bank, Ready to move,Room,0,S$ 650 /mo,EW16 Outram Park MRT Station,0.20 km
1,Tiong Poh Road,Fully Furnished HDB Apartment,350 sqft ,(within 0.86 km), Ready to move,1,1,"S$ 2,500 /mo",EW16 Outram Park MRT Station,0.86 km
2,River Place,Partially Furnished Condominium,750 sqft ,62 Havelock Road, S$ 4.00 psf,1,1,"S$ 3,000 /mo",EW16 Outram Park MRT Station,0.92 km
3,Chinatown Plaza,Fully Furnished Apartment,80 sqft ,34 Craig Road, Ready to move,Room,0,S$ 750 /mo,EW16 Outram Park MRT Station,0.50 km
4,64 Tiong Poh Road,Fully Furnished HDB Apartment,450 sqft ,64 Tiong Poh Road, Ready to move,2,1,"S$ 3,200 /mo",EW16 Outram Park MRT Station,0.60 km
5,Altez,Fully Furnished Condominium,550 sqft ,16 Enggor Street, S$ 7.09 psf,1,1,"S$ 3,900 /mo",EW16 Outram Park MRT Station,0.99 km
6,81 Tiong Poh Road,Fully Furnished HDB Apartment,350 sqft ,81 Tiong Poh Road, Ready to move,Studio,0,"S$ 2,500 /mo",EW16 Outram Park MRT Station,0.66 km
7,143 Neil Road,Partially Furnished Conservation House,"882 sqft, 3000 sqft (land) ",143 Neil Road, Available from 1 May,1,1,"S$ 3,000 /mo",EW16 Outram Park MRT Station,0.49 km
8,143 Neil Road,Partially Furnished Walk-up,882 sqft ,143 Neil road, Available from 1 May,1,1,"S$ 3,000 /mo",EW16 Outram Park MRT Station,0.48 km
9,Altez,Partially Furnished Condominium,1109 sqft ,16 Enggor Street, Ready to move,2,2,"S$ 7,500 /mo",EW16 Outram Park MRT Station,0.99 km
10,82 Tiong Poh Road,Fully Furnished HDB Apartment,350 sqft ,82 Tiong Poh Road, Ready to move,Studio,0,"S$ 2,500 /mo",EW16 Outram Park MRT Station,0.60 km
11,River Place,Fully Furnished Condominium,786 sqft ,60 Havelock Road, Ready to move,1,1,"S$ 3,600 /mo",EW16 Outram Park MRT Station,0.92 km
12,Emerald Garden,Fully Furnished Condominium,1055 sqft ,33 Club Street, Ready to move,2,2,"S$ 3,800 /mo",EW16 Outram Park MRT Station,0.90 km
13,Pearl Bank Apartment,Fully Furnished Apartment,130 sqft ,1 Pearl Bank, Ready to move,Room,0,S$ 900 /mo,EW16 Outram Park MRT Station,0.20 km
14,65 Tiong Poh Road,Fully Furnished HDB Apartment,400 sqft ,65 Tiong Poh Road, Ready to move,Room,0,"S$ 1,500 /mo",EW16 Outram Park MRT Station,0.64 km
15,6 Everton Park,HDB Apartment,180 sqft ,6 Everton Park, Ready to move,Room,0,S$ 850 /mo,EW16 Outram Park MRT Station,0.53 km
16,Altez,Partially Furnished Condominium,1109 sqft ,16 Enggor Street, Ready to move,2,2,"S$ 7,350 /mo",EW16 Outram Park MRT Station,0.99 km
17,Altez,Partially Furnished Condominium,1109 sqft ,16 Enggor Street, Ready to move,2,2,"S$ 7,500 /mo",EW16 Outram Park MRT Station,0.99 km
18,Spottiswoode 18,Partially Furnished Condominium,387 sqft ,18 Spottiswoode Park Road, S$ 5.94 psf,1,1,"S$ 2,300 /mo",EW16 Outram Park MRT Station,0.68 km
19,Icon,Fully Furnished Apartment,915 sqft ,10 Gopeng Street, Ready to move,2,2,"S$ 4,650 /mo",EW16 Outram Park MRT Station,0.97 km
0,12 Cantonment Close,Fully Furnished HDB Apartment,250 sqft ,12 Cantonment Close, Ready to move,Room,0,"S$ 1,375 /mo",EW16 Outram Park MRT Station,0.80 km
1,Spottiswoode 18,Partially Furnished Condominium,387 sqft ,18 Spottiswoode Park Road, Ready to move,1,1,"S$ 2,300 /mo",EW16 Outram Park MRT Station,0.68 km
2,River Place,Condominium,2357 sqft ,66 Havelock Road, Available from 30 Apr,3,3,"S$ 7,800 /mo",EW16 Outram Park MRT Station,0.92 km
3,Spottiswoode Park,Fully Furnished Walk-up,200 sqft ,(within 0.75 km), Ready to move,3,1,S$ 550 /mo,EW16 Outram Park MRT Station,0.75 km
4,The Beacon,Partially Furnished Apartment,1108 sqft ,130 Cantonment Road, Ready to move,2,2,"S$ 4,900 /mo",EW16 Outram Park MRT Station,0.62 km
5,Altez,Partially Furnished Condominium,1658 sqft ,16 Enggor Street, Ready to move,3,2,"S$ 8,900 /mo",EW16 Outram Park MRT Station,0.99 km
6,Skysuites @ Anson,Fully Furnished Condominium,398 sqft ,8 Enggor Street, Ready to move,1,1,"S$ 2,950 /mo",EW16 Outram Park MRT Station,0.99 km
7,56 Eng Hoon Street,Partially Furnished HDB Apartment,800 sqft ,56 Eng Hoon Street, Ready to move,3,2,"S$ 3,000 /mo",EW16 Outram Park MRT Station,0.62 km
8,Pearl Bank Apartment,Fully Furnished Apartment,150 sqft ,1 Pearl Bank, Ready to move,Room,0,"S$ 1,300 /mo",EW16 Outram Park MRT Station,0.20 km
9,Icon,Fully Furnished Apartment,904 sqft ,10 Gopeng Street, S$ 5.31 psf,2,2,"S$ 4,800 /mo",EW16 Outram Park MRT Station,0.97 km
10,River Place,Partially Furnished Condominium,700 sqft ,64 Havelock Road, Ready to move,1,1,"S$ 3,300 /mo",EW16 Outram Park MRT Station,0.92 km
11,Skysuites @ Anson,Fully Furnished Condominium,398 sqft ,8 Enggor Street, Ready to move,1,1,"S$ 3,350 /mo",EW16 Outram Park MRT Station,0.99 km
12,River Place,Partially Furnished Condominium,1658 sqft ,60 Havelock Road, S$ 4.10 psf,3,2,"S$ 6,800 /mo",EW16 Outram Park MRT Station,0.92 km
13,Altez,Partially Furnished Condominium,1173 sqft ,16 Enggor Street, Available from 26 Apr,2,2,"S$ 6,800 /mo",EW16 Outram Park MRT Station,0.99 km
14,Altez,Partially Furnished Condominium,1109 sqft ,16 Enggor Street, Ready to move,2,2,"S$ 7,700 /mo",EW16 Outram Park MRT Station,0.99 km
15,River Place,Partially Furnished Condominium,1291 sqft ,64 Havelock Road, Available from 1 Jun,2,2,"S$ 5,500 /mo",EW16 Outram Park MRT Station,0.92 km
16,Pearl Bank Apartment,Fully Furnished Apartment,320 sqft ,1 Pearl Bank, Ready to move,Studio,0,"S$ 1,750 /mo",EW16 Outram Park MRT Station,0.20 km
17,Icon,Fully Furnished Apartment,1050 sqft ,10 Gopeng Street, Ready to move,2,2,"S$ 5,299 /mo",EW16 Outram Park MRT Station,0.97 km
18,29 Club Street,Partially Furnished Apartment,630 sqft ,(within 0.88 km), S$ 4.44 psf,2,2,"S$ 2,800 /mo",EW16 Outram Park MRT Station,0.88 km
19,Craig Place,Partially Furnished Apartment,560 sqft ,20 Craig Road, Ready to move,1,1,"S$ 2,900 /mo",EW16 Outram Park MRT Station,0.55 km
0,The Beacon,Fully Furnished Apartment,1108 sqft ,130 Cantonment Road, Ready to move,2,2,"S$ 4,900 /mo",EW16 Outram Park MRT Station,0.62 km
1,149 Silat Avenue,Fully Furnished HDB Apartment,150 sqft ,149 Silat Avenue, S$ 5.67 psf,Room,0,S$ 850 /mo,EW16 Outram Park MRT Station,0.90 km
2,River Place,Fully Furnished Condominium,786 sqft ,60 Havelock Road, Ready to move,1,1,"S$ 3,500 /mo",EW16 Outram Park MRT Station,0.92 km
3,18 Cantonment Close,Fully Furnished HDB Apartment,100 sqft ,18 Cantonment Close, Ready to move,Room,0,S$ 950 /mo,EW16 Outram Park MRT Station,0.84 km
4,Altez,Partially Furnished Condominium,1109 sqft ,16 Enggor Street, Ready to move,2,2,"S$ 7,500 /mo",EW16 Outram Park MRT Station,0.99 km
5,Altez,Partially Furnished Condominium,1658 sqft ,16 Enggor Street, Ready to move,3,2,"S$ 8,900 /mo",EW16 Outram Park MRT Station,0.99 km
6,People's Park Complex,Fully Furnished Apartment,100 sqft ,1 Park Road, Ready to move,Room,0,"S$ 1,300 /mo",EW16 Outram Park MRT Station,0.51 km
7,Pearl Bank Apartment,Partially Furnished Apartment,350 sqft ,1 Pearl Bank, Ready to move,1,1,"S$ 1,750 /mo",EW16 Outram Park MRT Station,0.20 km
8,Pearl Bank Apartment,Partially Furnished Apartment,400 sqft ,1 Pearl Bank, Ready to move,1,1,"S$ 1,300 /mo",EW16 Outram Park MRT Station,0.20 km
9,Pinnacle @ Duxton,HDB Apartment,95 sqft ,1 Cantonment Road, S$ 13.68 psf,1,0,"S$ 1,300 /mo",EW16 Outram Park MRT Station,0.73 km
10,127D Kim Tian Road,Partially Furnished HDB Apartment,120 sqft ,127D Kim Tian Road, Ready to move,Room,0,"S$ 1,200 /mo",EW16 Outram Park MRT Station,0.96 km
11,Landmark Tower,Apartment,1399 sqft ,173 Chin Swee Road, Ready to move,3,2,"S$ 3,700 /mo",EW16 Outram Park MRT Station,0.53 km
12,Altez,Partially Furnished Condominium,1561 sqft ,16 Enggor Street, Ready to move,3,2,"S$ 8,900 /mo",EW16 Outram Park MRT Station,0.99 km
13,Altez,Condominium,1109 sqft ,16 Enggor Street, Ready to move,2,2,"S$ 7,700 /mo",EW16 Outram Park MRT Station,0.99 km
14,The Beacon,Partially Furnished Apartment,1106 sqft ,130 Cantonment Road, Ready to move,2,2,"S$ 5,000 /mo",EW16 Outram Park MRT Station,0.62 km
15,Altez,Partially Furnished Condominium,1173 sqft ,16 Enggor Street, Ready to move,2,2,"S$ 7,600 /mo",EW16 Outram Park MRT Station,0.99 km
16,Altez,Partially Furnished Condominium,1109 sqft ,16 Enggor Street, Ready to move,2,2,"S$ 7,300 /mo",EW16 Outram Park MRT Station,0.99 km
17,River Place,Partially Furnished Condominium,2400 sqft ,66 Havelock Road, Available from 1 May,3,3,"S$ 7,500 /mo",EW16 Outram Park MRT Station,0.92 km
18,105 Spottiswoode Park Road,Fully Furnished Apartment,1270 sqft ,105 Spottiswoode Park Road, Ready to move,3,2,"S$ 3,099 /mo",EW16 Outram Park MRT Station,0.96 km
19,Spottiswoode Residences,Fully Furnished Condominium,797 sqft ,48 Spottiswoode Park Road, Ready to move,2,2,"S$ 4,200 /mo",EW16 Outram Park MRT Station,0.75 km
0,Altez,Partially Furnished Condominium,1658 sqft ,16 Enggor Street, Ready to move,3,2,"S$ 8,900 /mo",EW16 Outram Park MRT Station,0.99 km
1,Spottiswoode Residences,Partially Furnished Condominium,926 sqft ,48 Spottiswoode Park Road, Ready to move,2,2,"S$ 4,200 /mo",EW16 Outram Park MRT Station,0.75 km
2,Altez,Partially Furnished Condominium,1109 sqft ,16 Enggor Street, Ready to move,2,2,"S$ 6,900 /mo",EW16 Outram Park MRT Station,0.99 km
3,Altez,Partially Furnished Condominium,527 sqft ,16 Enggor Street, S$ 7.78 psf,1,1,"S$ 4,100 /mo",EW16 Outram Park MRT Station,0.99 km
4,Altez,Partially Furnished Condominium,840 sqft ,16 Enggor Street, S$ 6.90 psf,1,2,"S$ 5,800 /mo",EW16 Outram Park MRT Station,0.99 km
5,Pinnacle @ Duxton,Partially Furnished HDB Apartment,110 sqft ,1 Cantonment Road, Ready to move,3,2,"S$ 3,600 /mo",EW16 Outram Park MRT Station,0.73 km
6,Altez,Fully Furnished Condominium,840 sqft ,16 Enggor Street, Ready to move,1,2,"S$ 4,900 /mo",EW16 Outram Park MRT Station,0.99 km
7,4B Boon Tiong Road,Partially Furnished HDB Apartment,1000 sqft ,4B Boon Tiong Road, Ready to move,3,2,"S$ 2,700 /mo",EW16 Outram Park MRT Station,0.95 km
8,32 New Market Road,Fully Furnished HDB Apartment,560 sqft ,32 New Market Road, Ready to move,2,1,"S$ 1,950 /mo",EW16 Outram Park MRT Station,0.59 km
9,Altez,Partially Furnished Condominium,1109 sqft ,16 Enggor Street, Ready to move,2,2,"S$ 7,600 /mo",EW16 Outram Park MRT Station,0.99 km
10,Onze @ Tanjong Pagar,Fully Furnished Apartment,400 sqft ,11 Kee Seng Street, S$ 7.50 psf,1,1,"S$ 3,000 /mo",EW16 Outram Park MRT Station,0.82 km
11,Altez,Partially Furnished Condominium,1658 sqft ,16 Enggor Street, Ready to move,3,2,"S$ 9,000 /mo",EW16 Outram Park MRT Station,0.99 km
12,Altez,Fully Furnished Condominium,1173 sqft ,16 Enggor Street, Ready to move,2,2,"S$ 8,500 /mo",EW16 Outram Park MRT Station,0.99 km
13,River Place,Partially Furnished Condominium,2357 sqft ,60 Havelock Road, Available from 1 May,3,3,"S$ 7,300 /mo",EW16 Outram Park MRT Station,0.92 km
14,Club Street Conservation Loft,Fully Furnished Walk-up,500 sqft ,Club Street, Ready to move,1,1,"S$ 2,400 /mo",EW16 Outram Park MRT Station,0.81 km
15,2 Tanjong Pagar Plaza,Fully Furnished HDB Apartment,650 sqft ,2 Tanjong Pagar Plaza, Ready to move,2,1,"S$ 2,000 /mo",EW16 Outram Park MRT Station,0.82 km
16,17 Cantonment Close,Fully Furnished HDB Apartment,968 sqft ,17 Cantonment Close, Available from 18 Jun,3,2,"S$ 3,200 /mo",EW16 Outram Park MRT Station,0.86 km
17,Pearl Bank Apartment,Fully Furnished Apartment,200 sqft ,1 Pearl Bank, Ready to move,Room,0,"S$ 1,600 /mo",EW16 Outram Park MRT Station,0.20 km
18,The Beacon,Partially Furnished Apartment,2293 sqft ,130 Cantonment Road, Ready to move,3,3,"S$ 6,500 /mo",EW16 Outram Park MRT Station,0.62 km
19,Pearl Bank Apartment,Apartment,250 sqft ,1 Pearl Bank, Available from 30 Apr,Room,0,"S$ 1,899 /mo",EW16 Outram Park MRT Station,0.20 km
0,People's Park Complex,Fully Furnished Apartment,150 sqft ,1 Park Road, Ready to move,Room,0,"S$ 1,000 /mo",EW16 Outram Park MRT Station,0.51 km
1,Craig Place,Fully Furnished Apartment,882 sqft ,20 Craig Road, Ready to move,2,1,"S$ 3,700 /mo",EW16 Outram Park MRT Station,0.55 km
2,Pearl Bank Apartment,Fully Furnished Apartment,50 sqft ,1 Pearl Bank, Ready to move,Room,0,"S$ 2,100 /mo",EW16 Outram Park MRT Station,0.20 km
3,1 Pearl Bank,Fully Furnished Apartment,250 sqft ,1 Pearl Bank, Available from 15 Apr,Room,0,"S$ 1,250 /mo",EW16 Outram Park MRT Station,0.20 km
4,Spottiswoode Residences,Fully Furnished Condominium,797 sqft ,48 Spottiswoode Park Road, Ready to move,2,2,"S$ 4,000 /mo",EW16 Outram Park MRT Station,0.75 km
5,Landmark Tower,Partially Furnished Apartment,1400 sqft ,173 Chin Swee Road, Ready to move,3,3,"S$ 3,600 /mo",EW16 Outram Park MRT Station,0.53 km
6,Pinnacle @ Duxton,Partially Furnished HDB Apartment,1302 sqft ,1F Cantonment Road, Available from 15 Jul,3,2,"S$ 3,800 /mo",EW16 Outram Park MRT Station,0.73 km
7,Icon,Partially Furnished Condominium,904 sqft ,10 Gopeng Street, Ready to move,2,2,"S$ 4,800 /mo",EW16 Outram Park MRT Station,0.97 km
8,Riviera Point,Fully Furnished Condominium,1300 sqft ,Riviera Point, Ready to move,3,2,"S$ 4,000 /mo",EW16 Outram Park MRT Station,0.79 km
9,Spottiswoode Lodge,Fully Furnished Shophouse,350 sqft ,69 spottiswoode park road, Ready to move,Studio,0,"S$ 2,000 /mo",EW16 Outram Park MRT Station,0.52 km
10,People's Park Complex,Apartment,150 sqft ,1 Park Road, Ready to move,Room,0,"S$ 1,200 /mo",EW16 Outram Park MRT Station,0.51 km
11,Landmark Tower,Fully Furnished Apartment,1399 sqft ,173 Chin Swee Road, Ready to move,3,2,"S$ 3,700 /mo",EW16 Outram Park MRT Station,0.53 km
12,River Place,Condominium,1582 sqft ,60 Havelock Road, Ready to move,3,3,"S$ 5,800 /mo",EW16 Outram Park MRT Station,0.92 km
13,4A Boon Tiong Road,Fully Furnished HDB Apartment,150 sqft ,4A Boon Tiong Road, S$ 5.67 psf,Room,0,S$ 850 /mo,EW16 Outram Park MRT Station,0.89 km
14,Icon,Fully Furnished Apartment,581 sqft ,10 Gopeng Street, Ready to move,1,1,"S$ 3,300 /mo",EW16 Outram Park MRT Station,0.97 km
15,13 Cantonment Close,Fully Furnished HDB Apartment,67 sqft ,13 Cantonment Close, Ready to move,2,2,"S$ 2,149 /mo",EW16 Outram Park MRT Station,0.79 km
16,Skysuites @ Anson,Fully Furnished Condominium,365 sqft ,8 Enggor Street, Ready to move,1,1,"S$ 3,200 /mo",EW16 Outram Park MRT Station,0.99 km
17,People'S Park Complex,Fully Furnished Apartment,150 sqft ,1 Park Road, Ready to move,Room,0,S$ 999 /mo,EW16 Outram Park MRT Station,0.70 km
18,Spottiswoode Park,Fully Furnished HDB Apartment,110 sqft ,Spottiswoode Park Road, Ready to move,Room,0,S$ 800 /mo,EW16 Outram Park MRT Station,0.75 km
19,32 New Market Road,Fully Furnished HDB Apartment,650 sqft ,32 New Market Road, Ready to move,2,1,"S$ 1,999 /mo",EW16 Outram Park MRT Station,0.59 km
0,Pearl Bank Apartment,Fully Furnished Apartment,200 sqft ,1 Pearl Bank, Ready to move,Room,0,"S$ 1,300 /mo",EW16 Outram Park MRT Station,0.20 km
1,1 Everton Park,Partially Furnished HDB Apartment,700 sqft ,1 Everton Park, Ready to move,2,2,"S$ 1,980 /mo",EW16 Outram Park MRT Station,0.47 km
2,Skysuites @ Anson,Fully Furnished Condominium,398 sqft ,8 Enggor Street, Ready to move,1,1,"S$ 3,100 /mo",EW16 Outram Park MRT Station,0.99 km
3,Skysuites @ Anson,Partially Furnished Condominium,398 sqft ,8 Enggor Street, S$ 8.79 psf,1,1,"S$ 3,500 /mo",EW16 Outram Park MRT Station,0.99 km
4,Skysuites @ Anson,Fully Furnished Condominium,398 sqft ,8 Enggor Street, Ready to move,1,1,"S$ 2,990 /mo",EW16 Outram Park MRT Station,0.99 km
5,8 Tanjong Pagar Plaza,Fully Furnished HDB Apartment,895 sqft ,8 Tanjong Pagar Plaza, Ready to move,3,1,"S$ 3,000 /mo",EW16 Outram Park MRT Station,0.66 km
6,Icon,Fully Furnished Apartment,570 sqft ,10 Gopeng Street, Ready to move,1,1,"S$ 3,600 /mo",EW16 Outram Park MRT Station,0.97 km
7,Icon,Partially Furnished Apartment,904 sqft ,10 Gopeng Street, Ready to move,2,2,"S$ 4,500 /mo",EW16 Outram Park MRT Station,0.97 km
8,Chinatown Plaza,Fully Furnished Apartment,190 sqft ,34 Craig Road, S$ 5.00 psf,1,0,S$ 950 /mo,EW16 Outram Park MRT Station,0.50 km
9,127D Kim Tian Road,Partially Furnished HDB Apartment,947 sqft ,127D Kim Tian Road, Ready to move,3,2,"S$ 2,680 /mo",EW16 Outram Park MRT Station,0.96 km
10,Pearl Bank Apartment,Partially Furnished Apartment,1400 sqft ,1 Pearl Bank, S$ 2.14 psf,2,2,"S$ 3,000 /mo",EW16 Outram Park MRT Station,0.20 km
11,Pearl's Hill Terrace,Fully Furnished Apartment,530 sqft ,201 Pearl's Hill Terrace, Ready to move,2,1,"S$ 2,078 /mo",EW16 Outram Park MRT Station,0.47 km
12,Skysuites @ Anson,Fully Furnished Condominium,398 sqft ,8 Enggor Street, Ready to move,1,1,"S$ 2,800 /mo",EW16 Outram Park MRT Station,0.99 km
13,Spottiswoode Park,Partially Furnished Apartment,1270 sqft ,(within 0.75 km), Ready to move,3,2,"S$ 2,800 /mo",EW16 Outram Park MRT Station,0.75 km
14,Chinatown Plaza,Partially Furnished Apartment,1722 sqft ,34 Craig Road, Available from 3 May,3,3,"S$ 3,999 /mo",EW16 Outram Park MRT Station,0.50 km
15,River Place,Partially Furnished Condominium,2357 sqft ,60 Havelock Road, Available from 1 May,3,3,"S$ 7,800 /mo",EW16 Outram Park MRT Station,0.92 km
16,3 Tanjong Pagar Plaza,Fully Furnished HDB Apartment,635 sqft ,3 Tanjong Pagar Plaza, Ready to move,2,1,"S$ 2,200 /mo",EW16 Outram Park MRT Station,0.76 km
17,Dorsett Residences,Partially Furnished Condominium,689 sqft ,333 New Bridge Road, Ready to move,2,2,"S$ 4,308 /mo",EW16 Outram Park MRT Station,0.25 km
18,River Place,Partially Furnished Condominium,1033 sqft ,62 Havelock Road, Ready to move,2,2,"S$ 4,200 /mo",EW16 Outram Park MRT Station,0.92 km
19,River Place,Partially Furnished Condominium,786 sqft ,60 Havelock Road, Ready to move,1,1,"S$ 3,600 /mo",EW16 Outram Park MRT Station,0.92 km
0,Icon,Fully Furnished Condominium,1044 sqft ,10 Gopeng Street, Ready to move,2,2,"S$ 5,300 /mo",EW16 Outram Park MRT Station,0.97 km
1,Craig Place,Fully Furnished Apartment,732 sqft ,20 Craig Road, Ready to move,2,1,"S$ 3,500 /mo",EW16 Outram Park MRT Station,0.55 km
2,River Place,Partially Furnished Condominium,2357 sqft ,60 Havelock Road, Available from 1 May,3,3,"S$ 7,400 /mo",EW16 Outram Park MRT Station,0.92 km
3,Spottiswoode Residences,Partially Furnished Condominium,603 sqft ,48 Spottiswoode Park Road, S$ 4.81 psf,1,1,"S$ 2,900 /mo",EW16 Outram Park MRT Station,0.75 km
4,Pinnacle @ Duxton,Fully Furnished HDB Apartment,150 sqft ,1F Cantonment Road, Ready to move,Room,0,"S$ 1,100 /mo",EW16 Outram Park MRT Station,0.73 km
5,The Beacon,Partially Furnished Apartment,1107 sqft ,130 Cantonment Road, Ready to move,2,2,"S$ 4,800 /mo",EW16 Outram Park MRT Station,0.62 km
6,Pearl Bank Apartment,Fully Furnished Apartment,1300 sqft ,1 Pearl Bank, Ready to move,2,2,"S$ 2,400 /mo",EW16 Outram Park MRT Station,0.20 km
7,Eng Hoon Mansions,Fully Furnished Apartment,300 sqft ,17 Eng Hoon Street, S$ 7.33 psf,Studio,0,"S$ 2,200 /mo",EW16 Outram Park MRT Station,0.50 km
8,The Quayside,Partially Furnished Apartment,1400 sqft ,60 Robertson Quay, Ready to move,2,2,"S$ 5,000 /mo",EW16 Outram Park MRT Station,0.96 km
9,Pearl Bank Apartment,Fully Furnished Apartment,100 sqft ,1 Pearl Bank, Ready to move,Room,0,S$ 699 /mo,EW16 Outram Park MRT Station,0.20 km
10,Pearl Bank Apartment,Apartment,100 sqft ,1 Pearl Bank, Ready to move,Room,0,S$ 699 /mo,EW16 Outram Park MRT Station,0.20 km
11,Altez,Partially Furnished Condominium,1658 sqft ,16 Enggor Street, Ready to move,3,2,"S$ 9,050 /mo",EW16 Outram Park MRT Station,0.99 km
12,Tiong Bahru Estate,Fully Furnished Apartment,450 sqft ,(within 0.68 km), Ready to move,Studio,0,"S$ 2,299 /mo",EW16 Outram Park MRT Station,0.68 km
13,Skysuites @ Anson,Partially Furnished Condominium,700 sqft ,8 Enggor Street, Ready to move,2,2,"S$ 4,500 /mo",EW16 Outram Park MRT Station,0.99 km
14,53 Chin Swee Road,Fully Furnished HDB Apartment,829 sqft ,53 Chin Swee Road, Ready to move,3,2,"S$ 2,800 /mo",EW16 Outram Park MRT Station,0.77 km
15,Pinnacle @ Duxton,Fully Furnished HDB Apartment,1001 sqft ,1 Cantonment Road, Ready to move,2,2,"S$ 4,200 /mo",EW16 Outram Park MRT Station,0.73 km
16,River Place,Fully Furnished Condominium,786 sqft ,60 Havelock Road, Ready to move,1,1,"S$ 3,600 /mo",EW16 Outram Park MRT Station,0.92 km
17,Icon,Fully Furnished Condominium,700 sqft ,10 Gopeng Street, Ready to move,1,1,"S$ 3,900 /mo",EW16 Outram Park MRT Station,0.97 km
18,Spottiswoode Residences,Fully Furnished Condominium,797 sqft ,48 Spottiswoode Park Road, Ready to move,2,2,"S$ 4,200 /mo",EW16 Outram Park MRT Station,0.75 km
19,Altez,Condominium,862 sqft ,16 Enggor Street, Ready to move,1,1,"S$ 5,500 /mo",EW16 Outram Park MRT Station,0.99 km
0,55 Tiong Bahru Road,Fully Furnished HDB Apartment,461 sqft ,55 Tiong Bahru Road, Ready to move,2,1,"S$ 3,600 /mo",EW16 Outram Park MRT Station,0.60 km
1,55 Tiong Bahru Road,Fully Furnished HDB Apartment,460 sqft ,55 Tiong Bahru Road, Ready to move,2,1,"S$ 3,600 /mo",EW16 Outram Park MRT Station,0.60 km
2,Pearl's Hill Terrace,Fully Furnished Apartment,450 sqft ,201 Pearl's Hill Terrace, Ready to move,1,1,"S$ 1,837 /mo",EW16 Outram Park MRT Station,0.47 km
3,People'S Park Complex,Apartment,120 sqft ,1 Park Road, Ready to move,Room,0,S$ 850 /mo,EW16 Outram Park MRT Station,0.70 km
4,7 Everton Park,HDB Apartment,850 sqft ,7 Everton Park, Ready to move,2,1,"S$ 2,400 /mo",EW16 Outram Park MRT Station,0.49 km
5,53 Chin Swee Road,HDB Apartment,900 sqft ,53 Chin Swee Road, Ready to move,3,2,"S$ 3,000 /mo",EW16 Outram Park MRT Station,0.77 km
6,People'S Park Complex,Apartment,500 sqft ,1 Park Road, Ready to move,Studio,0,"S$ 1,800 /mo",EW16 Outram Park MRT Station,0.70 km
7,Pinnacle @ Duxton,Fully Furnished HDB Apartment,170 sqft ,1G Cantonment Road, Ready to move,Room,0,"S$ 1,200 /mo",EW16 Outram Park MRT Station,0.73 km
8,3 Everton Park,HDB Apartment,130 sqft ,3 Everton Park, Ready to move,Room,0,S$ 800 /mo,EW16 Outram Park MRT Station,0.47 km
9,Icon,Partially Furnished Apartment,904 sqft ,10 Gopeng Street, S$ 5.42 psf,2,2,"S$ 4,900 /mo",EW16 Outram Park MRT Station,0.97 km
10,"BEAUTIFUL CHARMING Conservation House CHINATOWN MRT, PRIME LOCATION , AWESOME LIVING ! !",Partially Furnished Conservation House,900 sqft ,"MOSQUE STREET, PAGODA STREET, CHINATOWN MRT", Ready to move,2,2,"S$ 4,500 /mo",EW16 Outram Park MRT Station,
11,Emerald Garden,Partially Furnished Condominium,1055 sqft ,33 Club Street, Ready to move,2,2,"S$ 4,100 /mo",EW16 Outram Park MRT Station,0.90 km
12,One Tree Serviced Apartments,Fully Furnished Apartment,470 sqft ,21 Outram Road, S$ 9.15 psf,1,1,"S$ 4,300 /mo",EW16 Outram Park MRT Station,0.60 km
13,One Tree Serviced Apartments,Fully Furnished Apartment,220 sqft ,261 Outram Road, S$ 15.91 psf,Studio,0,"S$ 3,500 /mo",EW16 Outram Park MRT Station,0.60 km
14,79 Chay Yan Street,Fully Furnished Walk-up,650 sqft ,79 Chay Yan Street, Available from 15 Apr,2,1,"S$ 2,100 /mo",EW16 Outram Park MRT Station,0.88 km
15,Pearl Bank Apartment,Fully Furnished Apartment,1000 sqft ,1 Pearl Bank, Ready to move,2,1,"S$ 1,600 /mo",EW16 Outram Park MRT Station,0.20 km
16,Pearl Bank Apartment,Partially Furnished Apartment,500 sqft ,1 Pearl Bank, Ready to move,Studio,0,"S$ 1,700 /mo",EW16 Outram Park MRT Station,0.20 km
17,146 Jalan Bukit Merah,Fully Furnished HDB Apartment,180 sqft ,146 Jalan Bukit Merah, Ready to move,Room,0,S$ 800 /mo,EW16 Outram Park MRT Station,0.97 km
18,55 Tiong Bahru Road,Fully Furnished HDB Apartment,300 sqft ,55 Tiong Bahru Road, Ready to move,Studio,0,"S$ 2,400 /mo",EW16 Outram Park MRT Station,0.60 km
19,Altez,Condominium,1561 sqft ,16 Enggor Street, Ready to move,3,2,"S$ 8,900 /mo",EW16 Outram Park MRT Station,0.99 km
