0,Bedok Residences,Partially Furnished Condominium,581 sqft ,30 Bedok North Drive, Ready to move,1,1,"S$ 2,500 /mo",EW5 Bedok MRT Station,0.26 km
1,Bedok Residences,Partially Furnished Condominium,883 sqft ,18 Bedok North Drive, Ready to move,2,2,"S$ 3,500 /mo",EW5 Bedok MRT Station,0.26 km
2,Bedok Residences,Partially Furnished Condominium,1109 sqft ,28 Bedok North Drive, Available from 7 May,2,2,"S$ 3,900 /mo",EW5 Bedok MRT Station,0.26 km
3,34 Bedok South Avenue 2,Fully Furnished HDB Apartment,904 sqft ,34 Bedok South Avenue 2, Ready to move,3,2,"S$ 2,400 /mo",EW5 Bedok MRT Station,0.90 km
4,20 Chai Chee Road,Fully Furnished HDB Apartment,150 sqft ,20 Chai Chee Road, Ready to move,Room,0,S$ 400 /mo,EW5 Bedok MRT Station,0.85 km
5,Bedok Residences,Fully Furnished Condominium,635 sqft ,28 Bedok North Drive, Ready to move,1,1,"S$ 2,400 /mo",EW5 Bedok MRT Station,0.26 km
6,Bedok Residences,Fully Furnished Condominium,527 sqft ,24 Bedok North Drive, Ready to move,1,1,"S$ 2,350 /mo",EW5 Bedok MRT Station,0.26 km
7,Bedok Residences,Condominium,1098 sqft ,24 Bedok North Drive, Ready to move,3,2,"S$ 3,700 /mo",EW5 Bedok MRT Station,0.26 km
8,Bedok Residences,Fully Furnished Condominium,883 sqft ,30 Bedok North Drive, Ready to move,2,2,"S$ 3,200 /mo",EW5 Bedok MRT Station,0.26 km
9,Bedok Residences,Partially Furnished Condominium,1109 sqft ,24 Bedok North Drive, Ready to move,2,2,"S$ 3,500 /mo",EW5 Bedok MRT Station,0.26 km
10,34 Chai Chee Avenue,Partially Furnished HDB Apartment,1259 sqft ,34 Chai Chee Avenue, Ready to move,3,2,"S$ 2,698 /mo",EW5 Bedok MRT Station,0.44 km
11,201 Bedok North Street 1,Fully Furnished HDB Apartment,797 sqft ,201 Bedok North Street 1, Ready to move,1,1,S$ 800 /mo,EW5 Bedok MRT Station,0.38 km
12,201 Bedok North Street 1,Fully Furnished HDB Apartment,796 sqft ,201 Bedok North Street 1, Ready to move,Room,0,S$ 800 /mo,EW5 Bedok MRT Station,0.38 km
13,Bedok Residences,Condominium,1292 sqft ,22 Bedok North Drive, Available from 28 May,3,2,"S$ 3,700 /mo",EW5 Bedok MRT Station,0.26 km
14,Casafina,Condominium,1378 sqft ,211 Bedok South Ave 1, S$ 2.61 psf,3,2,"S$ 3,600 /mo",EW5 Bedok MRT Station,0.96 km
15,Bedok Residences,Fully Furnished Condominium,1216 sqft ,24 Bedok North Drive, Ready to move,3,3,"S$ 4,100 /mo",EW5 Bedok MRT Station,0.26 km
16,421 Bedok North Road,Fully Furnished HDB Apartment,990 sqft ,421 Bedok North Road, Ready to move,3,2,"S$ 2,399 /mo",EW5 Bedok MRT Station,0.52 km
17,415 Bedok North Avenue 2,Fully Furnished HDB Apartment,200 sqft ,415 Bedok North Avenue 2, Ready to move,Room,0,S$ 650 /mo,EW5 Bedok MRT Station,0.64 km
18,425 Bedok North Road,Fully Furnished HDB Apartment,721 sqft ,425 Bedok North Road, Available from 25 Apr,2,2,"S$ 2,000 /mo",EW5 Bedok MRT Station,0.62 km
19,214 Bedok North Street 1,Partially Furnished HDB Apartment,732 sqft ,214 Bedok North Street 1, Available from 1 May,2,2,"S$ 2,100 /mo",EW5 Bedok MRT Station,0.29 km
0,Bedok Residences,Fully Furnished Condominium,872 sqft ,16 Bedok North Drive, Ready to move,2,2,"S$ 3,200 /mo",EW5 Bedok MRT Station,0.26 km
1,418 Bedok North Avenue 2,Fully Furnished HDB Apartment,50 sqft ,418 Bedok North Avenue 2, Available from 1 May,Room,0,S$ 650 /mo,EW5 Bedok MRT Station,0.54 km
2,Bedok Residences,Fully Furnished Condominium,936 sqft ,24 Bedok North Drive, Ready to move,2,2,"S$ 3,400 /mo",EW5 Bedok MRT Station,0.26 km
3,Bedok Residences,Partially Furnished Condominium,775 sqft ,26 Bedok North Drive, Ready to move,2,1,"S$ 2,900 /mo",EW5 Bedok MRT Station,0.26 km
4,Park East,Partially Furnished Condominium,900 sqft ,(within 0.91 km), S$ 2.33 psf,2,2,"S$ 2,100 /mo",EW5 Bedok MRT Station,0.91 km
5,Bedok Residences,Fully Furnished Condominium,883 sqft ,24 Bedok North Drive, Ready to move,2,2,"S$ 2,950 /mo",EW5 Bedok MRT Station,0.26 km
6,Bedok Residences,Condominium,1109 sqft ,24 Bedok North Drive, Available from 4 Jun,3,3,"S$ 4,100 /mo",EW5 Bedok MRT Station,0.26 km
7,20 Bedok South Road,Fully Furnished HDB Apartment,1259 sqft ,20 Bedok South Road, Ready to move,3,2,"S$ 2,200 /mo",EW5 Bedok MRT Station,0.60 km
8,221C Bedok Central,Fully Furnished HDB Apartment,150 sqft ,221C Bedok Central, S$ 4.53 psf,Room,0,S$ 680 /mo,EW5 Bedok MRT Station,0.44 km
9,Bedok Residences,Partially Furnished Condominium,1485 sqft ,24 Bedok North Drive, Available from 13 Apr,4,4,"S$ 5,000 /mo",EW5 Bedok MRT Station,0.26 km
10,522 Bedok North Avenue 1,Fully Furnished HDB Apartment,732 sqft ,522 Bedok North Avenue 1, Available from 1 May,2,2,"S$ 1,800 /mo",EW5 Bedok MRT Station,0.82 km
11,205 Bedok North Street 1,Fully Furnished HDB Apartment,871 sqft ,205 Bedok North Street 1, Ready to move,2,2,"S$ 2,000 /mo",EW5 Bedok MRT Station,0.23 km
12,205 Bedok North Street 1,Fully Furnished HDB Apartment,871 sqft ,205 Bedok North Street 1, S$ 2.30 psf,2,2,"S$ 2,000 /mo",EW5 Bedok MRT Station,0.23 km
13,Bedok Residences,Fully Furnished Condominium,1119 sqft ,24 Bedok North Drive, Ready to move,3,2,"S$ 3,600 /mo",EW5 Bedok MRT Station,0.26 km
14,Bedok Residences,Fully Furnished Condominium,529 sqft ,24 Bedok North Drive, Ready to move,1,1,"S$ 2,350 /mo",EW5 Bedok MRT Station,0.26 km
15,3 Bedok South Avenue 1,Fully Furnished HDB Apartment,635 sqft ,3 Bedok South Avenue 1, Ready to move,2,2,"S$ 1,900 /mo",EW5 Bedok MRT Station,0.41 km
16,Bedok Residences,Condominium,1292 sqft ,22 Bedok North Drive, Available from 27 May,3,2,"S$ 3,700 /mo",EW5 Bedok MRT Station,0.26 km
17,Bedok Residences,Condominium,872 sqft ,16 Bedok North Drive, Ready to move,2,2,"S$ 3,200 /mo",EW5 Bedok MRT Station,0.26 km
18,Bedok Residences,Condominium,936 sqft ,24 Bedok North Drive, Ready to move,2,2,"S$ 3,400 /mo",EW5 Bedok MRT Station,0.26 km
19,Bedok Residences,Condominium,936 sqft ,24 Bedok North Drive, Ready to move,2,2,"S$ 3,400 /mo",EW5 Bedok MRT Station,0.26 km
0,Bedok Residences,Fully Furnished Condominium,527 sqft ,24 Bedok North Drive, Ready to move,1,1,"S$ 2,600 /mo",EW5 Bedok MRT Station,0.26 km
1,27 New Upper Changi Road,Fully Furnished HDB Apartment,200 sqft ,27 New Upper Changi Road, Ready to move,Room,0,"S$ 1,200 /mo",EW5 Bedok MRT Station,0.49 km
2,213 Bedok North Street 1,Fully Furnished HDB Apartment,120 sqft ,213 Bedok North Street 1, Ready to move,Room,0,S$ 900 /mo,EW5 Bedok MRT Station,0.37 km
3,20 Chai Chee Road,Fully Furnished HDB Apartment,65 sqft ,20 Chai Chee Road, Ready to move,2,1,"S$ 1,900 /mo",EW5 Bedok MRT Station,0.85 km
4,204 Bedok North Street 1,Fully Furnished HDB Apartment,721 sqft ,204 Bedok North Street 1, Ready to move,2,2,"S$ 2,100 /mo",EW5 Bedok MRT Station,0.26 km
5,Bedok Residences,Fully Furnished Condominium,527 sqft ,24 Bedok North Drive, Ready to move,1,1,"S$ 2,400 /mo",EW5 Bedok MRT Station,0.26 km
6,26 Chai Chee Road,Partially Furnished HDB Apartment,1000 sqft ,26 Chai Chee Road, Ready to move,3,2,"S$ 2,400 /mo",EW5 Bedok MRT Station,0.74 km
7,20 Bedok South Road,Fully Furnished HDB Apartment,1227 sqft ,20 Bedok South Road, Ready to move,3,2,"S$ 2,600 /mo",EW5 Bedok MRT Station,0.60 km
8,503 Bedok North Street 3,Partially Furnished HDB Apartment,700 sqft ,503 Bedok North Street 3, Ready to move,2,2,"S$ 1,800 /mo",EW5 Bedok MRT Station,0.87 km
9,27 New Upper Changi Road,Fully Furnished HDB Apartment,98 sqft ,27 New Upper Changi Road, Ready to move,Room,0,S$ 900 /mo,EW5 Bedok MRT Station,0.49 km
10,20 Bedok South Road,Fully Furnished HDB Apartment,1258 sqft ,20 Bedok South Road, Ready to move,3,2,"S$ 2,500 /mo",EW5 Bedok MRT Station,0.60 km
11,Bedok Residences,Partially Furnished Condominium,807 sqft ,24 Bedok North Drive, S$ 3.72 psf,2,2,"S$ 3,000 /mo",EW5 Bedok MRT Station,0.26 km
12,Bedok Residences,Fully Furnished Condominium,786 sqft ,24 Bedok North Drive, Ready to move,2,2,"S$ 3,000 /mo",EW5 Bedok MRT Station,0.26 km
13,Bedok Residences,Fully Furnished Condominium,850 sqft ,26 Bedok North Drive, S$ 4.06 psf,2,2,"S$ 3,450 /mo",EW5 Bedok MRT Station,0.26 km
14,26 Chai Chee Road,Partially Furnished HDB Apartment,1200 sqft ,26 Chai Chee Road, Ready to move,3,2,"S$ 2,600 /mo",EW5 Bedok MRT Station,0.74 km
15,Bedok Residences,Fully Furnished Condominium,1216 sqft ,24 Bedok North Drive, Available from 20 Apr,3,2,"S$ 3,800 /mo",EW5 Bedok MRT Station,0.26 km
16,539 Bedok North Street 3,Unfurnished HDB Apartment,732 sqft ,539 Bedok North Street 3, Ready to move,2,2,"S$ 1,600 /mo",EW5 Bedok MRT Station,0.98 km
17,20 Bedok South Road,Fully Furnished HDB Apartment,1280 sqft ,20 Bedok South Road, Ready to move,3,2,"S$ 2,300 /mo",EW5 Bedok MRT Station,0.60 km
18,202 Bedok North Street 1,Fully Furnished HDB Apartment,730 sqft ,202 Bedok North Street 1, Ready to move,2,2,"S$ 1,800 /mo",EW5 Bedok MRT Station,0.39 km
19,221B Bedok Central,Partially Furnished HDB Apartment,904 sqft ,221B Bedok Central, Available from 1 Jun,3,2,"S$ 2,900 /mo",EW5 Bedok MRT Station,0.48 km
0,505 Bedok North Avenue 3,Partially Furnished HDB Apartment,1280 sqft ,505 Bedok North Avenue 3, Ready to move,3,2,"S$ 2,300 /mo",EW5 Bedok MRT Station,0.93 km
1,Bedok Residences,Condominium,883 sqft ,24 Bedok North Drive, Ready to move,2,2,"S$ 3,300 /mo",EW5 Bedok MRT Station,0.26 km
2,539 Bedok North Street 3,Partially Furnished HDB Apartment,64 sqft ,539 Bedok North Street 3, Available from 11 Apr,2,2,"S$ 1,400 /mo",EW5 Bedok MRT Station,0.98 km
3,Bedok Residences,Fully Furnished Condominium,635 sqft ,24 Bedok North Drive, Ready to move,1,1,"S$ 2,700 /mo",EW5 Bedok MRT Station,0.26 km
4,Bedok Residences,Partially Furnished Condominium,786 sqft ,30 Bedok North Drive, Ready to move,2,2,"S$ 2,800 /mo",EW5 Bedok MRT Station,0.26 km
5,Bedok Residences,Partially Furnished Condominium,1485 sqft ,22 Bedok North Drive, Ready to move,4,4,"S$ 4,800 /mo",EW5 Bedok MRT Station,0.26 km
6,Bedok Residences,Fully Furnished Condominium,789 sqft ,26 Bedok North Drive, Ready to move,2,2,"S$ 3,000 /mo",EW5 Bedok MRT Station,0.26 km
7,504 Bedok North Street 3,Unfurnished HDB Apartment,635 sqft ,504 Bedok North Street 3, Ready to move,2,2,"S$ 1,400 /mo",EW5 Bedok MRT Station,0.91 km
8,134 Bedok North Street 2,Fully Furnished HDB Apartment,200 sqft ,134 Bedok North Street 2, Ready to move,Room,0,S$ 700 /mo,EW5 Bedok MRT Station,0.83 km
9,414 Bedok North Avenue 2,Partially Furnished HDB Apartment,1280 sqft ,414 Bedok North Avenue 2, Ready to move,3,2,"S$ 2,500 /mo",EW5 Bedok MRT Station,0.68 km
10,10 Chai Chee Road,Fully Furnished HDB Apartment,200 sqft ,10 Chai Chee Road, Ready to move,Room,0,"S$ 1,000 /mo",EW5 Bedok MRT Station,0.71 km
11,425 Bedok North Road,Fully Furnished HDB Apartment,721 sqft ,425 Bedok North Road, Available from 25 Apr,2,2,"S$ 2,000 /mo",EW5 Bedok MRT Station,0.62 km
12,418 Bedok North Avenue 2,Fully Furnished HDB Apartment,750 sqft ,418 Bedok North Avenue 2, Available from 1 May,2,2,"S$ 2,100 /mo",EW5 Bedok MRT Station,0.54 km
13,Luxurious Condo At Best Location @ Bedok MRT,Fully Furnished Condominium,1216 sqft ,Bedok, S$ 3.21 psf,3,3,"S$ 3,900 /mo",EW5 Bedok MRT Station,0.02 km
14,Bedok Residences,Fully Furnished Condominium,1216 sqft ,16 Bedok North Drive, S$ 3.33 psf,3,3,"S$ 4,050 /mo",EW5 Bedok MRT Station,0.26 km
15,138 Bedok North Street 2,Fully Furnished HDB Apartment,1145 sqft ,138 Bedok North Street 2, Ready to move,2,2,"S$ 1,800 /mo",EW5 Bedok MRT Station,0.88 km
16,517 Bedok North Avenue 2,Partially Furnished HDB Apartment,990 sqft ,517 Bedok North Avenue 2, S$ 2.42 psf,3,2,"S$ 2,400 /mo",EW5 Bedok MRT Station,0.75 km
17,Bedok Residences,Fully Furnished Condominium,1216 sqft ,24 Bedok North Drive, Ready to move,3,3,"S$ 4,388 /mo",EW5 Bedok MRT Station,0.26 km
18,Bedok Residences,Partially Furnished Condominium,1109 sqft ,24 Bedok North Drive, Ready to move,2,2,"S$ 3,500 /mo",EW5 Bedok MRT Station,0.26 km
19,Jalan Bangsawan,Terraced House,"2500 sqft, 1700 sqft (land) ",Jalan Bangsawan, Ready to move,5,4,"S$ 4,999 /mo",EW5 Bedok MRT Station,0.82 km
0,6 Bedok South Avenue 2,Fully Furnished HDB Apartment,129 sqft ,6 Bedok South Avenue 2, S$ 4.26 psf,Room,0,S$ 550 /mo,EW5 Bedok MRT Station,0.57 km
1,4 Bedok South Avenue 1,Fully Furnished HDB Apartment,753 sqft ,4 Bedok South Avenue 1, S$ 2.39 psf,Room,0,"S$ 1,800 /mo",EW5 Bedok MRT Station,0.39 km
2,41 Chai Chee Street,Fully Furnished HDB Apartment,180 sqft ,41 Chai Chee Street, Ready to move,Room,0,S$ 600 /mo,EW5 Bedok MRT Station,0.58 km
3,201 Bedok North Street 1,Fully Furnished HDB Apartment,120 sqft ,201 Bedok North Street 1, Ready to move,Room,0,S$ 800 /mo,EW5 Bedok MRT Station,0.38 km
4,219C Bedok Central,Partially Furnished HDB Apartment,1238 sqft ,219C Bedok Central, Available from 20 Apr,3,2,"S$ 3,000 /mo",EW5 Bedok MRT Station,0.35 km
5,2 Bedok South Avenue 1,Fully Furnished HDB Apartment,200 sqft ,2 Bedok South Avenue 1, S$ 3.75 psf,Room,0,S$ 750 /mo,EW5 Bedok MRT Station,0.47 km
6,Bedok Residences,Fully Furnished Condominium,1109 sqft ,24 Bedok North Drive, Ready to move,3,3,"S$ 4,100 /mo",EW5 Bedok MRT Station,0.26 km
7,Casafina,Fully Furnished Condominium,1378 sqft ,211 Bedok South Ave 1, Ready to move,3,2,"S$ 3,600 /mo",EW5 Bedok MRT Station,0.96 km
8,Bedok Residences,Partially Furnished Condominium,592 sqft ,24 Bedok North Drive, Available from 31 May,1,1,"S$ 2,700 /mo",EW5 Bedok MRT Station,0.26 km
9,Opera Estate,Partially Furnished Semi-Detached House,"3058 sqft, 3058 sqft (land) ",20 Aida Street, Available from 15 May,5,5,"S$ 6,000 /mo",EW5 Bedok MRT Station,0.60 km
10,539 Bedok North Street 3,Fully Furnished HDB Apartment,721 sqft ,539 Bedok North Street 3, S$ 2.77 psf,2,2,"S$ 2,000 /mo",EW5 Bedok MRT Station,0.98 km
11,Casafina,Fully Furnished Condominium,1378 sqft ,213 Bedok South Ave 1, Ready to move,3,2,"S$ 3,600 /mo",EW5 Bedok MRT Station,0.96 km
12,Bedok Residences,Fully Furnished Condominium,936 sqft ,26 Bedok North Drive, Ready to move,2,2,"S$ 3,488 /mo",EW5 Bedok MRT Station,0.26 km
13,Bedok Residences,Fully Furnished Condominium,1291 sqft ,24 Bedok North Drive, Available from 25 May,3,2,"S$ 4,000 /mo",EW5 Bedok MRT Station,0.26 km
14,Bedok Residences,Fully Furnished Condominium,592 sqft ,24 Bedok North Drive, Available from 31 May,1,1,"S$ 2,700 /mo",EW5 Bedok MRT Station,0.26 km
15,201 Bedok North Street 1,Fully Furnished HDB Apartment,785 sqft ,201 Bedok North Street 1, Ready to move,3,2,"S$ 2,100 /mo",EW5 Bedok MRT Station,0.38 km
16,4 Bedok South Avenue 1,Fully Furnished HDB Apartment,800 sqft ,4 Bedok South Avenue 1, S$ 1.94 psf,2,1,"S$ 1,550 /mo",EW5 Bedok MRT Station,0.39 km
17,426 Bedok North Road,Fully Furnished HDB Apartment,300 sqft ,426 Bedok North Road, Ready to move,Room,0,"S$ 1,000 /mo",EW5 Bedok MRT Station,0.67 km
18,221C Bedok Central,Fully Furnished HDB Apartment,1044 sqft ,221C Bedok Central, Available from 1 Jun,3,2,"S$ 2,500 /mo",EW5 Bedok MRT Station,0.44 km
19,Bedok Residences,Partially Furnished Condominium,592 sqft ,24 Bedok North Drive, Available from 25 Apr,2,1,"S$ 2,800 /mo",EW5 Bedok MRT Station,0.26 km
0,503 Bedok North Street 3,HDB Apartment,600 sqft ,503 Bedok North Street 3, Ready to move,1,1,"S$ 1,300 /mo",EW5 Bedok MRT Station,0.87 km
1,Bedok Residences,Condominium,527 sqft ,24 Bedok North Drive, Ready to move,1,1,"S$ 2,700 /mo",EW5 Bedok MRT Station,0.26 km
2,Bedok Residences,Partially Furnished Condominium,1206 sqft ,24 Bedok North Drive, Ready to move,3,2,"S$ 4,300 /mo",EW5 Bedok MRT Station,0.26 km
3,Bedok Residences,Partially Furnished Condominium,689 sqft ,24 Bedok North Drive, Ready to move,2,1,"S$ 2,800 /mo",EW5 Bedok MRT Station,0.26 km
4,Bedok Residences,Fully Furnished Condominium,1216 sqft ,24 Bedok North Drive, S$ 3.61 psf,3,3,"S$ 4,388 /mo",EW5 Bedok MRT Station,0.26 km
5,Bedok Residences,Partially Furnished Condominium,517 sqft ,24 Bedok North Drive, Ready to move,1,1,"S$ 2,500 /mo",EW5 Bedok MRT Station,0.26 km
6,Bedok Residences,Fully Furnished Condominium,690 sqft ,24 Bedok North Drive, Ready to move,2,1,"S$ 2,800 /mo",EW5 Bedok MRT Station,0.26 km
7,425 Bedok North Road,HDB Apartment,721 sqft ,425 Bedok North Road, Ready to move,2,2,"S$ 2,000 /mo",EW5 Bedok MRT Station,0.62 km
8,Bedok Residences,Condominium,603 sqft ,24 Bedok North Drive, Ready to move,2,1,"S$ 2,600 /mo",EW5 Bedok MRT Station,0.26 km
9,Bedok Residences,Condominium,603 sqft ,24 Bedok North Drive, Ready to move,2,1,"S$ 2,600 /mo",EW5 Bedok MRT Station,0.26 km
10,Bedok Residences,Condominium,883 sqft ,24 Bedok North Drive, Ready to move,2,2,"S$ 3,100 /mo",EW5 Bedok MRT Station,0.26 km
11,Bedok Residences,Condominium,883 sqft ,24 Bedok North Drive, Ready to move,2,2,"S$ 3,100 /mo",EW5 Bedok MRT Station,0.26 km
12,Bedok Residences,Partially Furnished Condominium,872 sqft ,16 Bedok North Drive, Ready to move,2,2,"S$ 3,100 /mo",EW5 Bedok MRT Station,0.26 km
13,Bedok Residences,Fully Furnished Condominium,527 sqft ,24 Bedok North Drive, Available from 5 May,1,1,"S$ 2,500 /mo",EW5 Bedok MRT Station,0.26 km
14,Bedok Residences,Partially Furnished Condominium,592 sqft ,24 Bedok North Drive, Available from 12 May,1,1,"S$ 2,800 /mo",EW5 Bedok MRT Station,0.26 km
15,420 Bedok North Street 1,Partially Furnished HDB Apartment,731 sqft ,420 Bedok North Street 1, Ready to move,2,2,"S$ 2,000 /mo",EW5 Bedok MRT Station,0.45 km
16,204 Bedok North Street 1,Fully Furnished HDB Apartment,732 sqft ,204 Bedok North Street 1, Ready to move,2,2,"S$ 2,000 /mo",EW5 Bedok MRT Station,0.26 km
17,23 Bedok South Avenue 1,Fully Furnished HDB Apartment,100 sqft ,23 Bedok South Avenue 1, S$ 7.00 psf,Room,0,S$ 700 /mo,EW5 Bedok MRT Station,0.30 km
18,Bedok Residences,Fully Furnished Condominium,1216 sqft ,24 Bedok North Drive, Ready to move,3,2,"S$ 4,388 /mo",EW5 Bedok MRT Station,0.26 km
19,547 Bedok North Street 3,HDB Apartment,300 sqft ,547 Bedok North Street 3, Ready to move,Room,0,S$ 550 /mo,EW5 Bedok MRT Station,0.88 km
0,425 Bedok North Road,HDB Apartment,300 sqft ,425 Bedok North Road, Ready to move,Room,0,S$ 800 /mo,EW5 Bedok MRT Station,0.62 km
1,424 Bedok North Avenue 1,HDB Apartment,300 sqft ,424 Bedok North Avenue 1, Ready to move,Room,0,S$ 700 /mo,EW5 Bedok MRT Station,0.60 km
2,Bedok Residences,Partially Furnished Condominium,883 sqft ,24 Bedok North Drive, Ready to move,2,2,"S$ 3,200 /mo",EW5 Bedok MRT Station,0.26 km
3,29 New Upper Changi Road,Fully Furnished HDB Apartment,65 sqft ,29 New Upper Changi Road, Ready to move,Room,0,S$ 420 /mo,EW5 Bedok MRT Station,0.65 km
4,502 Bedok North Street 3,Fully Furnished HDB Apartment,150 sqft ,502 Bedok North Street 3, S$ 3.33 psf,Room,0,S$ 500 /mo,EW5 Bedok MRT Station,0.80 km
5,Bedok Residences,Fully Furnished Condominium,517 sqft ,22 Bedok North Drive, Available from 1 May,1,1,"S$ 2,300 /mo",EW5 Bedok MRT Station,0.26 km
6,Casafina,Fully Furnished Condominium,1378 sqft ,211 Bedok South Ave 1, Ready to move,3,2,"S$ 3,600 /mo",EW5 Bedok MRT Station,0.96 km
7,218 Bedok North Street 1,Fully Furnished HDB Apartment,150 sqft ,218 Bedok North Street 1, Ready to move,Room,0,S$ 650 /mo,EW5 Bedok MRT Station,0.63 km
8,404 Bedok North Avenue 3,Fully Furnished HDB Apartment,800 sqft ,404 Bedok North Avenue 3, S$ 2.00 psf,2,2,"S$ 1,600 /mo",EW5 Bedok MRT Station,0.74 km
9,Bedok Residences,Fully Furnished Condominium,517 sqft ,24 Bedok North Drive, S$ 5.03 psf,1,1,"S$ 2,600 /mo",EW5 Bedok MRT Station,0.26 km
10,522 Bedok North Avenue 1,Partially Furnished HDB Apartment,124 sqft ,522 Bedok North Avenue 1, Ready to move,Room,0,S$ 680 /mo,EW5 Bedok MRT Station,0.82 km
11,36 Bedok South Avenue 2,Fully Furnished HDB Apartment,950 sqft ,36 Bedok South Avenue 2, Ready to move,3,1,"S$ 2,100 /mo",EW5 Bedok MRT Station,0.92 km
12,Park East,Partially Furnished Condominium,900 sqft ,73 Jalan Tua Kong, Ready to move,2,2,"S$ 2,300 /mo",EW5 Bedok MRT Station,0.91 km
13,424 Bedok North Avenue 1,HDB Apartment,350 sqft ,424 Bedok North Avenue 1, Ready to move,Room,0,S$ 900 /mo,EW5 Bedok MRT Station,0.60 km
14,20 Bedok South Road,Partially Furnished HDB Apartment,1258 sqft ,20 Bedok South Road, Ready to move,3,2,"S$ 2,500 /mo",EW5 Bedok MRT Station,0.60 km
15,Bedok Residences,Fully Furnished Condominium,1206 sqft ,24 Bedok North Drive, Ready to move,3,2,"S$ 4,200 /mo",EW5 Bedok MRT Station,0.26 km
16,522 Bedok North Avenue 1,Fully Furnished HDB Apartment,150 sqft ,522 Bedok North Avenue 1, Available from 25 Apr,Room,0,S$ 550 /mo,EW5 Bedok MRT Station,0.82 km
17,36 Bedok South Avenue 2,Fully Furnished HDB Apartment,904 sqft ,36 Bedok South Avenue 2, Ready to move,3,2,"S$ 2,400 /mo",EW5 Bedok MRT Station,0.92 km
18,Bedok Residences,Partially Furnished Condominium,1216 sqft ,24 Bedok North Drive, Ready to move,3,2,"S$ 4,388 /mo",EW5 Bedok MRT Station,0.26 km
19,112 Bedok North Road,Fully Furnished HDB Apartment,1259 sqft ,112 Bedok North Road, Ready to move,3,2,"S$ 2,400 /mo",EW5 Bedok MRT Station,0.97 km
0,214 Bedok North Street 1,HDB Apartment,680 sqft ,214 Bedok North Street 1, Ready to move,2,2,"S$ 1,500 /mo",EW5 Bedok MRT Station,0.29 km
1,510 Bedok North Street 3,HDB Apartment,680 sqft ,510 Bedok North Street 3, S$ 2.06 psf,2,2,"S$ 1,400 /mo",EW5 Bedok MRT Station,0.91 km
2,Park East,Condominium,893 sqft ,77 Jalan Tua Kong, S$ 2.58 psf,2,2,"S$ 2,300 /mo",EW5 Bedok MRT Station,0.91 km
3,Casafina,Fully Furnished Condominium,1380 sqft ,211 Bedok South Ave 1, Ready to move,3,2,"S$ 3,600 /mo",EW5 Bedok MRT Station,0.96 km
4,32 Chai Chee Avenue,Fully Furnished HDB Apartment,600 sqft ,32 Chai Chee Avenue, Available from 7 May,2,2,"S$ 1,900 /mo",EW5 Bedok MRT Station,0.57 km
5,Bedok Residences,Fully Furnished Condominium,592 sqft ,24 Bedok North Drive, Ready to move,1,1,"S$ 2,550 /mo",EW5 Bedok MRT Station,0.26 km
6,36 Bedok South Avenue 2,Partially Furnished HDB Apartment,904 sqft ,36 Bedok South Avenue 2, Ready to move,3,1,"S$ 2,000 /mo",EW5 Bedok MRT Station,0.92 km
7,138 Bedok North Street 2,Fully Furnished HDB Apartment,200 sqft ,138 Bedok North Street 2, Ready to move,Room,0,S$ 900 /mo,EW5 Bedok MRT Station,0.88 km
8,1 Bedok South Avenue 1,Partially Furnished HDB Apartment,721 sqft ,1 Bedok South Avenue 1, Ready to move,2,2,"S$ 1,700 /mo",EW5 Bedok MRT Station,0.52 km
9,35 Chai Chee Avenue,Fully Furnished HDB Apartment,800 sqft ,35 Chai Chee Avenue, Ready to move,2,1,"S$ 1,550 /mo",EW5 Bedok MRT Station,0.43 km
10,29 New Upper Changi Road,Fully Furnished HDB Apartment,200 sqft ,29 New Upper Changi Road, Ready to move,1,1,S$ 700 /mo,EW5 Bedok MRT Station,0.65 km
11,9 Bedok South Avenue 2,Fully Furnished HDB Apartment,200 sqft ,9 Bedok South Avenue 2, S$ 3.50 psf,1,2,S$ 700 /mo,EW5 Bedok MRT Station,0.74 km
12,521 Bedok North Avenue 1,Fully Furnished HDB Apartment,200 sqft ,521 Bedok North Avenue 1, Ready to move,Room,0,S$ 800 /mo,EW5 Bedok MRT Station,0.78 km
13,133 Bedok North Avenue 3,Fully Furnished HDB Apartment,990 sqft ,133 Bedok North Avenue 3, Ready to move,3,2,"S$ 2,400 /mo",EW5 Bedok MRT Station,0.71 km
14,Bedok Residences,Fully Furnished Condominium,604 sqft ,16 Bedok North Drive, Ready to move,2,1,"S$ 2,650 /mo",EW5 Bedok MRT Station,0.26 km
15,503 Bedok North Street 3,Fully Furnished HDB Apartment,602 sqft ,503 Bedok North Street 3, Available from 15 Apr,2,1,"S$ 1,700 /mo",EW5 Bedok MRT Station,0.87 km
16,423 Bedok North Avenue 1,HDB Apartment,200 sqft ,423 Bedok North Avenue 1, Ready to move,Room,0,S$ 900 /mo,EW5 Bedok MRT Station,0.56 km
17,Bedok Residences,Fully Furnished Condominium,1109 sqft ,24 Bedok North Drive, Ready to move,3,3,"S$ 4,400 /mo",EW5 Bedok MRT Station,0.26 km
18,412 Bedok North Avenue 2,HDB Apartment,180 sqft ,412 Bedok North Avenue 2, Ready to move,Room,0,S$ 650 /mo,EW5 Bedok MRT Station,0.61 km
19,Bedok Residences,Fully Furnished Condominium,592 sqft ,24 Bedok North Drive, Ready to move,2,1,"S$ 2,700 /mo",EW5 Bedok MRT Station,0.26 km
0,Bedok Residences,Fully Furnished Condominium,936 sqft ,24 Bedok North Drive, Ready to move,2,2,"S$ 3,500 /mo",EW5 Bedok MRT Station,0.26 km
1,502 Bedok North Street 3,Fully Furnished HDB Apartment,753 sqft ,502 Bedok North Street 3, Ready to move,2,2,"S$ 1,700 /mo",EW5 Bedok MRT Station,0.80 km
2,34 Bedok South Avenue 2,Fully Furnished HDB Apartment,904 sqft ,34 Bedok South Avenue 2, Available from 15 Apr,3,2,"S$ 2,400 /mo",EW5 Bedok MRT Station,0.90 km
3,424 Bedok North Avenue 1,Fully Furnished HDB Apartment,200 sqft ,424 Bedok North Avenue 1, Ready to move,Room,0,S$ 700 /mo,EW5 Bedok MRT Station,0.60 km
4,205 Bedok North Street 1,Fully Furnished HDB Apartment,872 sqft ,205 Bedok North Street 1, Ready to move,2,1,"S$ 2,100 /mo",EW5 Bedok MRT Station,0.23 km
5,214 Bedok North Street 1,Fully Furnished HDB Apartment,721 sqft ,214 Bedok North Street 1, Ready to move,2,2,"S$ 2,100 /mo",EW5 Bedok MRT Station,0.29 km
6,7 Bedok South Avenue 2,Unfurnished HDB Apartment,883 sqft ,7 Bedok South Avenue 2, Ready to move,3,1,"S$ 2,100 /mo",EW5 Bedok MRT Station,0.58 km
7,Opera Estate,Partially Furnished Terraced House,"4100 sqft, 2800 sqft (land) ",Fidelio Street, Ready to move,5,5,"S$ 6,500 /mo",EW5 Bedok MRT Station,0.60 km
8,Bedok Residences,Fully Furnished Condominium,936 sqft ,24 Bedok North Drive, Ready to move,2,2,"S$ 3,700 /mo",EW5 Bedok MRT Station,0.26 km
9,Casafina,Partially Furnished Condominium,1378 sqft ,211 Bedok South Ave 1, Ready to move,3,2,"S$ 3,600 /mo",EW5 Bedok MRT Station,0.96 km
10,31 Bedok South Avenue 2,Fully Furnished HDB Apartment,150 sqft ,31 Bedok South Avenue 2, Ready to move,Room,0,S$ 700 /mo,EW5 Bedok MRT Station,0.88 km
11,202 Bedok North Street 1,Fully Furnished HDB Apartment,721 sqft ,202 Bedok North Street 1, S$ 2.50 psf,2,2,"S$ 1,800 /mo",EW5 Bedok MRT Station,0.39 km
12,Master Room For RENT Blk 24 Bedok North,Fully Furnished HDB Apartment,250 sqft ,24 Upper Changi Road, Ready to move,1,1,"S$ 1,000 /mo",EW5 Bedok MRT Station,0.34 km
13,14 Bedok South Avenue 2,Fully Furnished HDB Apartment,1300 sqft ,14 Bedok South Avenue 2, Ready to move,3,2,"S$ 2,500 /mo",EW5 Bedok MRT Station,0.74 km
14,127 Bedok North Street 2,Fully Furnished HDB Apartment,721 sqft ,127 Bedok North Street 2, Ready to move,2,2,"S$ 1,900 /mo",EW5 Bedok MRT Station,0.94 km
15,14 Bedok South Avenue 2,Partially Furnished HDB Apartment,1453 sqft ,14 Bedok South Avenue 2, Ready to move,4,2,"S$ 2,800 /mo",EW5 Bedok MRT Station,0.74 km
16,27 New Upper Changi Road,Fully Furnished HDB Apartment,800 sqft ,27 New Upper Changi Road, Ready to move,2,1,"S$ 1,500 /mo",EW5 Bedok MRT Station,0.49 km
17,428 Bedok North Road,Fully Furnished HDB Apartment,140 sqft ,428 Bedok North Road, Ready to move,Room,0,S$ 700 /mo,EW5 Bedok MRT Station,0.69 km
18,514 Bedok North Avenue 2,Fully Furnished HDB Apartment,495 sqft ,514 Bedok North Avenue 2, Ready to move,1,1,"S$ 1,500 /mo",EW5 Bedok MRT Station,0.94 km
19,421 Bedok North Road,Fully Furnished HDB Apartment,1000 sqft ,421 Bedok North Road, Ready to move,3,2,"S$ 2,400 /mo",EW5 Bedok MRT Station,0.52 km
0,Bedok Residences,Fully Furnished Condominium,1159 sqft ,24 Bedok North Drive, Available from 13 Apr,2,3,"S$ 2,900 /mo",EW5 Bedok MRT Station,0.26 km
1,411 Bedok North Avenue 2,Fully Furnished HDB Apartment,100 sqft ,411 Bedok North Avenue 2, Ready to move,Room,0,S$ 700 /mo,EW5 Bedok MRT Station,0.51 km
2,Casafina,Fully Furnished Condominium,1378 sqft ,211 Bedok South Ave 1, Available from 16 Apr,3,2,"S$ 3,500 /mo",EW5 Bedok MRT Station,0.96 km
3,503 Bedok North Street 3,Fully Furnished HDB Apartment,635 sqft ,503 Bedok North Street 3, Ready to move,2,1,"S$ 1,800 /mo",EW5 Bedok MRT Station,0.87 km
4,425 Bedok North Road,Partially Furnished HDB Apartment,721 sqft ,425 Bedok North Road, S$ 2.64 psf,2,2,"S$ 1,900 /mo",EW5 Bedok MRT Station,0.62 km
5,1 Bedok South Avenue 1,Fully Furnished HDB Apartment,650 sqft ,1 Bedok South Avenue 1, Ready to move,2,1,"S$ 1,800 /mo",EW5 Bedok MRT Station,0.52 km
6,37 Chai Chee Avenue,Fully Furnished HDB Apartment,150 sqft ,37 Chai Chee Avenue, Available from 19 Apr,Room,0,S$ 750 /mo,EW5 Bedok MRT Station,0.48 km
7,137 Bedok North Avenue 3,Fully Furnished HDB Apartment,100 sqft ,137 Bedok North Avenue 3, Ready to move,Room,0,S$ 700 /mo,EW5 Bedok MRT Station,0.78 km
8,43 Chai Chee Street,Fully Furnished HDB Apartment,120 sqft ,43 Chai Chee Street, Ready to move,Room,0,S$ 800 /mo,EW5 Bedok MRT Station,0.70 km
9,38 Bedok South Road,Fully Furnished HDB Apartment,474 sqft ,38 Bedok South Road, Available from 12 Apr,1,1,"S$ 1,500 /mo",EW5 Bedok MRT Station,1.00 km
10,803 Chai Chee Road,Fully Furnished HDB Apartment,100 sqft ,803 Chai Chee Road, Ready to move,Room,0,S$ 800 /mo,EW5 Bedok MRT Station,0.85 km
11,20 Bedok South Road,Fully Furnished HDB Apartment,1250 sqft ,20 Bedok South Road, Ready to move,3,2,"S$ 2,500 /mo",EW5 Bedok MRT Station,0.60 km
12,510 Bedok North Street 3,Partially Furnished HDB Apartment,750 sqft ,510 Bedok North Street 3, Ready to move,2,2,"S$ 1,600 /mo",EW5 Bedok MRT Station,0.91 km
13,138 Bedok North Street 2,Fully Furnished HDB Apartment,721 sqft ,138 Bedok North Street 2, Ready to move,2,2,"S$ 2,000 /mo",EW5 Bedok MRT Station,0.88 km
14,36 Bedok South Avenue 2,Unfurnished HDB Apartment,904 sqft ,36 Bedok South Avenue 2, Ready to move,3,1,"S$ 2,000 /mo",EW5 Bedok MRT Station,0.92 km
15,29A Chai Chee Avenue,Partially Furnished HDB Apartment,200 sqft ,29A Chai Chee Avenue, Available from 20 May,1,1,"S$ 1,100 /mo",EW5 Bedok MRT Station,0.72 km
16,220A Bedok Central,Partially Furnished HDB Apartment,753 sqft ,220A Bedok Central, Ready to move,2,2,"S$ 2,500 /mo",EW5 Bedok MRT Station,0.50 km
17,20 Bedok South Road,Fully Furnished HDB Apartment,1250 sqft ,20 Bedok South Road, Ready to move,3,2,"S$ 2,600 /mo",EW5 Bedok MRT Station,0.60 km
18,14 Bedok South Avenue 2,Fully Furnished HDB Apartment,1356 sqft ,14 Bedok South Avenue 2, Ready to move,4,2,"S$ 2,800 /mo",EW5 Bedok MRT Station,0.74 km
19,401 Bedok North Avenue 3,Unfurnished HDB Apartment,754 sqft ,401 Bedok North Avenue 3, Ready to move,2,2,"S$ 1,788 /mo",EW5 Bedok MRT Station,0.87 km
0,43 Chai Chee Street,Fully Furnished HDB Apartment,990 sqft ,43 Chai Chee Street, Available from 1 May,3,2,"S$ 2,500 /mo",EW5 Bedok MRT Station,0.70 km
1,139 Bedok North Avenue 3,Fully Furnished HDB Apartment,178 sqft ,139 Bedok North Avenue 3, Available from 16 Apr,1,1,S$ 550 /mo,EW5 Bedok MRT Station,0.83 km
2,34 Bedok South Avenue 2,Fully Furnished HDB Apartment,118 sqft ,34 Bedok South Avenue 2, Ready to move,Room,0,S$ 650 /mo,EW5 Bedok MRT Station,0.90 km
3,138 Bedok North Street 2,Fully Furnished HDB Apartment,180 sqft ,138 Bedok North Street 2, Available from 10 Apr,Room,0,S$ 900 /mo,EW5 Bedok MRT Station,0.88 km
4,413 Bedok North Avenue 2,Fully Furnished HDB Apartment,120 sqft ,413 Bedok North Avenue 2, Ready to move,Room,0,S$ 850 /mo,EW5 Bedok MRT Station,0.72 km
5,Opera Estate,Fully Furnished Apartment,1000 sqft ,Fidelio Street, Ready to move,2,2,"S$ 2,700 /mo",EW5 Bedok MRT Station,0.60 km
6,Opera Estate,Fully Furnished Apartment,1200 sqft ,Fidelio Street, Ready to move,3,2,"S$ 3,000 /mo",EW5 Bedok MRT Station,0.60 km
7,Bedok Residences,Partially Furnished Condominium,1216 sqft ,24 Bedok North Drive, Ready to move,3,3,"S$ 4,100 /mo",EW5 Bedok MRT Station,0.26 km
8,505 Bedok North Avenue 3,HDB Apartment,150 sqft ,505 Bedok North Avenue 3, Ready to move,1,1,S$ 600 /mo,EW5 Bedok MRT Station,0.93 km
9,33 Bedok South Avenue 2,Fully Furnished HDB Apartment,785 sqft ,33 Bedok South Avenue 2, Ready to move,2,2,"S$ 2,100 /mo",EW5 Bedok MRT Station,0.97 km
10,Park East,Partially Furnished Condominium,900 sqft ,69 Jalan Tua Kong, Ready to move,2,2,"S$ 2,288 /mo",EW5 Bedok MRT Station,0.91 km
11,34 Bedok South Avenue 2,HDB Apartment,969 sqft ,34 Bedok South Avenue 2, Ready to move,3,1,"S$ 2,000 /mo",EW5 Bedok MRT Station,0.90 km
12,504 Bedok North Street 3,Fully Furnished HDB Apartment,635 sqft ,504 Bedok North Street 3, Ready to move,2,1,"S$ 1,800 /mo",EW5 Bedok MRT Station,0.91 km
13,213 Bedok North Street 1,Fully Furnished HDB Apartment,721 sqft ,213 Bedok North Street 1, Available from 7 May,2,2,"S$ 2,000 /mo",EW5 Bedok MRT Station,0.37 km
14,Casafina,Partially Furnished Condominium,1378 sqft ,213 Bedok South Ave 1, Ready to move,3,2,"S$ 3,600 /mo",EW5 Bedok MRT Station,0.96 km
15,36 Bedok South Avenue 2,Fully Furnished HDB Apartment,990 sqft ,36 Bedok South Avenue 2, Ready to move,3,1,"S$ 2,100 /mo",EW5 Bedok MRT Station,0.92 km
16,553 Bedok North Avenue 1,Fully Furnished HDB Apartment,200 sqft ,553 Bedok North Avenue 1, Ready to move,Room,0,S$ 700 /mo,EW5 Bedok MRT Station,0.87 km
17,522 Bedok North Avenue 1,Fully Furnished HDB Apartment,732 sqft ,522 Bedok North Avenue 1, Available from 1 May,2,2,"S$ 1,800 /mo",EW5 Bedok MRT Station,0.82 km
18,Bedok Residences,Partially Furnished Condominium,883 sqft ,24 Bedok North Drive, Ready to move,2,2,"S$ 3,100 /mo",EW5 Bedok MRT Station,0.26 km
19,412 Bedok North Avenue 2,Fully Furnished HDB Apartment,100 sqft ,412 Bedok North Avenue 2, Available from 14 Apr,Room,0,S$ 700 /mo,EW5 Bedok MRT Station,0.61 km
0,504 Bedok North Street 3,HDB Apartment,100 sqft ,504 Bedok North Street 3, Ready to move,Room,0,S$ 650 /mo,EW5 Bedok MRT Station,0.91 km
1,Bedok Residences,Partially Furnished Condominium,1151 sqft ,24 Bedok North Drive, Ready to move,3,3,"S$ 4,500 /mo",EW5 Bedok MRT Station,0.26 km
2,205 Bedok North Street 1,Partially Furnished HDB Apartment,871 sqft ,205 Bedok North Street 1, Ready to move,2,2,"S$ 2,100 /mo",EW5 Bedok MRT Station,0.23 km
3,Bedok Residences,Fully Furnished Condominium,581 sqft ,24 Bedok North Drive, S$ 4.99 psf,1,1,"S$ 2,900 /mo",EW5 Bedok MRT Station,0.26 km
4,214 Bedok North Street 1,Fully Furnished HDB Apartment,732 sqft ,214 Bedok North Street 1, Available from 1 May,2,2,"S$ 2,200 /mo",EW5 Bedok MRT Station,0.29 km
5,Bedok Residences,Condominium,180 sqft ,24 Bedok North Drive, Ready to move,Room,0,"S$ 1,000 /mo",EW5 Bedok MRT Station,0.26 km
6,20 Bedok South Road,HDB Apartment,1280 sqft ,20 Bedok South Road, Ready to move,3,2,"S$ 2,400 /mo",EW5 Bedok MRT Station,0.60 km
7,Opera Estate,Partially Furnished Terraced House,"2400 sqft, 1396 sqft (land) ",Fidelio Street, Ready to move,4,2,"S$ 4,100 /mo",EW5 Bedok MRT Station,0.60 km
8,549 Bedok North Avenue 1,Fully Furnished HDB Apartment,896 sqft ,549 Bedok North Avenue 1, Ready to move,2,2,"S$ 1,760 /mo",EW5 Bedok MRT Station,0.93 km
9,22 Bedok South Avenue 1,Fully Furnished HDB Apartment,786 sqft ,22 Bedok South Avenue 1, Ready to move,2,2,"S$ 2,100 /mo",EW5 Bedok MRT Station,0.32 km
10,402 Bedok North Avenue 3,Fully Furnished HDB Apartment,90 sqft ,402 Bedok North Avenue 3, S$ 8.33 psf,Room,0,S$ 750 /mo,EW5 Bedok MRT Station,0.83 km
11,Bedok Residences,Fully Furnished Condominium,872 sqft ,24 Bedok North Drive, Ready to move,2,2,"S$ 3,100 /mo",EW5 Bedok MRT Station,0.26 km
12,Casafina,Fully Furnished Condominium,1378 sqft ,211 Bedok South Ave 1, Ready to move,3,2,"S$ 3,300 /mo",EW5 Bedok MRT Station,0.96 km
13,Bedok Residences,Fully Furnished Condominium,592 sqft ,28 Bedok North Drive, Ready to move,1,1,"S$ 2,700 /mo",EW5 Bedok MRT Station,0.26 km
14,221B Bedok Central,Fully Furnished HDB Apartment,150 sqft ,221B Bedok Central, Ready to move,Room,0,S$ 800 /mo,EW5 Bedok MRT Station,0.48 km
15,Block 807C Chai Chee Road,Fully Furnished HDB Apartment,93 sqft ,807C Chai Chee, S$ 8.60 psf,Room,0,S$ 800 /mo,EW5 Bedok MRT Station,0.85 km
16,213 Bedok North Street 1,Fully Furnished HDB Apartment,100 sqft ,213 Bedok North Street 1, Ready to move,Room,0,"S$ 1,150 /mo",EW5 Bedok MRT Station,0.37 km
17,20 Bedok South Road,Fully Furnished HDB Apartment,1280 sqft ,20 Bedok South Road, Ready to move,3,2,"S$ 2,400 /mo",EW5 Bedok MRT Station,0.60 km
18,26 New Upper Changi Road,Fully Furnished HDB Apartment,700 sqft ,26 New Upper Changi Road, Ready to move,2,1,"S$ 1,800 /mo",EW5 Bedok MRT Station,0.44 km
19,410 Bedok North Avenue 2,Fully Furnished HDB Apartment,721 sqft ,410 Bedok North Avenue 2, Ready to move,2,2,"S$ 2,000 /mo",EW5 Bedok MRT Station,0.47 km
0,3 Bedok South Avenue 1,Fully Furnished HDB Apartment,635 sqft ,3 Bedok South Avenue 1, Available from 15 Apr,2,1,"S$ 1,800 /mo",EW5 Bedok MRT Station,0.41 km
1,406 Bedok North Avenue 3,HDB Apartment,1302 sqft ,406 Bedok North Avenue 3, S$ 1.92 psf,3,2,"S$ 2,500 /mo",EW5 Bedok MRT Station,0.66 km
2,807A Chai Chee Road,Fully Furnished HDB Apartment,200 sqft ,807A Chai Chee Road, Ready to move,Room,0,S$ 650 /mo,EW5 Bedok MRT Station,0.85 km
3,Bedok Residences,Partially Furnished Condominium,883 sqft ,24 Bedok North Drive, Ready to move,2,2,"S$ 3,300 /mo",EW5 Bedok MRT Station,0.26 km
4,218 Bedok North Street 1,Fully Furnished HDB Apartment,150 sqft ,218 Bedok North Street 1, Available from 3 May,Room,0,S$ 900 /mo,EW5 Bedok MRT Station,0.63 km
5,29 New Upper Changi Road,Fully Furnished HDB Apartment,700 sqft ,29 New Upper Changi Road, Ready to move,Room,0,S$ 650 /mo,EW5 Bedok MRT Station,0.65 km
6,Bedok Residences,Fully Furnished Condominium,754 sqft ,24 Bedok North Drive, Ready to move,2,1,"S$ 3,000 /mo",EW5 Bedok MRT Station,0.26 km
7,Bedok Residences,Fully Furnished Condominium,592 sqft ,28 Bedok North Drive, Ready to move,1,1,"S$ 2,700 /mo",EW5 Bedok MRT Station,0.26 km
8,221A Bedok Central,Fully Furnished HDB Apartment,1206 sqft ,221A Bedok Central, Ready to move,3,2,"S$ 3,200 /mo",EW5 Bedok MRT Station,0.50 km
9,138 Bedok North Street 2,Fully Furnished HDB Apartment,1000 sqft ,138 Bedok North Street 2, Ready to move,2,2,"S$ 1,800 /mo",EW5 Bedok MRT Station,0.88 km
10,Bedok Residences,Fully Furnished Condominium,592 sqft ,24 Bedok North Drive, Ready to move,1,1,"S$ 2,700 /mo",EW5 Bedok MRT Station,0.26 km
11,Casafina,Fully Furnished Condominium,1378 sqft ,211 Bedok South Ave 1, Ready to move,3,2,"S$ 3,600 /mo",EW5 Bedok MRT Station,0.96 km
12,410 Bedok North Avenue 2,Fully Furnished HDB Apartment,721 sqft ,410 Bedok North Avenue 2, Ready to move,2,2,"S$ 2,000 /mo",EW5 Bedok MRT Station,0.47 km
13,Casafina,Condominium,1581 sqft ,211 Bedok South Ave 1, Ready to move,3,2,"S$ 3,000 /mo",EW5 Bedok MRT Station,0.96 km
14,129 Bedok North Street 2,Fully Furnished HDB Apartment,721 sqft ,129 Bedok North Street 2, Ready to move,2,2,"S$ 2,000 /mo",EW5 Bedok MRT Station,0.93 km
15,Opera Estate,Fully Furnished Terraced House,"150 sqft, 1632 sqft (land) ",35 Carmen Street, Ready to move,Room,0,"S$ 1,000 /mo",EW5 Bedok MRT Station,0.60 km
16,Bedok Residences,Partially Furnished Condominium,872 sqft ,16 Bedok North Drive, Ready to move,2,2,"S$ 3,100 /mo",EW5 Bedok MRT Station,0.26 km
17,805 Chai Chee Road,Fully Furnished HDB Apartment,150 sqft ,805 Chai Chee Road, Ready to move,Room,0,S$ 520 /mo,EW5 Bedok MRT Station,0.98 km
18,504 Bedok North Street 3,Partially Furnished HDB Apartment,635 sqft ,504 Bedok North Street 3, Ready to move,2,2,"S$ 1,700 /mo",EW5 Bedok MRT Station,0.91 km
19,548 Bedok North Avenue 1,Partially Furnished HDB Apartment,700 sqft ,548 Bedok North Avenue 1, Available from 15 May,2,2,"S$ 1,900 /mo",EW5 Bedok MRT Station,0.89 km
0,14 Bedok South Avenue 2,Partially Furnished HDB Apartment,1333 sqft ,14 Bedok South Avenue 2, Ready to move,4,2,"S$ 2,800 /mo",EW5 Bedok MRT Station,0.74 km
1,Bedok Residences,Fully Furnished Condominium,572 sqft ,24 Bedok North Drive, Ready to move,1,1,"S$ 2,800 /mo",EW5 Bedok MRT Station,0.26 km
2,Park East,Partially Furnished Condominium,893 sqft ,77 Jalan Tua Kong, Ready to move,2,2,"S$ 2,300 /mo",EW5 Bedok MRT Station,0.91 km
3,547 Bedok North Street 3,Fully Furnished HDB Apartment,200 sqft ,547 Bedok North Street 3, Ready to move,Room,0,S$ 799 /mo,EW5 Bedok MRT Station,0.88 km
4,418 Bedok North Avenue 2,Partially Furnished HDB Apartment,800 sqft ,418 Bedok North Avenue 2, Ready to move,2,2,"S$ 2,100 /mo",EW5 Bedok MRT Station,0.54 km
5,503 Bedok North Street 3,HDB Apartment,600 sqft ,503 Bedok North Street 3, Ready to move,2,1,"S$ 1,500 /mo",EW5 Bedok MRT Station,0.87 km
6,Bedok Residences,Partially Furnished Condominium,1119 sqft ,24 Bedok North Drive, Available from 9 Jun,3,3,"S$ 4,200 /mo",EW5 Bedok MRT Station,0.26 km
7,205 Bedok North Street 1,Fully Furnished HDB Apartment,760 sqft ,205 Bedok North Street 1, Ready to move,2,2,"S$ 2,000 /mo",EW5 Bedok MRT Station,0.23 km
8,Bedok Residences,Fully Furnished Condominium,1109 sqft ,18 Bedok North Drive, Ready to move,3,2,"S$ 4,000 /mo",EW5 Bedok MRT Station,0.26 km
9,7 Bedok South Avenue 2,Fully Furnished HDB Apartment,882 sqft ,7 Bedok South Avenue 2, Available from 1 May,3,2,"S$ 2,200 /mo",EW5 Bedok MRT Station,0.54 km
10,Casafina,Fully Furnished Condominium,1200 sqft ,213 Bedok South Ave 1, Ready to move,3,2,"S$ 3,100 /mo",EW5 Bedok MRT Station,0.96 km
11,Bedok Residences,Partially Furnished Condominium,882 sqft ,24 Bedok North Drive, Ready to move,2,2,"S$ 3,200 /mo",EW5 Bedok MRT Station,0.26 km
12,521 Bedok North Avenue 1,Partially Furnished HDB Apartment,800 sqft ,521 Bedok North Avenue 1, S$ 2.06 psf,2,2,"S$ 1,650 /mo",EW5 Bedok MRT Station,0.78 km
13,219D Bedok Central,Partially Furnished HDB Apartment,106 sqft ,219D Bedok Central, Available from 2 Jun,3,2,"S$ 2,600 /mo",EW5 Bedok MRT Station,0.37 km
14,Bedok Residences,Partially Furnished Condominium,850 sqft ,20 Bedok North Drive, S$ 3.53 psf,2,2,"S$ 3,000 /mo",EW5 Bedok MRT Station,0.26 km
15,Bedok Residences,Partially Furnished Condominium,883 sqft ,22 Bedok North Drive, Ready to move,2,2,"S$ 3,000 /mo",EW5 Bedok MRT Station,0.26 km
16,425 Bedok North Road,HDB Apartment,200 sqft ,425 Bedok North Road, Ready to move,Room,0,S$ 800 /mo,EW5 Bedok MRT Station,0.62 km
17,213 Bedok North Street 1,Fully Furnished HDB Apartment,180 sqft ,213 Bedok North Street 1, Ready to move,Room,0,S$ 800 /mo,EW5 Bedok MRT Station,0.37 km
18,Opera Estate,Fully Furnished Terraced House,150 sqft ,27 Carmen Street, Ready to move,Room,0,S$ 950 /mo,EW5 Bedok MRT Station,0.60 km
19,Park East,Partially Furnished Condominium,900 sqft ,77 Jalan Tua Kong, Ready to move,2,2,"S$ 2,300 /mo",EW5 Bedok MRT Station,0.91 km
0,808A Chai Chee Road,Fully Furnished HDB Apartment,120 sqft ,808A Chai Chee Road, Ready to move,Room,0,"S$ 1,500 /mo",EW5 Bedok MRT Station,0.79 km
1,Bedok Residences,Fully Furnished Condominium,883 sqft ,24 Bedok North Drive, Ready to move,2,2,"S$ 3,300 /mo",EW5 Bedok MRT Station,0.26 km
2,Blk 135 Bedok North St 2,Fully Furnished HDB Apartment,807 sqft ,Bedok North Street 2, Ready to move,2,2,"S$ 1,900 /mo",EW5 Bedok MRT Station,0.84 km
3,20 Bedok South Road,Fully Furnished HDB Apartment,117 sqft ,20 Bedok South Road, Ready to move,3,2,"S$ 2,500 /mo",EW5 Bedok MRT Station,0.60 km
4,Bedok Residences,Fully Furnished Condominium,883 sqft ,18 Bedok North Drive, Ready to move,2,2,"S$ 3,200 /mo",EW5 Bedok MRT Station,0.26 km
5,Bedok Residences,Condominium,754 sqft ,24 Bedok North Drive, Ready to move,1,1,"S$ 3,100 /mo",EW5 Bedok MRT Station,0.26 km
6,Bedok Residences,Partially Furnished Condominium,527 sqft ,24 Bedok North Drive, Ready to move,1,1,"S$ 2,400 /mo",EW5 Bedok MRT Station,0.26 km
7,503 Bedok North Street 3,Partially Furnished HDB Apartment,635 sqft ,503 Bedok North Street 3, Ready to move,2,1,"S$ 1,700 /mo",EW5 Bedok MRT Station,0.87 km
8,426 Bedok North Road,Fully Furnished HDB Apartment,150 sqft ,426 Bedok North Road, S$ 5.67 psf,Room,0,S$ 850 /mo,EW5 Bedok MRT Station,0.67 km
9,539 Bedok North Street 3,Fully Furnished HDB Apartment,731 sqft ,539 Bedok North Street 3, Ready to move,2,2,"S$ 1,800 /mo",EW5 Bedok MRT Station,0.98 km
10,133 Bedok North Avenue 3,Fully Furnished HDB Apartment,990 sqft ,133 Bedok North Avenue 3, Ready to move,3,2,"S$ 2,400 /mo",EW5 Bedok MRT Station,0.71 km
11,Swan Lake Avenue,Fully Furnished Walk-up,510 sqft ,Swan Lake Avenue, S$ 4.41 psf,Studio,0,"S$ 2,250 /mo",EW5 Bedok MRT Station,0.73 km
12,424 Bedok North Avenue 1,Partially Furnished HDB Apartment,861 sqft ,424 Bedok North Avenue 1, Available from 25 Apr,2,2,"S$ 2,000 /mo",EW5 Bedok MRT Station,0.60 km
13,427 Bedok North Road,Fully Furnished HDB Apartment,100 sqft ,427 Bedok North Road, Ready to move,Room,0,S$ 500 /mo,EW5 Bedok MRT Station,0.64 km
14,34 Bedok South Avenue 2,Fully Furnished HDB Apartment,969 sqft ,34 Bedok South Avenue 2, Ready to move,4,2,"S$ 2,100 /mo",EW5 Bedok MRT Station,0.90 km
15,505 Bedok North Avenue 3,Fully Furnished HDB Apartment,1302 sqft ,505 Bedok North Avenue 3, Available from 30 Apr,2,2,"S$ 1,900 /mo",EW5 Bedok MRT Station,0.93 km
16,16 Bedok South Road,HDB Apartment,947 sqft ,16 Bedok South Road, Ready to move,3,2,"S$ 2,400 /mo",EW5 Bedok MRT Station,0.71 km
17,Opera Estate,Partially Furnished Bungalow House,"4800 sqft, 3000 sqft (land) ",Fidelio Street, Ready to move,7,5,"S$ 6,500 /mo",EW5 Bedok MRT Station,0.60 km
18,Bedok Residences,Fully Furnished Condominium,800 sqft ,16 Bedok North Drive, Ready to move,2,2,"S$ 2,900 /mo",EW5 Bedok MRT Station,0.26 km
19,33 Bedok South Avenue 2,Fully Furnished HDB Apartment,150 sqft ,33 Bedok South Avenue 2, Ready to move,Room,0,S$ 670 /mo,EW5 Bedok MRT Station,0.97 km
0,33 Bedok South Avenue 2,Fully Furnished HDB Apartment,150 sqft ,33 Bedok South Avenue 2, Ready to move,Room,0,S$ 670 /mo,EW5 Bedok MRT Station,0.97 km
1,202 Bedok North Street 1,Fully Furnished HDB Apartment,721 sqft ,202 Bedok North Street 1, Ready to move,2,2,S$ 650 /mo,EW5 Bedok MRT Station,0.39 km
2,Casafina,Fully Furnished Condominium,1281 sqft ,211 Bedok South Ave 1, Ready to move,3,3,"S$ 3,200 /mo",EW5 Bedok MRT Station,0.96 km
3,418 Bedok North Avenue 2,HDB Apartment,721 sqft ,418 Bedok North Avenue 2, Ready to move,Room,0,S$ 700 /mo,EW5 Bedok MRT Station,0.54 km
4,Bedok Residences,Partially Furnished Condominium,600 sqft ,28 Bedok North Drive, Ready to move,2,1,"S$ 2,800 /mo",EW5 Bedok MRT Station,0.26 km
5,Bedok Residences,Fully Furnished Condominium,1216 sqft ,24 Bedok North Drive, Ready to move,3,3,"S$ 4,500 /mo",EW5 Bedok MRT Station,0.26 km
6,29 New Upper Changi Road,Fully Furnished HDB Apartment,150 sqft ,29 New Upper Changi Road, S$ 4.83 psf,Room,0,S$ 725 /mo,EW5 Bedok MRT Station,0.65 km
7,23 Bedok South Avenue 1,Fully Furnished HDB Apartment,780 sqft ,23 Bedok South Avenue 1, Ready to move,2,2,"S$ 1,600 /mo",EW5 Bedok MRT Station,0.30 km
8,Bedok Residences,Partially Furnished Condominium,527 sqft ,16 Bedok North Drive, Ready to move,1,1,"S$ 2,400 /mo",EW5 Bedok MRT Station,0.26 km
9,Casafina,Partially Furnished Condominium,1378 sqft ,211 Bedok South Ave 1, Ready to move,3,2,"S$ 3,600 /mo",EW5 Bedok MRT Station,0.96 km
10,803 Chai Chee Road,HDB Apartment,118 sqft ,803 Chai Chee Road, Ready to move,Room,0,S$ 650 /mo,EW5 Bedok MRT Station,0.85 km
11,Bedok Residences,Fully Furnished Condominium,936 sqft ,26 Bedok North Drive, Ready to move,2,2,"S$ 3,700 /mo",EW5 Bedok MRT Station,0.26 km
12,Casafina,Fully Furnished Condominium,1259 sqft ,215 Bedok South Ave 1, Available from 1 May,3,3,"S$ 3,700 /mo",EW5 Bedok MRT Station,0.96 km
13,506 Bedok North Avenue 3,HDB Apartment,1300 sqft ,506 Bedok North Avenue 3, Ready to move,3,3,"S$ 2,500 /mo",EW5 Bedok MRT Station,0.98 km
14,Bedok Residences,Unfurnished Condominium,1216 sqft ,16 Bedok North Drive, Ready to move,3,3,"S$ 4,050 /mo",EW5 Bedok MRT Station,0.26 km
15,Bedok Residences,Partially Furnished Condominium,689 sqft ,20 Bedok North Drive, Ready to move,2,2,"S$ 3,000 /mo",EW5 Bedok MRT Station,0.26 km
16,Swan Lake Avenue,Partially Furnished Terraced House,"1600 sqft, 860 sqft (land) ",Swan Lake Avenue, Ready to move,4,2,"S$ 3,500 /mo",EW5 Bedok MRT Station,0.68 km
17,522 Bedok North Avenue 1,Partially Furnished HDB Apartment,124 sqft ,522 Bedok North Avenue 1, Ready to move,Room,0,"S$ 1,300 /mo",EW5 Bedok MRT Station,0.82 km
18,401 Bedok North Avenue 3,Fully Furnished HDB Apartment,721 sqft ,401 Bedok North Avenue 3, Available from 1 May,2,2,"S$ 1,850 /mo",EW5 Bedok MRT Station,0.87 km
19,SEMI D @ WOO MON CHEW,Partially Furnished Semi-Detached House,"4000 sqft, 3500 sqft (land) ",WOO MON CHEW, Ready to move,5,4,"S$ 7,300 /mo",EW5 Bedok MRT Station,0.80 km
0,6 Bedok South Avenue 2,Fully Furnished HDB Apartment,883 sqft ,6 Bedok South Avenue 2, Ready to move,3,1,"S$ 2,000 /mo",EW5 Bedok MRT Station,0.57 km
1,416 Bedok North Avenue 2,HDB Apartment,650 sqft ,416 Bedok North Avenue 2, Available from 15 May,2,2,"S$ 1,700 /mo",EW5 Bedok MRT Station,0.48 km
2,Bedok Residences,Fully Furnished Apartment,1216 sqft ,24 Bedok North Drive, S$ 3.61 psf,3,2,"S$ 4,388 /mo",EW5 Bedok MRT Station,0.26 km
3,Bk1/34/138/50x/241/539/12x BEDOK/TAMPINE ($1500/$1900),Fully Furnished HDB Apartment,67 sqft ,112 Bedok North Ave 3, Ready to move,2,2,"S$ 1,500 /mo",EW5 Bedok MRT Station,0.50 km
4,Swan Lake Avenue,Fully Furnished Walk-up,2000 sqft ,Swan Lake Avenue, Ready to move,1,1,"S$ 3,900 /mo",EW5 Bedok MRT Station,0.68 km
5,Bedok Residences,Condominium,1475 sqft ,24 Bedok North Drive, Ready to move,4,3,"S$ 4,800 /mo",EW5 Bedok MRT Station,0.26 km
6,Casafina,Fully Furnished Condominium,1200 sqft ,211 Bedok South Ave 1, Ready to move,3,3,"S$ 3,000 /mo",EW5 Bedok MRT Station,0.96 km
7,510 Bedok North Street 3,HDB Apartment,721 sqft ,510 Bedok North Street 3, Ready to move,2,2,"S$ 1,850 /mo",EW5 Bedok MRT Station,0.91 km
8,205 Bedok North Street 1,Partially Furnished HDB Apartment,871 sqft ,205 Bedok North Street 1, Ready to move,2,2,"S$ 2,000 /mo",EW5 Bedok MRT Station,0.23 km
9,219A Bedok Central,Fully Furnished HDB Apartment,968 sqft ,219A Bedok Central, Ready to move,Room,0,S$ 800 /mo,EW5 Bedok MRT Station,0.36 km
10,539 Bedok North Street 3,HDB Apartment,720 sqft ,539 Bedok North Street 3, S$ 1.25 psf,Room,0,S$ 900 /mo,EW5 Bedok MRT Station,0.98 km
11,24 New Upper Changi Road,Fully Furnished HDB Apartment,100 sqft ,24 New Upper Changi Road, Ready to move,Room,0,S$ 990 /mo,EW5 Bedok MRT Station,0.32 km
12,520 Bedok North Avenue 1,Fully Furnished HDB Apartment,740 sqft ,520 Bedok North Avenue 1, Ready to move,2,2,"S$ 1,900 /mo",EW5 Bedok MRT Station,0.75 km
13,29 Chai Chee Avenue,HDB Apartment,1560 sqft ,29 Chai Chee Avenue, Available from 1 Jun,4,2,"S$ 3,100 /mo",EW5 Bedok MRT Station,0.71 km
14,138 Bedok North Street 2,Fully Furnished HDB Apartment,750 sqft ,138 Bedok North Street 2, Ready to move,2,2,"S$ 1,800 /mo",EW5 Bedok MRT Station,0.88 km
15,133 Bedok North Avenue 3,Fully Furnished HDB Apartment,150 sqft ,133 Bedok North Avenue 3, Ready to move,Room,0,S$ 750 /mo,EW5 Bedok MRT Station,0.71 km
16,520 Bedok North Avenue 1,HDB Apartment,750 sqft ,520 Bedok North Avenue 1, Ready to move,2,2,"S$ 1,900 /mo",EW5 Bedok MRT Station,0.75 km
17,510 Bedok North Street 3,HDB Apartment,780 sqft ,510 Bedok North Street 3, Ready to move,2,2,"S$ 1,700 /mo",EW5 Bedok MRT Station,0.91 km
18,410 Bedok North Avenue 2,Fully Furnished HDB Apartment,731 sqft ,410 Bedok North Avenue 2, Ready to move,2,2,"S$ 2,000 /mo",EW5 Bedok MRT Station,0.47 km
19,Bedok Residences,Fully Furnished Condominium,1216 sqft ,24 Bedok North Drive, Ready to move,3,2,"S$ 4,388 /mo",EW5 Bedok MRT Station,0.26 km
0,Casafina,Fully Furnished Condominium,1248 sqft ,211 Bedok South Ave 1, Ready to move,3,3,"S$ 3,000 /mo",EW5 Bedok MRT Station,0.96 km
1,Bedok Residences,Fully Furnished Condominium,1130 sqft ,16 Bedok North Drive, Ready to move,3,3,"S$ 3,800 /mo",EW5 Bedok MRT Station,0.26 km
2,Bedok Residences,Fully Furnished Condominium,936 sqft ,24 Bedok North Drive, Ready to move,2,2,"S$ 3,450 /mo",EW5 Bedok MRT Station,0.26 km
3,18 Bedok South Road,Fully Furnished HDB Apartment,120 sqft ,18 Bedok South Road, Ready to move,Room,0,S$ 750 /mo,EW5 Bedok MRT Station,0.63 km
4,553 Bedok North Avenue 1,Fully Furnished HDB Apartment,130 sqft ,553 Bedok North Avenue 1, Ready to move,Room,0,S$ 750 /mo,EW5 Bedok MRT Station,0.87 km
5,18 Bedok South Road,Fully Furnished HDB Apartment,200 sqft ,18 Bedok South Road, Ready to move,Room,0,S$ 650 /mo,EW5 Bedok MRT Station,0.63 km
6,30 New Upper Changi Road,Fully Furnished HDB Apartment,250 sqft ,30 New Upper Changi Road, Ready to move,Room,0,S$ 550 /mo,EW5 Bedok MRT Station,0.66 km
7,203 Bedok North Street 1,HDB Apartment,721 sqft ,203 Bedok North Street 1, Ready to move,2,2,"S$ 2,000 /mo",EW5 Bedok MRT Station,0.37 km
8,Bedok Residences,Condominium,592 sqft ,24 Bedok North Drive, Available from 5 May,1,1,"S$ 3,000 /mo",EW5 Bedok MRT Station,0.26 km
9,138 Bedok North Street 2,Fully Furnished HDB Apartment,800 sqft ,138 Bedok North Street 2, Ready to move,2,2,"S$ 1,800 /mo",EW5 Bedok MRT Station,0.88 km
10,34 Bedok South Avenue 2,Partially Furnished HDB Apartment,904 sqft ,34 Bedok South Avenue 2, Ready to move,3,1,"S$ 2,000 /mo",EW5 Bedok MRT Station,0.90 km
11,502 Bedok North Street 3,Partially Furnished HDB Apartment,690 sqft ,502 Bedok North Street 3, S$ 2.54 psf,2,2,"S$ 1,750 /mo",EW5 Bedok MRT Station,0.80 km
12,24 New Upper Changi Road,Fully Furnished HDB Apartment,1000 sqft ,24 New Upper Changi Road, Ready to move,Room,0,S$ 950 /mo,EW5 Bedok MRT Station,0.32 km
13,Figaro Street,Partially Furnished Semi-Detached House,"3800 sqft, 2800 sqft (land) ",Figaro Street, S$ 2.86 psf,5,5,"S$ 8,000 /mo",EW5 Bedok MRT Station,0.94 km
14,30 New Upper Changi Road,HDB Apartment,700 sqft ,30 New Upper Changi Road, Available from 1 May,2,2,"S$ 1,900 /mo",EW5 Bedok MRT Station,0.66 km
15,Bedok Residences,Fully Furnished Condominium,1507 sqft ,24 Bedok North Drive, Ready to move,4,3,"S$ 4,900 /mo",EW5 Bedok MRT Station,0.26 km
16,Bedok Residences,Fully Furnished Condominium,1109 sqft ,24 Bedok North Drive, Ready to move,3,2,"S$ 3,800 /mo",EW5 Bedok MRT Station,0.26 km
17,4 Bedok South Avenue 1,Fully Furnished HDB Apartment,129 sqft ,4 Bedok South Avenue 1, Available from 16 Apr,Room,0,S$ 550 /mo,EW5 Bedok MRT Station,0.39 km
18,131 Bedok North Avenue 3,Fully Furnished HDB Apartment,161 sqft ,131 Bedok North Avenue 3, Ready to move,Room,0,S$ 550 /mo,EW5 Bedok MRT Station,0.68 km
19,14 Bedok South Avenue 2,Partially Furnished HDB Apartment,1421 sqft ,14 Bedok South Avenue 2, Ready to move,4,2,"S$ 2,800 /mo",EW5 Bedok MRT Station,0.74 km
0,Bedok Residences,Partially Furnished Condominium,882 sqft ,20 Bedok North Drive, Ready to move,2,2,"S$ 3,000 /mo",EW5 Bedok MRT Station,0.26 km
1,3 Bedok South Avenue 1,Fully Furnished HDB Apartment,60 sqft ,3 Bedok South Avenue 1, Ready to move,Room,0,S$ 800 /mo,EW5 Bedok MRT Station,0.41 km
2,Opera Estate,Partially Furnished Terraced House,"1600 sqft, 1800 sqft (land) ",Fidelio Street, Ready to move,3,2,"S$ 2,800 /mo",EW5 Bedok MRT Station,0.60 km
3,20 Chai Chee Road,Fully Furnished HDB Apartment,699 sqft ,20 Chai Chee Road, Available from 27 Apr,2,2,"S$ 1,750 /mo",EW5 Bedok MRT Station,0.85 km
4,Bedok Residences,Partially Furnished Condominium,883 sqft ,24 Bedok North Drive, Ready to move,2,2,"S$ 3,300 /mo",EW5 Bedok MRT Station,0.26 km
5,Bedok Residences,Fully Furnished Condominium,883 sqft ,22 Bedok North Drive, Ready to move,2,2,"S$ 3,200 /mo",EW5 Bedok MRT Station,0.26 km
6,138 Bedok North Street 2,HDB Apartment,990 sqft ,138 Bedok North Street 2, Ready to move,2,2,"S$ 1,800 /mo",EW5 Bedok MRT Station,0.88 km
7,416 Bedok North Avenue 2,Fully Furnished HDB Apartment,670 sqft ,416 Bedok North Avenue 2, Available from 26 May,2,2,"S$ 1,900 /mo",EW5 Bedok MRT Station,0.48 km
8,Bedok Residences,Fully Furnished Condominium,1216 sqft ,24 Bedok North Drive, Ready to move,3,2,"S$ 4,388 /mo",EW5 Bedok MRT Station,0.26 km
9,202 Bedok North Street 1,HDB Apartment,721 sqft ,202 Bedok North Street 1, Ready to move,Room,0,S$ 800 /mo,EW5 Bedok MRT Station,0.39 km
10,21 Chai Chee Road,Partially Furnished HDB Apartment,750 sqft ,21 Chai Chee Road, Ready to move,2,1,"S$ 1,800 /mo",EW5 Bedok MRT Station,0.88 km
11,Bedok Residences,Fully Furnished Condominium,592 sqft ,24 Bedok North Drive, Ready to move,1,1,"S$ 2,600 /mo",EW5 Bedok MRT Station,0.26 km
12,FIDELIO STREET,Fully Furnished Apartment,1200 sqft ,Fidelio Street 41, S$ 2.33 psf,3,2,"S$ 2,800 /mo",EW5 Bedok MRT Station,0.81 km
13,Bedok Residences,Fully Furnished Condominium,581 sqft ,26 Bedok North Drive, Ready to move,1,1,"S$ 2,600 /mo",EW5 Bedok MRT Station,0.26 km
14,14 Bedok South Avenue 2,Partially Furnished HDB Apartment,1356 sqft ,14 Bedok South Avenue 2, Ready to move,4,2,"S$ 2,750 /mo",EW5 Bedok MRT Station,0.74 km
15,Bedok Residences,Fully Furnished Condominium,936 sqft ,24 Bedok North Drive, Ready to move,2,2,"S$ 3,600 /mo",EW5 Bedok MRT Station,0.26 km
16,409 Bedok North Avenue 2,Fully Furnished HDB Apartment,129 sqft ,409 Bedok North Avenue 2, Ready to move,Room,0,S$ 550 /mo,EW5 Bedok MRT Station,0.55 km
17,412 Bedok North Avenue 2,Fully Furnished HDB Apartment,150 sqft ,412 Bedok North Avenue 2, Ready to move,Room,0,S$ 750 /mo,EW5 Bedok MRT Station,0.61 km
18,Casafina,Partially Furnished Condominium,1378 sqft ,211 Bedok South Ave 1, Ready to move,3,2,"S$ 3,600 /mo",EW5 Bedok MRT Station,0.96 km
19,Bedok Residences,Fully Furnished Condominium,764 sqft ,24 Bedok North Drive, Ready to move,2,2,"S$ 3,100 /mo",EW5 Bedok MRT Station,0.26 km
0,416 Bedok North Avenue 2,Fully Furnished HDB Apartment,721 sqft ,416 Bedok North Avenue 2, Ready to move,Room,0,S$ 750 /mo,EW5 Bedok MRT Station,0.48 km
1,Inter Terraced House,Partially Furnished Terraced House,"2000 sqft, 1393 sqft (land) ",Opera Estate, Ready to move,4,3,"S$ 4,000 /mo",EW5 Bedok MRT Station,0.64 km
2,Casafina,Fully Furnished Condominium,1580 sqft ,213 Bedok South Ave 1, Ready to move,3,3,"S$ 3,000 /mo",EW5 Bedok MRT Station,0.96 km
3,Bedok Residences,Partially Furnished Condominium,1098 sqft ,24 Bedok North Drive, Ready to move,3,2,"S$ 3,500 /mo",EW5 Bedok MRT Station,0.26 km
4,27 Chai Chee Road,Fully Furnished HDB Apartment,250 sqft ,27 Chai Chee Road, Ready to move,2,1,"S$ 1,500 /mo",EW5 Bedok MRT Station,0.77 km
5,Casafina,Fully Furnished Condominium,1378 sqft ,211 Bedok South Ave 1, Ready to move,3,2,"S$ 3,400 /mo",EW5 Bedok MRT Station,0.96 km
6,Casafina,Fully Furnished Condominium,1281 sqft ,211 Bedok South Ave 1, Ready to move,3,3,"S$ 3,000 /mo",EW5 Bedok MRT Station,0.96 km
7,28 New Upper Changi Road,Fully Furnished HDB Apartment,700 sqft ,28 New Upper Changi Road, Ready to move,2,1,"S$ 1,900 /mo",EW5 Bedok MRT Station,0.50 km
8,Bedok Residences,Partially Furnished Condominium,850 sqft ,24 Bedok North Drive, Ready to move,2,2,"S$ 3,500 /mo",EW5 Bedok MRT Station,0.26 km
9,18 Bedok South Road,Fully Furnished HDB Apartment,699 sqft ,18 Bedok South Road, Ready to move,2,1,"S$ 1,800 /mo",EW5 Bedok MRT Station,0.63 km
10,522 Bedok North Avenue 1,Fully Furnished HDB Apartment,721 sqft ,522 Bedok North Avenue 1, Available from 1 Jun,2,2,"S$ 1,680 /mo",EW5 Bedok MRT Station,0.82 km
11,Park East,Partially Furnished Condominium,1756 sqft ,71 Jalan Tua Kong, Ready to move,3,3,"S$ 4,200 /mo",EW5 Bedok MRT Station,0.91 km
12,Casafina,Fully Furnished Condominium,1378 sqft ,213 Bedok South Ave 1, Ready to move,3,2,"S$ 3,588 /mo",EW5 Bedok MRT Station,0.96 km
13,Bedok Residences,Condominium,1098 sqft ,24 Bedok North Drive, Ready to move,3,3,"S$ 3,800 /mo",EW5 Bedok MRT Station,0.26 km
14,Opera Estate,Fully Furnished Terraced House,"150 sqft, 2000 sqft (land) ",Carmen terrace, Ready to move,Room,0,"S$ 1,000 /mo",EW5 Bedok MRT Station,0.78 km
15,Bedok Residences,Fully Furnished Condominium,517 sqft ,26 Bedok North Drive, Ready to move,1,1,"S$ 2,600 /mo",EW5 Bedok MRT Station,0.26 km
16,210 New Upper Changi Road,HDB Apartment,700 sqft ,210 New Upper Changi Road, Ready to move,2,2,"S$ 1,900 /mo",EW5 Bedok MRT Station,0.18 km
17,Bedok Residences,Fully Furnished Condominium,1216 sqft ,24 Bedok North Drive, Ready to move,3,3,"S$ 4,388 /mo",EW5 Bedok MRT Station,0.26 km
18,136 Bedok North Avenue 3,Fully Furnished HDB Apartment,720 sqft ,136 Bedok North Avenue 3, Ready to move,2,2,"S$ 1,800 /mo",EW5 Bedok MRT Station,0.73 km
19,201 Bedok North Street 1,Fully Furnished HDB Apartment,200 sqft ,201 Bedok North Street 1, Ready to move,1,1,S$ 850 /mo,EW5 Bedok MRT Station,0.38 km
0,Park East,Partially Furnished Condominium,1754 sqft ,71 Jalan Tua Kong, Available from 7 May,3,3,"S$ 4,000 /mo",EW5 Bedok MRT Station,0.91 km
1,20 Bedok South Road,Fully Furnished HDB Apartment,1323 sqft ,20 Bedok South Road, Ready to move,3,2,"S$ 2,700 /mo",EW5 Bedok MRT Station,0.60 km
2,Bedok Residences,Fully Furnished Condominium,180 sqft ,24 Bedok North Drive, Ready to move,Room,0,"S$ 1,250 /mo",EW5 Bedok MRT Station,0.26 km
3,36 Bedok South Avenue 2,Fully Furnished HDB Apartment,904 sqft ,36 Bedok South Avenue 2, Ready to move,3,2,"S$ 1,900 /mo",EW5 Bedok MRT Station,0.92 km
4,Bedok Residences,Partially Furnished Condominium,936 sqft ,26 Bedok North Drive, Ready to move,2,2,"S$ 3,700 /mo",EW5 Bedok MRT Station,0.26 km
5,803 Chai Chee Road,Fully Furnished HDB Apartment,1000 sqft ,803 Chai Chee Road, Ready to move,3,2,"S$ 2,600 /mo",EW5 Bedok MRT Station,0.85 km
6,402 Bedok North Avenue 3,Fully Furnished HDB Apartment,150 sqft ,402 Bedok North Avenue 3, Ready to move,Room,0,S$ 650 /mo,EW5 Bedok MRT Station,0.83 km
7,409 Bedok North Avenue 2,Fully Furnished HDB Apartment,721 sqft ,409 Bedok North Avenue 2, Ready to move,2,2,"S$ 1,800 /mo",EW5 Bedok MRT Station,0.55 km
8,27 New Upper Changi Road,HDB Apartment,689 sqft ,27 New Upper Changi Road, Ready to move,2,1,"S$ 2,000 /mo",EW5 Bedok MRT Station,0.49 km
9,36 Chai Chee Avenue,Unfurnished HDB Apartment,600 sqft ,36 Chai Chee Avenue, Ready to move,2,2,"S$ 1,650 /mo",EW5 Bedok MRT Station,0.56 km
10,401 Bedok North Avenue 3,Fully Furnished HDB Apartment,721 sqft ,401 Bedok North Avenue 3, Available from 6 May,2,2,"S$ 1,950 /mo",EW5 Bedok MRT Station,0.87 km
11,Casafina,Partially Furnished Condominium,1378 sqft ,213 Bedok South Ave 1, Ready to move,3,2,"S$ 3,600 /mo",EW5 Bedok MRT Station,0.96 km
12,35 Chai Chee Avenue,HDB Apartment,882 sqft ,35 Chai Chee Avenue, Ready to move,3,1,"S$ 2,200 /mo",EW5 Bedok MRT Station,0.43 km
13,20 Chai Chee Road,HDB Apartment,150 sqft ,20 Chai Chee Road, Ready to move,Room,0,S$ 800 /mo,EW5 Bedok MRT Station,0.85 km
14,36 Bedok South Avenue 2,HDB Apartment,1000 sqft ,36 Bedok South Avenue 2, Ready to move,3,1,"S$ 2,500 /mo",EW5 Bedok MRT Station,0.92 km
15,138 Bedok North Street 2,HDB Apartment,100 sqft ,138 Bedok North Street 2, Ready to move,1,1,"S$ 1,800 /mo",EW5 Bedok MRT Station,0.88 km
16,27 New Upper Changi Road,Fully Furnished HDB Apartment,700 sqft ,27 New Upper Changi Road, Ready to move,2,2,"S$ 1,800 /mo",EW5 Bedok MRT Station,0.49 km
17,Bedok Residences,Partially Furnished Condominium,850 sqft ,24 Bedok North Drive, Ready to move,2,2,"S$ 3,300 /mo",EW5 Bedok MRT Station,0.26 km
18,36 Chai Chee Avenue,Unfurnished HDB Apartment,700 sqft ,36 Chai Chee Avenue, Ready to move,2,1,"S$ 1,600 /mo",EW5 Bedok MRT Station,0.56 km
19,28 New Upper Changi Road,Fully Furnished HDB Apartment,200 sqft ,28 New Upper Changi Road, Ready to move,1,1,S$ 600 /mo,EW5 Bedok MRT Station,0.50 km
0,505 Bedok North Avenue 3,Fully Furnished HDB Apartment,1280 sqft ,505 Bedok North Avenue 3, Ready to move,3,2,"S$ 2,300 /mo",EW5 Bedok MRT Station,0.93 km
1,211 New Upper Changi Road,Fully Furnished HDB Apartment,129 sqft ,211 New Upper Changi Road, Available from 16 Apr,Room,0,"S$ 1,000 /mo",EW5 Bedok MRT Station,0.23 km
2,Opera Estate,Partially Furnished Terraced House,"2600 sqft, 2600 sqft (land) ",Fidelio Street, Ready to move,4,2,"S$ 3,500 /mo",EW5 Bedok MRT Station,0.60 km
3,Bedok Residences,Partially Furnished Condominium,936 sqft ,24 Bedok North Drive, S$ 4.27 psf,2,2,"S$ 4,000 /mo",EW5 Bedok MRT Station,0.26 km
4,202 Bedok North Street 1,Partially Furnished HDB Apartment,150 sqft ,202 Bedok North Street 1, Ready to move,Room,0,S$ 800 /mo,EW5 Bedok MRT Station,0.39 km
5,553 Bedok North Avenue 1,Fully Furnished HDB Apartment,150 sqft ,553 Bedok North Avenue 1, Ready to move,Room,0,S$ 550 /mo,EW5 Bedok MRT Station,0.87 km
6,419 Bedok North Street 1,Partially Furnished HDB Apartment,200 sqft ,419 Bedok North Street 1, Ready to move,Room,0,S$ 850 /mo,EW5 Bedok MRT Station,0.42 km
7,138 Bedok North Street 2,Fully Furnished HDB Apartment,1100 sqft ,138 Bedok North Street 2, Ready to move,2,2,"S$ 1,800 /mo",EW5 Bedok MRT Station,0.88 km
8,138 Bedok North Street 2,Fully Furnished HDB Apartment,700 sqft ,138 Bedok North Street 2, Ready to move,2,2,"S$ 1,800 /mo",EW5 Bedok MRT Station,0.88 km
9,28 New Upper Changi Road,Fully Furnished HDB Apartment,700 sqft ,28 New Upper Changi Road, Ready to move,2,1,"S$ 2,000 /mo",EW5 Bedok MRT Station,0.50 km
10,29 New Upper Changi Road,Fully Furnished HDB Apartment,789 sqft ,29 New Upper Changi Road, Ready to move,2,2,"S$ 1,900 /mo",EW5 Bedok MRT Station,0.65 km
11,44 Chai Chee Street,Fully Furnished HDB Apartment,120 sqft ,44 Chai Chee Street, Ready to move,Room,0,S$ 700 /mo,EW5 Bedok MRT Station,0.76 km
12,1 Bedok South Avenue 1,Fully Furnished HDB Apartment,635 sqft ,1 Bedok South Avenue 1, Ready to move,2,2,"S$ 1,700 /mo",EW5 Bedok MRT Station,0.52 km
13,522 Bedok North Avenue 1,Fully Furnished HDB Apartment,720 sqft ,522 Bedok North Avenue 1, Ready to move,Room,0,S$ 750 /mo,EW5 Bedok MRT Station,0.82 km
14,Terang Bulan,Unfurnished Corner Terrace,"2600 sqft, 3300 sqft (land) ",Terang Bulan Avenue, Ready to move,4,3,"S$ 4,300 /mo",EW5 Bedok MRT Station,0.65 km
15,807B Chai Chee Road,Fully Furnished HDB Apartment,970 sqft ,807B Chai Chee Road, S$ 1.86 psf,2,2,"S$ 1,800 /mo",EW5 Bedok MRT Station,0.85 km
16,20 Bedok South Road,Fully Furnished HDB Apartment,1300 sqft ,20 Bedok South Road, Ready to move,3,2,"S$ 2,500 /mo",EW5 Bedok MRT Station,0.60 km
17,37 Chai Chee Avenue,Fully Furnished HDB Apartment,130 sqft ,37 Chai Chee Avenue, Ready to move,Room,0,S$ 550 /mo,EW5 Bedok MRT Station,0.48 km
18,220C Bedok Central,Fully Furnished HDB Apartment,250 sqft ,220C Bedok Central, Ready to move,Room,0,S$ 760 /mo,EW5 Bedok MRT Station,0.45 km
19,549 Bedok North Avenue 1,Fully Furnished HDB Apartment,85 sqft ,549 Bedok North Avenue 1, Ready to move,Room,0,S$ 550 /mo,EW5 Bedok MRT Station,0.93 km
0,15 Bedok South Road,Fully Furnished HDB Apartment,150 sqft ,15 Bedok South Road, Ready to move,Room,0,S$ 400 /mo,EW5 Bedok MRT Station,0.66 km
1,1 Bedok South Avenue 1,Fully Furnished HDB Apartment,200 sqft ,1 Bedok South Avenue 1, Ready to move,Room,0,S$ 750 /mo,EW5 Bedok MRT Station,0.52 km
2,136 Bedok North Avenue 3,Fully Furnished HDB Apartment,670 sqft ,136 Bedok North Avenue 3, Ready to move,2,2,"S$ 2,100 /mo",EW5 Bedok MRT Station,0.73 km
3,Bedok Residences,Partially Furnished Condominium,1110 sqft ,24 Bedok North Drive, Ready to move,2,2,"S$ 3,600 /mo",EW5 Bedok MRT Station,0.26 km
4,420 Bedok North Street 1,HDB Apartment,1120 sqft ,420 Bedok North Street 1, Ready to move,3,2,"S$ 2,400 /mo",EW5 Bedok MRT Station,0.45 km
5,504 Bedok North Street 3,Fully Furnished HDB Apartment,635 sqft ,504 Bedok North Street 3, S$ 2.76 psf,2,1,"S$ 1,750 /mo",EW5 Bedok MRT Station,0.91 km
6,Opera Estate,Fully Furnished Terraced House,"150 sqft, 1800 sqft (land) ",Fidelio Street, Ready to move,Room,0,S$ 850 /mo,EW5 Bedok MRT Station,0.60 km
7,14 Bedok South Avenue 2,Partially Furnished HDB Apartment,1334 sqft ,14 Bedok South Avenue 2, Ready to move,3,2,"S$ 2,800 /mo",EW5 Bedok MRT Station,0.74 km
8,Bedok Residences,Fully Furnished Condominium,764 sqft ,24 Bedok North Drive, Ready to move,2,2,"S$ 3,000 /mo",EW5 Bedok MRT Station,0.26 km
9,419 Bedok North Street 1,Partially Furnished HDB Apartment,1000 sqft ,419 Bedok North Street 1, Ready to move,Room,0,S$ 750 /mo,EW5 Bedok MRT Station,0.42 km
10,135 Bedok North Street 2,Fully Furnished HDB Apartment,150 sqft ,135 Bedok North Street 2, Ready to move,Room,0,S$ 700 /mo,EW5 Bedok MRT Station,0.85 km
11,40 Chai Chee Avenue,Fully Furnished HDB Apartment,700 sqft ,40 Chai Chee Avenue, Ready to move,2,1,"S$ 1,700 /mo",EW5 Bedok MRT Station,0.45 km
12,18 Bedok South Road,Fully Furnished HDB Apartment,100 sqft ,18 Bedok South Road, Ready to move,Room,0,S$ 650 /mo,EW5 Bedok MRT Station,0.63 km
13,401 Bedok North Avenue 3,Fully Furnished HDB Apartment,850 sqft ,401 Bedok North Avenue 3, S$ 2.24 psf,2,2,"S$ 1,900 /mo",EW5 Bedok MRT Station,0.87 km
14,45 Chai Chee Street,Fully Furnished HDB Apartment,731 sqft ,45 Chai Chee Street, Ready to move,2,2,"S$ 1,950 /mo",EW5 Bedok MRT Station,0.85 km
15,129 Bedok North Street 2,Fully Furnished HDB Apartment,1023 sqft ,129 Bedok North Street 2, S$ 0.83 psf,Room,0,S$ 850 /mo,EW5 Bedok MRT Station,0.93 km
16,406 Bedok North Avenue 3,Fully Furnished HDB Apartment,1270 sqft ,406 Bedok North Avenue 3, S$ 2.32 psf,3,2,"S$ 2,950 /mo",EW5 Bedok MRT Station,0.66 km
17,Casafina,Fully Furnished Condominium,1065 sqft ,215 Bedok South Ave 1, S$ 2.82 psf,2,2,"S$ 3,000 /mo",EW5 Bedok MRT Station,0.96 km
18,521 Bedok North Avenue 1,Fully Furnished HDB Apartment,78 sqft ,521 Bedok North Avenue 1, S$ 10.90 psf,Room,0,S$ 850 /mo,EW5 Bedok MRT Station,0.78 km
19,201 Bedok North Street 1,Fully Furnished HDB Apartment,789 sqft ,201 Bedok North Street 1, S$ 2.15 psf,2,2,"S$ 1,700 /mo",EW5 Bedok MRT Station,0.38 km
0,Blk 18 Bedok South,Partially Furnished HDB Apartment,699 sqft ,(within 0.62 km), S$ 2.72 psf,2,2,"S$ 1,900 /mo",EW5 Bedok MRT Station,0.62 km
1,521 Bedok North Avenue 1,Fully Furnished HDB Apartment,150 sqft ,521 Bedok North Avenue 1, S$ 6.33 psf,Room,0,S$ 950 /mo,EW5 Bedok MRT Station,0.78 km
2,18 Bedok South Road,Partially Furnished HDB Apartment,721 sqft ,18 Bedok South Road, S$ 2.64 psf,2,2,"S$ 1,900 /mo",EW5 Bedok MRT Station,0.63 km
3,Opera Estate,Fully Furnished Terraced House,"1000 sqft, 2000 sqft (land) ",Fidelio Street, S$ 1.30 psf,2,2,"S$ 2,600 /mo",EW5 Bedok MRT Station,0.60 km
4,10E Bedok South Avenue 2,HDB Apartment,150 sqft ,10E Bedok South Avenue 2, S$ 4.67 psf,Room,0,S$ 700 /mo,EW5 Bedok MRT Station,0.79 km
5,219B Bedok Central,Fully Furnished HDB Apartment,50 sqft ,219B Bedok Central, S$ 14.60 psf,Room,0,S$ 730 /mo,EW5 Bedok MRT Station,0.38 km
6,33 Chai Chee Avenue,Fully Furnished HDB Apartment,120 sqft ,33 Chai Chee Avenue, S$ 10.00 psf,Room,0,"S$ 1,200 /mo",EW5 Bedok MRT Station,0.48 km
7,415 Bedok North Avenue 2,Fully Furnished HDB Apartment,1280 sqft ,415 Bedok North Avenue 2, S$ 1.95 psf,3,2,"S$ 2,500 /mo",EW5 Bedok MRT Station,0.64 km
8,132 Bedok North Street 2,Fully Furnished HDB Apartment,100 sqft ,132 Bedok North Street 2, S$ 7.00 psf,Room,0,S$ 700 /mo,EW5 Bedok MRT Station,0.83 km
