0,Tampines Court,Fully Furnished Apartment,1700 sqft ,130 Tampines Street 11, Available from 17 Jun,3,3,"S$ 2,300 /mo",EW3 Simei MRT Station,0.76 km
1,111 Tampines Street 11,Partially Furnished HDB Apartment,1094 sqft ,111 Tampines Street 11, Ready to move,4,2,"S$ 2,400 /mo",EW3 Simei MRT Station,0.79 km
2,My Manhattan,Partially Furnished Condominium,872 sqft ,28 Simei Street 3, Ready to move,2,2,"S$ 3,200 /mo",EW3 Simei MRT Station,0.08 km
3,My Manhattan,Fully Furnished Condominium,936 sqft ,28 Simei Street 3, Ready to move,2,2,"S$ 3,488 /mo",EW3 Simei MRT Station,0.08 km
4,Eastpoint Green,Partially Furnished Condominium,1130 sqft ,3 Simei Street 3, Ready to move,3,3,"S$ 2,800 /mo",EW3 Simei MRT Station,0.50 km
5,160 Simei Road,Fully Furnished HDB Apartment,1119 sqft ,160 Simei Road, Ready to move,3,2,"S$ 2,200 /mo",EW3 Simei MRT Station,0.72 km
6,My Manhattan,Fully Furnished Condominium,441 sqft ,28 Simei Street 3, Ready to move,Studio,0,"S$ 2,000 /mo",EW3 Simei MRT Station,0.08 km
7,Eastpoint Green,Fully Furnished Condominium,1130 sqft ,1 Simei Street 3, Available from 1 May,Room,0,"S$ 1,380 /mo",EW3 Simei MRT Station,0.50 km
8,Eastpoint Green,Fully Furnished Condominium,958 sqft ,1 Simei Street 3, Ready to move,2,3,"S$ 2,400 /mo",EW3 Simei MRT Station,0.50 km
9,Melville Park,Fully Furnished Apartment,937 sqft ,20 Simei Street 1, Available from 27 Apr,2,2,"S$ 2,500 /mo",EW3 Simei MRT Station,0.82 km
10,Melville Park,Fully Furnished Apartment,1045 sqft ,12 Simei Street 1, Ready to move,2,2,"S$ 2,400 /mo",EW3 Simei MRT Station,0.82 km
11,Simei Green Condominium,Fully Furnished Condominium,1195 sqft ,15 Simei Street 4, Available from 21 Apr,3,2,"S$ 2,700 /mo",EW3 Simei MRT Station,0.55 km
12,Tropicana Condominium,Fully Furnished Condominium,1800 sqft ,2 Jalan Tiga Ratus, Ready to move,3,2,"S$ 3,500 /mo",EW3 Simei MRT Station,0.85 km
13,245 Simei Street 5,Partially Furnished HDB Apartment,100 sqft ,245 Simei Street 5, Ready to move,Room,0,S$ 650 /mo,EW3 Simei MRT Station,0.18 km
14,Melville Park,Fully Furnished Apartment,950 sqft ,16 Simei Street 1, Ready to move,2,2,"S$ 2,300 /mo",EW3 Simei MRT Station,0.82 km
15,209 Tampines Street 21,Fully Furnished HDB Apartment,1195 sqft ,209 Tampines Street 21, Ready to move,3,2,"S$ 2,300 /mo",EW3 Simei MRT Station,0.97 km
16,164 Simei Road,Fully Furnished HDB Apartment,1313 sqft ,164 Simei Road, Ready to move,3,2,"S$ 2,200 /mo",EW3 Simei MRT Station,0.65 km
17,Melville Park,Fully Furnished Apartment,990 sqft ,12 Simei Street 1, Available from 20 May,2,2,"S$ 2,400 /mo",EW3 Simei MRT Station,0.82 km
18,Double Bay Residences,Partially Furnished Condominium,1270 sqft ,21 Simei Street 4, Ready to move,3,2,"S$ 3,800 /mo",EW3 Simei MRT Station,0.40 km
19,156 Simei Road,Fully Furnished HDB Apartment,1313 sqft ,156 Simei Road, Ready to move,3,2,"S$ 2,350 /mo",EW3 Simei MRT Station,0.64 km
0,156 Simei Road,Fully Furnished HDB Apartment,1119 sqft ,156 Simei Road, Ready to move,3,2,"S$ 2,600 /mo",EW3 Simei MRT Station,0.64 km
1,Melville Park,Fully Furnished Apartment,1345 sqft ,24 Simei Street 1, Ready to move,3,3,"S$ 2,700 /mo",EW3 Simei MRT Station,0.82 km
2,124 Simei Street 1,Fully Furnished HDB Apartment,904 sqft ,124 Simei Street 1, Ready to move,3,2,"S$ 2,200 /mo",EW3 Simei MRT Station,0.36 km
3,Melville Park,Partially Furnished Apartment,969 sqft ,20 Simei Street 1, Ready to move,2,2,"S$ 2,450 /mo",EW3 Simei MRT Station,0.82 km
4,124 Tampines Street 11,Fully Furnished HDB Apartment,1574 sqft ,124 Tampines Street 11, Ready to move,3,2,"S$ 2,400 /mo",EW3 Simei MRT Station,0.50 km
5,285 Tampines Street 22,HDB Apartment,721 sqft ,285 Tampines Street 22, Ready to move,Room,0,S$ 650 /mo,EW3 Simei MRT Station,0.77 km
6,Upper Changi Road,Partially Furnished Terraced House,"1200 sqft, 1800 sqft (land) ",Upper Changi Road, Ready to move,3,2,"S$ 2,600 /mo",EW3 Simei MRT Station,0.74 km
7,295 Tampines Street 22,Fully Furnished HDB Apartment,120 sqft ,295 Tampines Street 22, Ready to move,Room,0,S$ 750 /mo,EW3 Simei MRT Station,0.86 km
8,Double Bay Residences,Partially Furnished Condominium,1001 sqft ,17A Simei Street 4, Ready to move,2,2,"S$ 3,200 /mo",EW3 Simei MRT Station,0.40 km
9,270 Tampines Street 21,Fully Furnished HDB Apartment,600 sqft ,270 Tampines Street 21, S$ 3.00 psf,1,1,"S$ 1,800 /mo",EW3 Simei MRT Station,0.95 km
10,Melville Park,Fully Furnished Condominium,900 sqft ,22 Simei Street 1, Ready to move,2,2,"S$ 2,400 /mo",EW3 Simei MRT Station,0.82 km
11,Double Bay Residences,Fully Furnished Condominium,635 sqft ,17A Simei Street 4, Ready to move,Studio,0,"S$ 2,200 /mo",EW3 Simei MRT Station,0.40 km
12,Tropical Spring,Partially Furnished Condominium,1070 sqft ,23 Simei Street 4, Ready to move,3,2,"S$ 3,200 /mo",EW3 Simei MRT Station,0.24 km
13,242 Simei Street 5,Fully Furnished HDB Apartment,200 sqft ,242 Simei Street 5, Ready to move,1,2,S$ 800 /mo,EW3 Simei MRT Station,0.10 km
14,Modena,Unfurnished Condominium,1948 sqft ,39 Simei Street 4, Ready to move,3,3,"S$ 4,000 /mo",EW3 Simei MRT Station,0.18 km
15,156 Simei Road,Fully Furnished HDB Apartment,1312 sqft ,156 Simei Road, Ready to move,3,2,"S$ 2,550 /mo",EW3 Simei MRT Station,0.64 km
16,My Manhattan,Fully Furnished Condominium,495 sqft ,31 Simei Street 3, Ready to move,1,1,"S$ 2,350 /mo",EW3 Simei MRT Station,0.08 km
17,209 Tampines Street 21,Unfurnished HDB Apartment,1119 sqft ,209 Tampines Street 21, Ready to move,3,2,"S$ 2,400 /mo",EW3 Simei MRT Station,0.97 km
18,284 Tampines Street 22,HDB Apartment,797 sqft ,284 Tampines Street 22, Available from 1 May,2,2,"S$ 2,000 /mo",EW3 Simei MRT Station,0.67 km
19,Simei Green Condominium,Partially Furnished Condominium,1195 sqft ,15 Simei Street 4, Ready to move,3,2,"S$ 2,900 /mo",EW3 Simei MRT Station,0.55 km
0,Eastpoint Green,Fully Furnished Condominium,350 sqft ,5 Simei Street 3, Ready to move,Studio,0,"S$ 1,600 /mo",EW3 Simei MRT Station,0.50 km
1,Sunbird Park,Partially Furnished Terraced House,"2500 sqft, 3989 sqft (land) ",Sunbird Road, Ready to move,5,4,"S$ 4,200 /mo",EW3 Simei MRT Station,0.71 km
2,Eastpoint Green,Fully Furnished Condominium,1141 sqft ,5 Simei Street 3, Ready to move,3,3,"S$ 2,800 /mo",EW3 Simei MRT Station,0.50 km
3,Eastpoint Green,Partially Furnished Condominium,958 sqft ,5 Simei Street 3, Ready to move,2,3,"S$ 2,400 /mo",EW3 Simei MRT Station,0.50 km
4,135 Simei Street 1,Fully Furnished HDB Apartment,1313 sqft ,135 Simei Street 1, Ready to move,3,2,"S$ 2,300 /mo",EW3 Simei MRT Station,0.68 km
5,Double Bay Residences,Fully Furnished Condominium,936 sqft ,21 Simei Street 4, Available from 1 May,2,2,"S$ 3,000 /mo",EW3 Simei MRT Station,0.40 km
6,Eastpoint Green,Fully Furnished Condominium,1130 sqft ,3 Simei Street 3, Ready to move,3,2,"S$ 3,000 /mo",EW3 Simei MRT Station,0.50 km
7,Double Bay Residences,Partially Furnished Condominium,936 sqft ,21 Simei Street 4, Ready to move,2,2,"S$ 3,000 /mo",EW3 Simei MRT Station,0.40 km
8,My Manhattan,Partially Furnished Condominium,500 sqft ,28 Simei Street 3, Ready to move,1,1,"S$ 2,000 /mo",EW3 Simei MRT Station,0.08 km
9,My Manhattan,Fully Furnished Condominium,920 sqft ,28 Simei Street 3, Ready to move,2,2,"S$ 2,800 /mo",EW3 Simei MRT Station,0.08 km
10,My Manhattan,Partially Furnished Condominium,936 sqft ,28 Simei Street 3, Ready to move,2,2,"S$ 2,700 /mo",EW3 Simei MRT Station,0.08 km
11,Melville Park,Fully Furnished Apartment,958 sqft ,26 Simei Street 1, Available from 15 May,2,2,"S$ 2,500 /mo",EW3 Simei MRT Station,0.82 km
12,My Manhattan,Partially Furnished Condominium,936 sqft ,28 Simei Street 3, Ready to move,2,2,"S$ 3,200 /mo",EW3 Simei MRT Station,0.08 km
13,Double Bay Residences,Partially Furnished Condominium,1313 sqft ,21 Simei Street 4, Ready to move,3,2,"S$ 3,800 /mo",EW3 Simei MRT Station,0.40 km
14,My Manhattan,Partially Furnished Condominium,1076 sqft ,28 Simei Street 3, Available from 1 Jun,3,3,"S$ 3,600 /mo",EW3 Simei MRT Station,0.08 km
15,136 Simei Street 1,Fully Furnished HDB Apartment,1180 sqft ,136 Simei Street 1, Ready to move,3,2,"S$ 1,800 /mo",EW3 Simei MRT Station,0.62 km
16,Changi Rise Condo,Fully Furnished Condominium,1281 sqft ,4 Simei Rise, Ready to move,3,3,"S$ 3,300 /mo",EW3 Simei MRT Station,0.83 km
17,Simei Green Condominium,Condominium,1249 sqft ,1 Simei Street 4, Ready to move,3,3,"S$ 2,900 /mo",EW3 Simei MRT Station,0.55 km
18,My Manhattan,Fully Furnished Condominium,883 sqft ,31 Simei Street 3, Ready to move,2,2,"S$ 2,900 /mo",EW3 Simei MRT Station,0.08 km
19,Melville Park,Fully Furnished Condominium,990 sqft ,26 Simei Street 1, S$ 2.63 psf,2,2,"S$ 2,600 /mo",EW3 Simei MRT Station,0.82 km
0,Harvey Residences,Partially Furnished Terraced House,"1800 sqft, 4500 sqft (land) ",Harvey Avenue, Ready to move,5,5,"S$ 4,000 /mo",EW3 Simei MRT Station,0.41 km
1,Double Bay Residences,Fully Furnished Condominium,926 sqft ,21 Simei Street 4, Ready to move,2,2,"S$ 3,000 /mo",EW3 Simei MRT Station,0.40 km
2,113 Simei Street 1,Fully Furnished HDB Apartment,1324 sqft ,113 Simei Street 1, Ready to move,3,2,"S$ 2,800 /mo",EW3 Simei MRT Station,0.41 km
3,167B Simei Lane,Partially Furnished HDB Apartment,1195 sqft ,167B Simei Lane, Ready to move,3,2,"S$ 2,400 /mo",EW3 Simei MRT Station,0.69 km
4,Sea Breeze Terrace,Terraced House,"3000 sqft, 3000 sqft (land) ",Sea Breeze Avenue, Ready to move,3,2,"S$ 3,000 /mo",EW3 Simei MRT Station,0.65 km
5,296 Tampines Street 22,Fully Furnished HDB Apartment,100 sqft ,296 Tampines Street 22, S$ 6.00 psf,Room,0,S$ 600 /mo,EW3 Simei MRT Station,0.91 km
6,Tropicana Condominium,Condominium,1765 sqft ,2 Jalan Tiga Ratus, S$ 2.04 psf,3,2,"S$ 3,600 /mo",EW3 Simei MRT Station,0.85 km
7,Jalan Angin Laut,Unfurnished Bungalow House,"5500 sqft, 5800 sqft (land) ",jalan angin laut, Ready to move,6,4,"S$ 7,300 /mo",EW3 Simei MRT Station,0.71 km
8,Double Bay Residences,Fully Furnished Condominium,1259 sqft ,21 Simei Street 4, Ready to move,3,2,"S$ 4,000 /mo",EW3 Simei MRT Station,0.40 km
9,Melville Park,Fully Furnished Apartment,958 sqft ,12 Simei Street 1, Available from 15 May,2,2,"S$ 2,600 /mo",EW3 Simei MRT Station,0.82 km
10,My Manhattan,Fully Furnished Condominium,441 sqft ,28 Simei Street 3, Ready to move,Studio,0,"S$ 2,400 /mo",EW3 Simei MRT Station,0.08 km
11,My Manhattan,Partially Furnished Condominium,872 sqft ,33 Simei Street 3, Ready to move,2,2,"S$ 3,100 /mo",EW3 Simei MRT Station,0.08 km
12,Tropicana Condominium,Partially Furnished Condominium,1765 sqft ,2 Jalan Tiga Ratus, Ready to move,3,3,"S$ 3,600 /mo",EW3 Simei MRT Station,0.85 km
13,Simei Green Condominium,Fully Furnished Condominium,1195 sqft ,1 Simei Street 4, Available from 23 May,3,2,"S$ 2,700 /mo",EW3 Simei MRT Station,0.55 km
14,Sunbird Park,Partially Furnished Terraced House,"2000 sqft, 1615 sqft (land) ",Sunbird Road, Ready to move,3,3,"S$ 3,100 /mo",EW3 Simei MRT Station,0.71 km
15,Melville Park,Fully Furnished Apartment,936 sqft ,12 Simei Street 1, Ready to move,2,2,"S$ 2,300 /mo",EW3 Simei MRT Station,0.82 km
16,Eastpoint Green,Fully Furnished Condominium,958 sqft ,1 Simei Street 3, Ready to move,2,3,"S$ 2,400 /mo",EW3 Simei MRT Station,0.50 km
17,Tropicana Condominium,Partially Furnished Condominium,1765 sqft ,2 Jalan Tiga Ratus, Ready to move,3,3,"S$ 3,600 /mo",EW3 Simei MRT Station,0.85 km
18,Melville Park,Partially Furnished Apartment,130 sqft ,12 Simei Street 1, Ready to move,Room,0,S$ 900 /mo,EW3 Simei MRT Station,0.82 km
19,109 Tampines Street 11,Fully Furnished HDB Apartment,796 sqft ,109 Tampines Street 11, Ready to move,2,2,"S$ 1,800 /mo",EW3 Simei MRT Station,0.68 km
0,Modena,Fully Furnished Condominium,1410 sqft ,39 Simei Street 4, Available from 7 May,3,3,"S$ 3,900 /mo",EW3 Simei MRT Station,0.18 km
1,Double Bay Residences,Partially Furnished Condominium,1001 sqft ,21 Simei Street 4, Ready to move,2,2,"S$ 3,200 /mo",EW3 Simei MRT Station,0.40 km
2,My Manhattan,Fully Furnished Condominium,441 sqft ,28 Simei Street 3, Ready to move,Studio,0,"S$ 2,400 /mo",EW3 Simei MRT Station,0.08 km
3,My Manhattan,Fully Furnished Condominium,936 sqft ,28 Simei Street 3, Ready to move,1,1,"S$ 3,050 /mo",EW3 Simei MRT Station,0.08 km
4,234 Simei Street 4,HDB Apartment,1313 sqft ,234 Simei Street 4, S$ 1.90 psf,4,2,"S$ 2,500 /mo",EW3 Simei MRT Station,0.25 km
5,Double Bay Residences,Partially Furnished Condominium,936 sqft ,17A Simei Street 4, Ready to move,2,2,"S$ 2,700 /mo",EW3 Simei MRT Station,0.40 km
6,165 Simei Road,Fully Furnished HDB Apartment,1119 sqft ,165 Simei Road, Ready to move,3,2,"S$ 2,100 /mo",EW3 Simei MRT Station,0.69 km
7,230 Simei Street 4,Fully Furnished HDB Apartment,120 sqft ,230 Simei Street 4, Ready to move,Room,0,S$ 680 /mo,EW3 Simei MRT Station,0.29 km
8,Eastpoint Green,Fully Furnished Condominium,958 sqft ,1 Simei Street 3, Ready to move,2,3,"S$ 2,400 /mo",EW3 Simei MRT Station,0.50 km
9,My Manhattan,Partially Furnished Condominium,1163 sqft ,28 Simei Street 3, Available from 20 Apr,3,2,"S$ 3,700 /mo",EW3 Simei MRT Station,0.08 km
10,156 Simei Road,Partially Furnished HDB Apartment,139 sqft ,156 Simei Road, Ready to move,Room,0,S$ 600 /mo,EW3 Simei MRT Station,0.64 km
11,234 Simei Street 4,Fully Furnished HDB Apartment,1313 sqft ,234 Simei Street 4, Available from 15 Apr,4,2,"S$ 2,500 /mo",EW3 Simei MRT Station,0.25 km
12,Simei Green Condominium,Fully Furnished Condominium,300 sqft ,7 Simei Street 4, S$ 4.00 psf,Room,0,"S$ 1,200 /mo",EW3 Simei MRT Station,0.55 km
13,Double Bay Residences,Fully Furnished Condominium,1270 sqft ,21 Simei Street 4, Available from 1 May,3,2,"S$ 3,600 /mo",EW3 Simei MRT Station,0.40 km
14,My Manhattan,Fully Furnished Condominium,441 sqft ,33 Simei Street 3, Ready to move,1,1,"S$ 2,400 /mo",EW3 Simei MRT Station,0.08 km
15,Double Bay Residences,Fully Furnished Condominium,1001 sqft ,21 Simei Street 4, Available from 1 Jun,3,2,"S$ 3,199 /mo",EW3 Simei MRT Station,0.40 km
16,Melville Park,Fully Furnished Apartment,1345 sqft ,24 Simei Street 1, Ready to move,3,3,"S$ 3,000 /mo",EW3 Simei MRT Station,0.82 km
17,231 Simei Street 4,Fully Furnished HDB Apartment,1000 sqft ,231 Simei Street 4, Ready to move,2,2,"S$ 2,000 /mo",EW3 Simei MRT Station,0.39 km
18,Double Bay Residences,Fully Furnished Condominium,1400 sqft ,21 Simei Street 4, Available from 11 Apr,3,2,"S$ 3,988 /mo",EW3 Simei MRT Station,0.40 km
19,Double Bay Residences,Partially Furnished Condominium,3690 sqft ,21 Simei Street 4, S$ 2.35 psf,5,5,"S$ 8,680 /mo",EW3 Simei MRT Station,0.40 km
0,Double Bay Residences,Fully Furnished Condominium,250 sqft ,21 Simei Street 4, S$ 5.20 psf,Room,0,"S$ 1,300 /mo",EW3 Simei MRT Station,0.40 km
1,269 Tampines Street 21,HDB Apartment,180 sqft ,269 Tampines Street 21, Ready to move,Room,0,S$ 650 /mo,EW3 Simei MRT Station,0.99 km
2,Eastpoint Green,Condominium,969 sqft ,1 Simei Street 3, Ready to move,2,3,"S$ 2,600 /mo",EW3 Simei MRT Station,0.50 km
3,My Manhattan,Partially Furnished Condominium,936 sqft ,27 Simei Street 3, Available from 7 May,2,2,"S$ 2,800 /mo",EW3 Simei MRT Station,0.08 km
4,Tropicana Condominium,Condominium,1765 sqft ,2 Jalan Tiga Ratus, S$ 2.04 psf,3,2,"S$ 3,600 /mo",EW3 Simei MRT Station,0.85 km
5,153 Simei Street 1,Fully Furnished HDB Apartment,160 sqft ,153 Simei Street 1, Ready to move,Room,0,S$ 700 /mo,EW3 Simei MRT Station,0.49 km
6,My Manhattan,Partially Furnished Condominium,1076 sqft ,27 Simei Street 3, Ready to move,3,3,"S$ 3,650 /mo",EW3 Simei MRT Station,0.08 km
7,My Manhattan,Fully Furnished Condominium,441 sqft ,28 Simei Street 3, Ready to move,Studio,0,"S$ 2,200 /mo",EW3 Simei MRT Station,0.08 km
8,Tropicana Condominium,Partially Furnished Condominium,1765 sqft ,2 Jalan Tiga Ratus, Ready to move,3,3,"S$ 3,600 /mo",EW3 Simei MRT Station,0.85 km
9,Double Bay Residences,Fully Furnished Condominium,1367 sqft ,21 Simei Street 4, Ready to move,3,3,"S$ 4,200 /mo",EW3 Simei MRT Station,0.40 km
10,Melville Park,Fully Furnished Apartment,1044 sqft ,22 Simei Street 1, Available from 4 May,3,2,"S$ 2,550 /mo",EW3 Simei MRT Station,0.82 km
11,Melville Park,Fully Furnished Apartment,958 sqft ,22 Simei Street 1, Ready to move,2,2,"S$ 2,500 /mo",EW3 Simei MRT Station,0.82 km
12,104 Tampines Street 11,Fully Furnished HDB Apartment,850 sqft ,104 Tampines Street 11, Available from 1 Jul,2,2,"S$ 1,900 /mo",EW3 Simei MRT Station,0.89 km
13,Double Bay Residences,Fully Furnished Condominium,560 sqft ,21 Simei Street 4, Available from 30 Apr,1,1,"S$ 2,100 /mo",EW3 Simei MRT Station,0.40 km
14,Double Bay Residences,Fully Furnished Condominium,550 sqft ,21 Simei Street 4, Ready to move,1,1,"S$ 2,200 /mo",EW3 Simei MRT Station,0.40 km
15,Melville Park,Fully Furnished Apartment,1346 sqft ,24 Simei Street 1, Ready to move,3,3,"S$ 2,700 /mo",EW3 Simei MRT Station,0.82 km
16,Tropicana Condominium,Condominium,1765 sqft ,2 Jalan Tiga Ratus, Ready to move,3,3,"S$ 3,600 /mo",EW3 Simei MRT Station,0.85 km
17,Sunbird Park,Partially Furnished Terraced House,"2000 sqft, 1615 sqft (land) ",Sunbird Road, Ready to move,3,3,"S$ 3,200 /mo",EW3 Simei MRT Station,0.71 km
18,124 Simei Street 1,Partially Furnished HDB Apartment,915 sqft ,124 Simei Street 1, Ready to move,3,2,"S$ 2,200 /mo",EW3 Simei MRT Station,0.36 km
19,168B Simei Lane,Fully Furnished HDB Apartment,1154 sqft ,168B Simei Lane, Ready to move,3,2,"S$ 2,600 /mo",EW3 Simei MRT Station,0.59 km
0,Melville Park,Fully Furnished Apartment,1345 sqft ,20 Simei Street 1, Ready to move,3,3,"S$ 3,000 /mo",EW3 Simei MRT Station,0.82 km
1,My Manhattan,Fully Furnished Condominium,400 sqft ,28 Simei Street 3, S$ 6.14 psf,Studio,0,"S$ 2,458 /mo",EW3 Simei MRT Station,0.08 km
2,Modena,Fully Furnished Condominium,1400 sqft ,35 Simei Street 4, Available from 17 May,3,3,"S$ 3,488 /mo",EW3 Simei MRT Station,0.18 km
3,My Manhattan,Unfurnished Condominium,936 sqft ,28 Simei Street 3, Ready to move,2,2,"S$ 3,199 /mo",EW3 Simei MRT Station,0.08 km
4,131 Simei Street 1,HDB Apartment,1001 sqft ,131 Simei Street 1, Ready to move,3,2,"S$ 2,300 /mo",EW3 Simei MRT Station,0.28 km
5,My Manhattan,Fully Furnished Condominium,441 sqft ,28 Simei Street 3, Ready to move,1,1,"S$ 2,300 /mo",EW3 Simei MRT Station,0.08 km
6,Double Bay Residences,Partially Furnished Condominium,1313 sqft ,21 Simei Street 4, Ready to move,3,3,"S$ 3,800 /mo",EW3 Simei MRT Station,0.40 km
7,Double Bay Residences,Partially Furnished Condominium,936 sqft ,19C Simei Street 4, Available from 2 May,2,2,"S$ 3,000 /mo",EW3 Simei MRT Station,0.40 km
8,Melville Park,Partially Furnished Apartment,937 sqft ,16 Simei Street 1, S$ 2.67 psf,2,2,"S$ 2,499 /mo",EW3 Simei MRT Station,0.82 km
9,256 Simei Street 1,Fully Furnished HDB Apartment,200 sqft ,256 Simei Street 1, Ready to move,Room,0,S$ 650 /mo,EW3 Simei MRT Station,0.16 km
10,My Manhattan,Partially Furnished Condominium,936 sqft ,27 Simei Street 3, Ready to move,2,2,"S$ 3,200 /mo",EW3 Simei MRT Station,0.08 km
11,Eastpoint Green,Partially Furnished Condominium,1141 sqft ,1 Simei Street 3, Ready to move,3,3,"S$ 2,800 /mo",EW3 Simei MRT Station,0.50 km
12,East View Garden,Unfurnished Semi-Detached House,"3500 sqft, 4868 sqft (land) ",Upper Changi Road East, Ready to move,3,2,"S$ 3,800 /mo",EW3 Simei MRT Station,0.90 km
13,Tropicana Condominium,Partially Furnished Condominium,1765 sqft ,2 Jalan Tiga Ratus, Ready to move,3,3,"S$ 3,600 /mo",EW3 Simei MRT Station,0.85 km
14,Simei Green Condominium,Fully Furnished Condominium,150 sqft ,1 Simei Street 4, Ready to move,Room,0,S$ 900 /mo,EW3 Simei MRT Station,0.55 km
15,246 Simei Street 5,Fully Furnished HDB Apartment,160 sqft ,246 Simei Street 5, S$ 5.31 psf,Room,0,S$ 850 /mo,EW3 Simei MRT Station,0.22 km
16,My Manhattan,Partially Furnished Condominium,883 sqft ,31 Simei Street 3, Ready to move,2,2,"S$ 3,000 /mo",EW3 Simei MRT Station,0.08 km
17,Double Bay Residences,Fully Furnished Condominium,936 sqft ,17C Simei Street 4, Available from 14 Apr,2,2,"S$ 3,000 /mo",EW3 Simei MRT Station,0.40 km
18,Double Bay Residences,Partially Furnished Condominium,1367 sqft ,21 Simei Street 4, Ready to move,3,3,"S$ 4,000 /mo",EW3 Simei MRT Station,0.40 km
19,My Manhattan,Fully Furnished Condominium,936 sqft ,28 Simei Street 3, S$ 3.63 psf,2,2,"S$ 3,400 /mo",EW3 Simei MRT Station,0.08 km
0,My Manhattan,Fully Furnished Condominium,441 sqft ,28 Simei Street 3, Ready to move,Studio,0,"S$ 2,400 /mo",EW3 Simei MRT Station,0.08 km
1,105 Tampines Street 11,Fully Furnished HDB Apartment,150 sqft ,105 Tampines Street 11, Ready to move,Room,0,S$ 600 /mo,EW3 Simei MRT Station,0.87 km
2,My Manhattan,Fully Furnished Condominium,1200 sqft ,33 Simei Street 3, Ready to move,3,3,"S$ 3,500 /mo",EW3 Simei MRT Station,0.08 km
3,277 Tampines Street 22,Fully Furnished HDB Apartment,120 sqft ,Tampines Street 22, Ready to move,Room,0,S$ 700 /mo,EW3 Simei MRT Station,0.50 km
4,112 Simei Street 1,Fully Furnished HDB Apartment,180 sqft ,112 Simei Street 1, Ready to move,Room,0,S$ 800 /mo,EW3 Simei MRT Station,0.44 km
5,123 Simei Street 1,Fully Furnished HDB Apartment,215 sqft ,123 Simei Street 1, Ready to move,Room,0,S$ 680 /mo,EW3 Simei MRT Station,0.27 km
6,My Manhattan,Fully Furnished Condominium,560 sqft ,28 Simei Street 3, Available from 1 May,1,1,"S$ 2,550 /mo",EW3 Simei MRT Station,0.08 km
7,BEAUTIFULLY MAINTAINED SEMI-DETACHED HOUSE,Partially Furnished Semi-Detached House,"2842 sqft, 2926 sqft (land) ",UPPER CHANGI ROAD, Ready to move,5,5,"S$ 4,999 /mo",EW3 Simei MRT Station,0.82 km
8,281 Tampines Street 22,Partially Furnished HDB Apartment,180 sqft ,281 Tampines Street 22, S$ 2.78 psf,Room,0,S$ 500 /mo,EW3 Simei MRT Station,0.48 km
9,Double Bay Residences,Partially Furnished Condominium,1658 sqft ,21 Simei Street 4, Available from 15 Jul,3,3,"S$ 4,000 /mo",EW3 Simei MRT Station,0.40 km
10,My Manhattan,Fully Furnished Condominium,441 sqft ,33 Simei Street 3, Ready to move,Studio,0,"S$ 2,400 /mo",EW3 Simei MRT Station,0.08 km
11,230 Simei Street 4,Fully Furnished HDB Apartment,150 sqft ,230 Simei Street 4, Ready to move,Room,0,S$ 750 /mo,EW3 Simei MRT Station,0.29 km
12,Sunbird Park,Partially Furnished Terraced House,"2000 sqft, 1615 sqft (land) ",Sunbird Road, Ready to move,3,3,"S$ 3,100 /mo",EW3 Simei MRT Station,0.71 km
13,135 Tampines Street 11,Fully Furnished Apartment,180 sqft ,135 Tampines Street 11, Available from 23 Apr,Room,0,S$ 800 /mo,EW3 Simei MRT Station,0.68 km
14,Double Bay Residences,Fully Furnished Condominium,1259 sqft ,19 Simei Street 4, Ready to move,3,3,"S$ 3,800 /mo",EW3 Simei MRT Station,0.40 km
15,231 Simei Street 4,Fully Furnished HDB Apartment,1313 sqft ,231 Simei Street 4, Ready to move,3,2,"S$ 2,300 /mo",EW3 Simei MRT Station,0.39 km
16,Eastpoint Green,Fully Furnished Condominium,1141 sqft ,1 Simei Street 3, Ready to move,3,3,"S$ 3,200 /mo",EW3 Simei MRT Station,0.50 km
17,Tropicana Condominium,Partially Furnished Condominium,2000 sqft ,2 Jalan Tiga Ratus, Ready to move,3,3,"S$ 4,150 /mo",EW3 Simei MRT Station,0.85 km
18,Melville Park,Fully Furnished Apartment,936 sqft ,26 Simei Street 1, Available from 20 Apr,2,2,"S$ 2,400 /mo",EW3 Simei MRT Station,0.82 km
19,Melville Park,Fully Furnished Apartment,936 sqft ,20 Simei Street 1, Ready to move,2,2,"S$ 2,250 /mo",EW3 Simei MRT Station,0.82 km
0,256 Simei Street 1,Fully Furnished HDB Apartment,1087 sqft ,256 Simei Street 1, Ready to move,3,2,"S$ 2,450 /mo",EW3 Simei MRT Station,0.16 km
1,124 Simei Street 1,Fully Furnished HDB Apartment,950 sqft ,124 Simei Street 1, Ready to move,3,2,"S$ 2,000 /mo",EW3 Simei MRT Station,0.36 km
2,295 Tampines Street 22,Fully Furnished HDB Apartment,800 sqft ,295 Tampines Street 22, Ready to move,2,2,"S$ 1,500 /mo",EW3 Simei MRT Station,0.86 km
3,Changi Rise Condo,Fully Furnished Condominium,1280 sqft ,4 Simei Rise, Available from 4 Jun,3,2,"S$ 2,999 /mo",EW3 Simei MRT Station,0.83 km
4,Eastpoint Green,Fully Furnished Condominium,958 sqft ,1 Simei Street 3, Ready to move,2,3,"S$ 2,400 /mo",EW3 Simei MRT Station,0.50 km
5,My Manhattan,Fully Furnished Condominium,441 sqft ,25 Simei Street 3, Ready to move,Studio,0,"S$ 2,400 /mo",EW3 Simei MRT Station,0.08 km
6,Changi Rise Condo,Fully Furnished Condominium,110 sqft ,4 Simei Rise, Ready to move,Room,0,S$ 675 /mo,EW3 Simei MRT Station,0.83 km
7,228 Simei Street 4,Partially Furnished HDB Apartment,180 sqft ,228 Simei Street 4, Ready to move,1,1,S$ 700 /mo,EW3 Simei MRT Station,0.29 km
8,Double Bay Residences,Fully Furnished Condominium,1313 sqft ,21 Simei Street 4, Ready to move,3,3,"S$ 4,000 /mo",EW3 Simei MRT Station,0.40 km
9,Melville Park,Fully Furnished Apartment,1216 sqft ,12 Simei Street 1, Ready to move,3,3,"S$ 2,900 /mo",EW3 Simei MRT Station,0.82 km
10,Eastpoint Green,Fully Furnished Condominium,150 sqft ,1 Simei Street 3, Ready to move,Room,0,S$ 850 /mo,EW3 Simei MRT Station,0.50 km
11,My Manhattan,Partially Furnished Condominium,1098 sqft ,28 Simei Street 3, Ready to move,1,1,"S$ 2,500 /mo",EW3 Simei MRT Station,0.08 km
12,154 Simei Street 1,HDB Apartment,1313 sqft ,154 Simei Street 1, Ready to move,3,2,"S$ 2,700 /mo",EW3 Simei MRT Station,0.47 km
13,Double Bay Residences,Fully Furnished Condominium,936 sqft ,17C Simei Street 4, Ready to move,2,2,"S$ 2,700 /mo",EW3 Simei MRT Station,0.40 km
14,Upper Changi Road East,Partially Furnished Detached House,"6000 sqft, 4000 sqft (land) ",Upper Changi Road East, S$ 2.00 psf,6,6,"S$ 8,000 /mo",EW3 Simei MRT Station,0.89 km
15,272 Tampines Street 22,Partially Furnished HDB Apartment,785 sqft ,272 Tampines Street 22, Ready to move,2,2,"S$ 1,950 /mo",EW3 Simei MRT Station,0.77 km
16,Simei Green Condominium,Fully Furnished Condominium,1356 sqft ,7 Simei Street 4, Ready to move,3,3,"S$ 3,100 /mo",EW3 Simei MRT Station,0.55 km
17,Eastpoint Green,Fully Furnished Condominium,1141 sqft ,7 Simei Street 3, Ready to move,3,3,"S$ 2,800 /mo",EW3 Simei MRT Station,0.50 km
18,Melville Park,Fully Furnished Apartment,1345 sqft ,18 Simei Street 1, Available from 1 Jun,3,3,"S$ 3,300 /mo",EW3 Simei MRT Station,0.82 km
19,Tropicana Condominium,Partially Furnished Condominium,1765 sqft ,2 Jalan Tiga Ratus, Ready to move,3,3,"S$ 3,600 /mo",EW3 Simei MRT Station,0.85 km
0,My Manhattan,Fully Furnished Condominium,441 sqft ,33 Simei Street 3, Ready to move,Studio,0,"S$ 2,200 /mo",EW3 Simei MRT Station,0.08 km
1,Simei Green Condominium,Fully Furnished Condominium,300 sqft ,1 Simei Street 4, Ready to move,Room,0,"S$ 1,300 /mo",EW3 Simei MRT Station,0.55 km
2,Master Room @ Simei Green Condo,Partially Furnished Condominium,250 sqft ,Simei Street 4, Ready to move,Room,0,"S$ 1,200 /mo",EW3 Simei MRT Station,0.57 km
3,Tampines Court,Fully Furnished Apartment,80 sqft ,131 Tampines Street 11, Ready to move,Room,0,S$ 500 /mo,EW3 Simei MRT Station,0.76 km
4,Tampines Court,Fully Furnished Condominium,200 sqft ,119 Tampines Street 11, S$ 3.50 psf,Room,0,S$ 700 /mo,EW3 Simei MRT Station,0.76 km
5,My Manhattan,Fully Furnished Condominium,441 sqft ,28 Simei Street 3, Ready to move,Studio,0,"S$ 2,400 /mo",EW3 Simei MRT Station,0.08 km
6,155 Simei Road,Partially Furnished HDB Apartment,1200 sqft ,155 Simei Road, Ready to move,3,2,"S$ 2,400 /mo",EW3 Simei MRT Station,0.60 km
7,Tropicana Condominium,Fully Furnished Condominium,1890 sqft ,2 Jalan Tiga Ratus, Ready to move,3,3,"S$ 3,700 /mo",EW3 Simei MRT Station,0.85 km
8,My Manhattan,Fully Furnished Condominium,561 sqft ,28 Simei Street 3, Available from 1 May,1,1,"S$ 2,200 /mo",EW3 Simei MRT Station,0.08 km
9,124 Simei Street 1,Partially Furnished HDB Apartment,132 sqft ,124 Simei Street 1, Ready to move,Room,0,S$ 800 /mo,EW3 Simei MRT Station,0.36 km
10,108 Tampines Street 11,Fully Furnished HDB Apartment,150 sqft ,108 Tampines Street 11, S$ 4.53 psf,Room,0,S$ 680 /mo,EW3 Simei MRT Station,0.74 km
11,Melville Park,Fully Furnished Condominium,958 sqft ,26 Simei Street 1, Ready to move,2,2,"S$ 2,500 /mo",EW3 Simei MRT Station,0.82 km
12,269 Tampines Street 21,Fully Furnished HDB Apartment,110 sqft ,269 Tampines Street 21, Ready to move,Room,0,S$ 750 /mo,EW3 Simei MRT Station,0.99 km
13,225 Simei Street 4,Fully Furnished HDB Apartment,1313 sqft ,225 Simei Street 4, Available from 1 May,4,2,"S$ 2,500 /mo",EW3 Simei MRT Station,0.44 km
14,My Manhattan,Condominium,506 sqft ,28 Simei Street 3, Ready to move,1,1,"S$ 2,350 /mo",EW3 Simei MRT Station,0.08 km
15,Eastpoint Green,Partially Furnished Condominium,1100 sqft ,1 Simei Street 3, Ready to move,3,2,S$ 950 /mo,EW3 Simei MRT Station,0.50 km
16,My Manhattan,Fully Furnished Condominium,560 sqft ,25 Simei Street 3, Available from 30 Apr,1,1,"S$ 2,500 /mo",EW3 Simei MRT Station,0.08 km
17,209 Tampines Street 21,Fully Furnished HDB Apartment,1119 sqft ,209 Tampines Street 21, Ready to move,3,2,"S$ 2,300 /mo",EW3 Simei MRT Station,0.97 km
18,256 Simei Street 1,Fully Furnished HDB Apartment,160 sqft ,256 Simei Street 1, Ready to move,Room,0,S$ 700 /mo,EW3 Simei MRT Station,0.16 km
19,168B Simei Lane,Fully Furnished HDB Apartment,1151 sqft ,168B Simei Lane, Ready to move,3,2,"S$ 2,699 /mo",EW3 Simei MRT Station,0.59 km
0,Double Bay Residences,Fully Furnished Condominium,1001 sqft ,21 Simei Street 4, Available from 1 Jun,2,2,"S$ 3,200 /mo",EW3 Simei MRT Station,0.40 km
1,My Manhattan,Fully Furnished Condominium,441 sqft ,28 Simei Street 3, Ready to move,1,1,"S$ 2,400 /mo",EW3 Simei MRT Station,0.08 km
2,111 Tampines Street 11,Fully Furnished HDB Apartment,1324 sqft ,111 Tampines Street 11, Ready to move,4,2,"S$ 2,500 /mo",EW3 Simei MRT Station,0.79 km
3,Mistral Park,Fully Furnished Semi-Detached House,430 sqft ,Jalan Angin Laut, Ready to move,Studio,0,"S$ 1,500 /mo",EW3 Simei MRT Station,0.43 km
4,Melville Park,Fully Furnished Apartment,936 sqft ,12 Simei Street 1, Ready to move,2,2,"S$ 2,400 /mo",EW3 Simei MRT Station,0.82 km
5,136 Simei Street 1,Fully Furnished HDB Apartment,1399 sqft ,136 Simei Street 1, Ready to move,3,2,"S$ 2,300 /mo",EW3 Simei MRT Station,0.62 km
6,Melville Park,Fully Furnished Condominium,958 sqft ,24 Simei Street 1, Available from 1 May,2,2,"S$ 2,500 /mo",EW3 Simei MRT Station,0.82 km
7,297 Tampines Street 22,Fully Furnished HDB Apartment,100 sqft ,297 Tampines Street 22, Ready to move,Room,0,S$ 600 /mo,EW3 Simei MRT Station,0.90 km
8,Melville Park,Fully Furnished Apartment,1345 sqft ,24 Simei Street 1, Ready to move,3,3,"S$ 3,000 /mo",EW3 Simei MRT Station,0.82 km
9,Modena,Fully Furnished Condominium,1475 sqft ,35 Simei Street 4, Available from 1 May,3,2,"S$ 3,600 /mo",EW3 Simei MRT Station,0.18 km
10,Tropicana Condominium,Fully Furnished Condominium,2000 sqft ,2 Jalan Tiga Ratus, Ready to move,3,3,"S$ 4,150 /mo",EW3 Simei MRT Station,0.85 km
11,My Manhattan,Fully Furnished Condominium,500 sqft ,33 Simei Street 3, S$ 4.40 psf,1,1,"S$ 2,200 /mo",EW3 Simei MRT Station,0.08 km
12,209 Tampines Street 21,Partially Furnished HDB Apartment,1119 sqft ,209 Tampines Street 21, Ready to move,3,2,"S$ 2,300 /mo",EW3 Simei MRT Station,0.97 km
13,297 Tampines Street 22,Fully Furnished HDB Apartment,731 sqft ,297 Tampines Street 22, Ready to move,Room,0,S$ 900 /mo,EW3 Simei MRT Station,0.90 km
14,My Manhattan,Fully Furnished Condominium,520 sqft ,28 Simei Street 3, Ready to move,1,1,"S$ 2,200 /mo",EW3 Simei MRT Station,0.08 km
15,My Manhattan,Fully Furnished Condominium,878 sqft ,28 Simei Street 3, Ready to move,2,2,"S$ 2,900 /mo",EW3 Simei MRT Station,0.08 km
16,My Manhattan,Fully Furnished Condominium,440 sqft ,28 Simei Street 3, Ready to move,Studio,0,"S$ 2,100 /mo",EW3 Simei MRT Station,0.08 km
17,My Manhattan,Fully Furnished Condominium,400 sqft ,28 Simei Street 3, Ready to move,Studio,0,"S$ 2,300 /mo",EW3 Simei MRT Station,0.08 km
18,My Manhattan,Fully Furnished Condominium,230 sqft ,28 Simei Street 3, Ready to move,Room,0,"S$ 1,200 /mo",EW3 Simei MRT Station,0.08 km
19,My Manhattan,Partially Furnished Condominium,880 sqft ,28 Simei Street 3, Ready to move,2,2,"S$ 3,100 /mo",EW3 Simei MRT Station,0.08 km
0,Tropicana Condominium,Fully Furnished Condominium,2000 sqft ,2 Jalan Tiga Ratus, Ready to move,3,3,"S$ 4,150 /mo",EW3 Simei MRT Station,0.85 km
1,231 Simei Street 4,Fully Furnished HDB Apartment,1313 sqft ,231 Simei Street 4, Ready to move,3,2,"S$ 2,300 /mo",EW3 Simei MRT Station,0.39 km
2,My Manhattan,Fully Furnished Condominium,937 sqft ,28 Simei Street 3, Ready to move,2,2,"S$ 3,200 /mo",EW3 Simei MRT Station,0.08 km
3,My Manhattan,Fully Furnished Condominium,570 sqft ,28 Simei Street 3, Available from 1 May,1,1,"S$ 2,200 /mo",EW3 Simei MRT Station,0.08 km
4,232 Simei Street 4,Fully Furnished HDB Apartment,1400 sqft ,232 Simei Street 4, S$ 1.79 psf,3,2,"S$ 2,500 /mo",EW3 Simei MRT Station,0.43 km
5,My Manhattan,Fully Furnished Condominium,936 sqft ,25 Simei Street 3, S$ 3.42 psf,3,3,"S$ 3,200 /mo",EW3 Simei MRT Station,0.08 km
6,168B Simei Lane,Fully Furnished HDB Apartment,1150 sqft ,168B Simei Lane, Ready to move,3,2,"S$ 2,600 /mo",EW3 Simei MRT Station,0.59 km
7,Double Bay Residences,Fully Furnished Condominium,936 sqft ,17C Simei Street 4, Available from 30 Apr,2,2,"S$ 2,800 /mo",EW3 Simei MRT Station,0.40 km
8,Double Bay Residences,Partially Furnished Condominium,1560 sqft ,21 Simei Street 4, Available from 13 May,4,3,"S$ 4,500 /mo",EW3 Simei MRT Station,0.40 km
9,Simei Green Condominium,Fully Furnished Condominium,1563 sqft ,1 Simei Street 4, Available from 31 May,3,2,"S$ 2,888 /mo",EW3 Simei MRT Station,0.55 km
10,Eastpoint Green,Fully Furnished Condominium,1194 sqft ,1 Simei Street 3, Ready to move,3,2,"S$ 3,000 /mo",EW3 Simei MRT Station,0.50 km
11,Changi Rise Condo,Fully Furnished Condominium,1259 sqft ,18 Simei Rise, Ready to move,3,3,"S$ 2,800 /mo",EW3 Simei MRT Station,0.83 km
12,Changi Rise Condo,Fully Furnished Condominium,1130 sqft ,10 Simei Rise, Ready to move,3,3,"S$ 2,800 /mo",EW3 Simei MRT Station,0.83 km
13,Eastpoint Green,Unfurnished Condominium,1130 sqft ,3 Simei Street 3, Ready to move,3,3,"S$ 2,600 /mo",EW3 Simei MRT Station,0.50 km
14,Double Bay Residences,Fully Furnished Condominium,937 sqft ,17A Simei Street 4, Ready to move,2,2,"S$ 3,100 /mo",EW3 Simei MRT Station,0.40 km
15,281 Tampines Street 22,Fully Furnished HDB Apartment,904 sqft ,281 Tampines Street 22, Ready to move,2,2,"S$ 2,000 /mo",EW3 Simei MRT Station,0.48 km
16,126 Simei Street 1,Fully Furnished HDB Apartment,1200 sqft ,126 Simei Street 1, Ready to move,3,2,"S$ 2,300 /mo",EW3 Simei MRT Station,0.42 km
17,Simei Green Condominium,Partially Furnished Condominium,969 sqft ,1 Simei Street 4, Ready to move,3,2,"S$ 2,500 /mo",EW3 Simei MRT Station,0.55 km
18,Double Bay Residences,Fully Furnished Condominium,1367 sqft ,19D Simei Street 4, Ready to move,3,3,"S$ 3,700 /mo",EW3 Simei MRT Station,0.40 km
19,Melville Park,Fully Furnished Apartment,958 sqft ,12 Simei Street 1, S$ 2.40 psf,2,2,"S$ 2,300 /mo",EW3 Simei MRT Station,0.82 km
0,156 Simei Road,HDB Apartment,1119 sqft ,156 Simei Road, Ready to move,3,2,"S$ 2,400 /mo",EW3 Simei MRT Station,0.64 km
1,145 Simei Street 2,Partially Furnished HDB Apartment,1100 sqft ,145 Simei Street 2, Available from 1 May,3,2,"S$ 2,700 /mo",EW3 Simei MRT Station,0.31 km
2,My Manhattan,Fully Furnished Condominium,441 sqft ,28 Simei Street 3, Ready to move,1,1,"S$ 2,200 /mo",EW3 Simei MRT Station,0.08 km
3,Melville Park,Fully Furnished Condominium,1475 sqft ,12 Simei Street 1, Ready to move,3,3,"S$ 3,100 /mo",EW3 Simei MRT Station,0.82 km
4,130 Simei Street 1,Fully Furnished HDB Apartment,904 sqft ,130 Simei Street 1, Ready to move,3,2,"S$ 2,200 /mo",EW3 Simei MRT Station,0.39 km
5,My Manhattan,Fully Furnished Condominium,441 sqft ,28 Simei Street 3, Ready to move,Studio,0,"S$ 2,400 /mo",EW3 Simei MRT Station,0.08 km
6,189a Sunbird Road,Fully Furnished Walk-up,1000 sqft ,(within 0.53 km), Ready to move,2,2,"S$ 2,000 /mo",EW3 Simei MRT Station,0.53 km
7,Eastpoint Green,Fully Furnished Condominium,1173 sqft ,1 Simei Street 3, S$ 2.73 psf,3,3,"S$ 3,200 /mo",EW3 Simei MRT Station,0.50 km
8,Double Bay Residences,Fully Furnished Condominium,150 sqft ,21 Simei Street 4, Ready to move,Room,0,S$ 900 /mo,EW3 Simei MRT Station,0.40 km
9,Tropicana Condominium,Condominium,1765 sqft ,2 Jalan Tiga Ratus, S$ 2.04 psf,3,2,"S$ 3,600 /mo",EW3 Simei MRT Station,0.85 km
10,Jalan Segam,Partially Furnished Semi-Detached House,"6800 sqft, 6800 sqft (land) ",Jalan Segam, Ready to move,7,7,"S$ 7,500 /mo",EW3 Simei MRT Station,0.91 km
11,My Manhattan,Partially Furnished Condominium,1152 sqft ,28 Simei Street 3, S$ 3.91 psf,3,3,"S$ 4,500 /mo",EW3 Simei MRT Station,0.08 km
12,Sunbird Road Semi-D,Semi-Detached House,"3600 sqft, 3780 sqft (land) ",Sunbird road, Ready to move,5,4,"S$ 4,800 /mo",EW3 Simei MRT Station,0.70 km
13,Melville Park,Fully Furnished Apartment,1000 sqft ,28 Simei Street 1, Ready to move,2,2,"S$ 2,400 /mo",EW3 Simei MRT Station,0.82 km
14,Tampines Court,Fully Furnished Condominium,1700 sqft ,118 Tampines Street 11, Available from 17 Jun,3,3,"S$ 2,400 /mo",EW3 Simei MRT Station,0.76 km
15,My Manhattan,Fully Furnished Condominium,441 sqft ,28 Simei Street 3, Ready to move,Studio,0,"S$ 2,200 /mo",EW3 Simei MRT Station,0.08 km
16,271 Tampines Street 21,Fully Furnished HDB Apartment,721 sqft ,271 Tampines Street 21, Available from 18 May,2,2,"S$ 2,000 /mo",EW3 Simei MRT Station,0.86 km
17,Tropicana Condominium,Fully Furnished Condominium,1650 sqft ,2 Jalan Tiga Ratus, Ready to move,3,3,"S$ 2,900 /mo",EW3 Simei MRT Station,0.85 km
18,Eastpoint Green,Fully Furnished Condominium,1141 sqft ,1 Simei Street 3, Available from 15 Jun,3,3,"S$ 3,100 /mo",EW3 Simei MRT Station,0.50 km
19,Simei Green Condominium,Fully Furnished Condominium,150 sqft ,11 Simei Street 4, Ready to move,Room,0,S$ 750 /mo,EW3 Simei MRT Station,0.55 km
0,102 Simei Street 1,Fully Furnished HDB Apartment,1100 sqft ,102 Simei Street 1, Ready to move,Room,0,S$ 650 /mo,EW3 Simei MRT Station,0.36 km
1,156 Simei Road,Fully Furnished HDB Apartment,1313 sqft ,156 Simei Road, Ready to move,3,2,"S$ 2,500 /mo",EW3 Simei MRT Station,0.64 km
2,127 Simei Street 1,Unfurnished HDB Apartment,1302 sqft ,127 Simei Street 1, Available from 1 May,3,2,"S$ 2,500 /mo",EW3 Simei MRT Station,0.38 km
3,Melville Park,Fully Furnished Apartment,1163 sqft ,16 Simei Street 1, Available from 20 Apr,3,3,"S$ 2,600 /mo",EW3 Simei MRT Station,0.82 km
4,My Manhattan,Condominium,936 sqft ,28 Simei Street 3, Ready to move,2,2,"S$ 3,400 /mo",EW3 Simei MRT Station,0.08 km
5,Harvey Crescent,Fully Furnished Corner Terrace,200 sqft ,harvey crescent, Ready to move,Room,0,S$ 750 /mo,EW3 Simei MRT Station,0.30 km
6,Sunbird View,Partially Furnished Apartment,1200 sqft ,183A Sunbird Road, Ready to move,3,3,"S$ 2,700 /mo",EW3 Simei MRT Station,0.54 km
7,155 Simei Road,Fully Furnished HDB Apartment,161 sqft ,155 Simei Road, Ready to move,Room,0,S$ 700 /mo,EW3 Simei MRT Station,0.60 km
8,Melville Park,Partially Furnished Condominium,1044 sqft ,12 Simei Street 1, Ready to move,3,2,"S$ 2,700 /mo",EW3 Simei MRT Station,0.82 km
9,256 Simei Street 1,Fully Furnished HDB Apartment,150 sqft ,256 Simei Street 1, Ready to move,Room,0,S$ 630 /mo,EW3 Simei MRT Station,0.16 km
10,319 Tampines Street 33,Fully Furnished HDB Apartment,125 sqft ,319 Tampines Street 33, Ready to move,Room,0,S$ 500 /mo,EW3 Simei MRT Station,0.96 km
11,Mistral Park,Fully Furnished Terraced House,200 sqft ,Jalan Angin Laut, Ready to move,Room,0,"S$ 1,000 /mo",EW3 Simei MRT Station,0.43 km
12,Simei Green Condominium,Partially Furnished Condominium,969 sqft ,1 Simei Street 4, Available from 30 Apr,2,2,"S$ 2,600 /mo",EW3 Simei MRT Station,0.55 km
13,Simei Green Condominium,Partially Furnished Condominium,1248 sqft ,1 Simei Street 4, Ready to move,3,3,"S$ 2,800 /mo",EW3 Simei MRT Station,0.55 km
14,My Manhattan,Fully Furnished Condominium,441 sqft ,28 Simei Street 3, Ready to move,Studio,0,"S$ 2,400 /mo",EW3 Simei MRT Station,0.08 km
15,Melville Park,Fully Furnished Apartment,1044 sqft ,28 Simei Street 1, S$ 2.39 psf,2,2,"S$ 2,500 /mo",EW3 Simei MRT Station,0.82 km
16,My Manhattan,Fully Furnished Condominium,441 sqft ,28 Simei Street 3, Ready to move,Studio,0,"S$ 2,400 /mo",EW3 Simei MRT Station,0.08 km
17,Changi Rise Condo,Partially Furnished Condominium,1130 sqft ,6 Simei Rise, Ready to move,Room,0,S$ 750 /mo,EW3 Simei MRT Station,0.83 km
18,My Manhattan,Fully Furnished Condominium,560 sqft ,35 Simei Street 3, Ready to move,1,1,"S$ 2,400 /mo",EW3 Simei MRT Station,0.08 km
19,Sunbird View,Partially Furnished Apartment,1300 sqft ,183A Sunbird Road, Ready to move,3,3,"S$ 2,600 /mo",EW3 Simei MRT Station,0.54 km
0,My Manhattan,Fully Furnished Condominium,441 sqft ,28 Simei Street 3, Ready to move,1,1,"S$ 2,300 /mo",EW3 Simei MRT Station,0.08 km
1,My Manhattan,Condominium,441 sqft ,28 Simei Street 3, Ready to move,Studio,0,"S$ 2,400 /mo",EW3 Simei MRT Station,0.08 km
2,Eastpoint Green,Fully Furnished Condominium,1119 sqft ,1 Simei Street 3, Ready to move,3,3,"S$ 2,800 /mo",EW3 Simei MRT Station,0.50 km
3,Melville Park,Fully Furnished Apartment,250 sqft ,12 Simei Street 1, Ready to move,Room,0,S$ 850 /mo,EW3 Simei MRT Station,0.82 km
4,131 Simei Street 1,Fully Furnished HDB Apartment,1100 sqft ,131 Simei Street 1, Ready to move,3,2,"S$ 2,300 /mo",EW3 Simei MRT Station,0.28 km
5,My Manhattan,Fully Furnished Condominium,441 sqft ,28 Simei Street 3, Ready to move,Studio,0,"S$ 2,200 /mo",EW3 Simei MRT Station,0.08 km
6,Sunbird Park,Terraced House,"2000 sqft, 1615 sqft (land) ",Sunbird Road, S$ 1.98 psf,3,3,"S$ 3,200 /mo",EW3 Simei MRT Station,0.71 km
7,113 Tampines Street 11,Partially Furnished HDB Apartment,120 sqft ,113 Tampines Street 11, Ready to move,Room,0,S$ 550 /mo,EW3 Simei MRT Station,0.87 km
8,124 Simei Street 1,Fully Furnished HDB Apartment,1050 sqft ,124 Simei Street 1, Ready to move,3,2,"S$ 2,000 /mo",EW3 Simei MRT Station,0.36 km
9,Simei Green Condominium,Partially Furnished Condominium,1562 sqft ,1 Simei Street 4, Available from 1 Jun,3,2,"S$ 2,900 /mo",EW3 Simei MRT Station,0.55 km
10,135 Simei Street 1,Fully Furnished HDB Apartment,100 sqft ,135 Simei Street 1, Ready to move,Room,0,"S$ 1,000 /mo",EW3 Simei MRT Station,0.68 km
11,Simei Green Condominium,Partially Furnished Condominium,1593 sqft ,15 Simei Street 4, Available from 4 Jun,3,3,"S$ 3,200 /mo",EW3 Simei MRT Station,0.55 km
12,225 Simei Street 4,Partially Furnished HDB Apartment,1313 sqft ,225 Simei Street 4, Ready to move,3,2,"S$ 2,700 /mo",EW3 Simei MRT Station,0.44 km
13,Melville Park,Fully Furnished Apartment,957 sqft ,26 Simei Street 1, Ready to move,2,2,"S$ 2,199 /mo",EW3 Simei MRT Station,0.82 km
14,My Manhattan,Fully Furnished Condominium,441 sqft ,33 Simei Street 3, Ready to move,Studio,0,"S$ 2,400 /mo",EW3 Simei MRT Station,0.08 km
15,234 Simei Street 4,Fully Furnished HDB Apartment,1313 sqft ,234 Simei Street 4, Available from 15 Apr,4,2,"S$ 2,500 /mo",EW3 Simei MRT Station,0.25 km
16,Melville Park,Fully Furnished Apartment,250 sqft ,18 Simei Street 1, Ready to move,Room,0,"S$ 1,000 /mo",EW3 Simei MRT Station,0.82 km
17,Double Bay Residences,Fully Furnished Condominium,940 sqft ,21 Simei Street 4, Available from 1 May,2,2,"S$ 2,800 /mo",EW3 Simei MRT Station,0.40 km
18,114 Simei Street 1,Partially Furnished HDB Apartment,968 sqft ,114 Simei Street 1, Ready to move,3,2,"S$ 2,000 /mo",EW3 Simei MRT Station,0.35 km
19,Melville Park,Fully Furnished Apartment,959 sqft ,12 Simei Street 1, Ready to move,2,2,"S$ 2,300 /mo",EW3 Simei MRT Station,0.82 km
0,144 Simei Street 2,HDB Apartment,200 sqft ,144 Simei Street 2, Ready to move,Room,0,S$ 850 /mo,EW3 Simei MRT Station,0.34 km
1,Simei Green Condominium,Fully Furnished Condominium,100 sqft ,1 Simei Street 4, Ready to move,1,1,S$ 850 /mo,EW3 Simei MRT Station,0.55 km
2,288 Tampines Street 22,HDB Apartment,150 sqft ,288 Tampines Street 22, Ready to move,Room,0,S$ 600 /mo,EW3 Simei MRT Station,0.64 km
3,124 Simei Street 1,Partially Furnished HDB Apartment,900 sqft ,124 Simei Street 1, Ready to move,3,2,"S$ 2,000 /mo",EW3 Simei MRT Station,0.36 km
4,224 Simei Street 4,Fully Furnished HDB Apartment,200 sqft ,224 Simei Street 4, Available from 1 May,Room,0,S$ 650 /mo,EW3 Simei MRT Station,0.41 km
5,Simei Green Condominium,Fully Furnished Condominium,200 sqft ,11 Simei Street 4, Ready to move,Room,0,S$ 750 /mo,EW3 Simei MRT Station,0.55 km
6,Melville Park,Fully Furnished Apartment,950 sqft ,26 Simei Street 1, Ready to move,2,2,"S$ 2,400 /mo",EW3 Simei MRT Station,0.82 km
7,222 Simei Street 4,Fully Furnished HDB Apartment,100 sqft ,222 Simei Street 4, Ready to move,Room,0,S$ 550 /mo,EW3 Simei MRT Station,0.44 km
8,155 Simei Road,Fully Furnished HDB Apartment,161 sqft ,155 Simei Road, Ready to move,Room,0,S$ 700 /mo,EW3 Simei MRT Station,0.60 km
9,168B Simei Lane,Partially Furnished HDB Apartment,200 sqft ,168B Simei Lane, Ready to move,Room,0,S$ 800 /mo,EW3 Simei MRT Station,0.59 km
10,Tropicana Condominium,Condominium,1765 sqft ,2 Jalan Tiga Ratus, S$ 2.04 psf,3,2,"S$ 3,600 /mo",EW3 Simei MRT Station,0.85 km
11,My Manhattan,Fully Furnished Condominium,560 sqft ,35 Simei Street 3, Ready to move,1,1,"S$ 2,300 /mo",EW3 Simei MRT Station,0.08 km
12,Melville Park,Fully Furnished Apartment,1346 sqft ,12 Simei Street 1, Ready to move,3,3,"S$ 3,100 /mo",EW3 Simei MRT Station,0.82 km
13,101 Simei Street 1,Fully Furnished HDB Apartment,500 sqft ,101 Simei Street 1, Ready to move,Room,0,S$ 800 /mo,EW3 Simei MRT Station,0.35 km
14,Tampines,Fully Furnished HDB Apartment,1570 sqft ,Tampines, Ready to move,3,3,"S$ 2,200 /mo",EW3 Simei MRT Station,0.86 km
15,Tropicana Condominium,Partially Furnished Condominium,1765 sqft ,2 Jalan Tiga Ratus, Ready to move,3,3,"S$ 3,600 /mo",EW3 Simei MRT Station,0.85 km
16,"126 Tampines St 11, Big Common Room For Rent",Fully Furnished HDB Apartment,1431 sqft ,126 126 tampines street 11 Singapore 321126, Ready to move,Room,0,S$ 750 /mo,EW3 Simei MRT Station,
17,Melville Park,Fully Furnished Apartment,200 sqft ,12 Simei Street 1, Ready to move,1,1,"S$ 1,500 /mo",EW3 Simei MRT Station,0.82 km
18,Huge Spacious 6+2 Bedroom Semi Detached House Near Upp Changi DTL MRT,Partially Furnished Semi-Detached House,"7000 sqft, 4000 sqft (land) ",Simei, Ready to move,6,7,"S$ 8,500 /mo",EW3 Simei MRT Station,0.83 km
19,165 Simei Road,Fully Furnished HDB Apartment,1000 sqft ,165 Simei Road, Ready to move,3,2,"S$ 2,100 /mo",EW3 Simei MRT Station,0.69 km
0,Eastpoint Green,Partially Furnished Condominium,1130 sqft ,3 Simei Street 3, Ready to move,3,3,"S$ 2,900 /mo",EW3 Simei MRT Station,0.50 km
1,Sunbird Park,Fully Furnished Semi-Detached House,"300 sqft, 4000 sqft (land) ",Sunbird Road, Ready to move,Room,0,"S$ 1,000 /mo",EW3 Simei MRT Station,0.71 km
2,Melville Park,Fully Furnished Condominium,180 sqft ,12 Simei Street 1, S$ 8.33 psf,Room,0,"S$ 1,500 /mo",EW3 Simei MRT Station,0.82 km
3,280 Tampines Street 22,Fully Furnished HDB Apartment,1119 sqft ,280 Tampines Street 22, Ready to move,3,2,"S$ 2,350 /mo",EW3 Simei MRT Station,0.52 km
4,Simei Green Condominium,Fully Furnished Condominium,200 sqft ,7 Simei Street 4, Ready to move,Room,0,"S$ 1,000 /mo",EW3 Simei MRT Station,0.55 km
5,247 Simei Street 5,Fully Furnished HDB Apartment,180 sqft ,247 Simei Street 5, Ready to move,Room,0,S$ 750 /mo,EW3 Simei MRT Station,0.14 km
6,Modena,Fully Furnished Condominium,1475 sqft ,41 Simei Street 4, Available from 1 May,3,2,"S$ 3,600 /mo",EW3 Simei MRT Station,0.18 km
7,122 Simei Street 1,Fully Furnished HDB Apartment,120 sqft ,122 Simei Street 1, Ready to move,Room,0,S$ 800 /mo,EW3 Simei MRT Station,0.28 km
8,283 Tampines Street 22,Partially Furnished HDB Apartment,796 sqft ,283 Tampines Street 22, Available from 1 May,2,2,"S$ 2,100 /mo",EW3 Simei MRT Station,0.63 km
9,Changi Rise Condo,Partially Furnished Condominium,1281 sqft ,4 Simei Rise, Ready to move,3,3,"S$ 3,000 /mo",EW3 Simei MRT Station,0.83 km
10,Changi Rise Condo,Partially Furnished Condominium,1830 sqft ,4 Simei Rise, Ready to move,3,3,"S$ 3,800 /mo",EW3 Simei MRT Station,0.83 km
11,My Manhattan,Fully Furnished Condominium,441 sqft ,33 Simei Street 3, Ready to move,Studio,0,"S$ 2,400 /mo",EW3 Simei MRT Station,0.08 km
12,Melville Park,Fully Furnished Apartment,180 sqft ,12 Simei Street 1, Available from 28 Apr,Room,0,S$ 850 /mo,EW3 Simei MRT Station,0.82 km
13,Jalan Pergam,Partially Furnished Semi-Detached House,"2600 sqft, 4200 sqft (land) ",Jalan Pergam, Ready to move,3,3,"S$ 4,200 /mo",EW3 Simei MRT Station,0.96 km
14,Simei Green Condominium,Partially Furnished Condominium,969 sqft ,1 Simei Street 4, Ready to move,3,2,"S$ 2,500 /mo",EW3 Simei MRT Station,0.55 km
15,Modena,Fully Furnished Condominium,1528 sqft ,35 Simei Street 4, Available from 1 May,3,3,"S$ 4,000 /mo",EW3 Simei MRT Station,0.18 km
16,Tropical Spring,Condominium,1530 sqft ,23 Simei Street 4, Ready to move,4,3,"S$ 3,800 /mo",EW3 Simei MRT Station,0.24 km
17,293 Tampines Street 22,Fully Furnished HDB Apartment,120 sqft ,293 Tampines Street 22, Ready to move,Room,0,S$ 400 /mo,EW3 Simei MRT Station,0.82 km
18,277 Tampines Street 22,Fully Furnished HDB Apartment,138 sqft ,277 Tampines Street 22, Ready to move,Room,0,S$ 750 /mo,EW3 Simei MRT Station,0.52 km
19,Double Bay Residences,Fully Furnished Condominium,635 sqft ,21 Simei Street 4, Available from 2 May,1,1,"S$ 2,200 /mo",EW3 Simei MRT Station,0.40 km
0,159 Simei Road,Fully Furnished Terraced House,160 sqft ,159 Simei Road, Ready to move,1,1,"S$ 1,200 /mo",EW3 Simei MRT Station,0.73 km
1,166 Tampines Street 12,Fully Furnished HDB Apartment,980 sqft ,166 Tampines Street 12, Ready to move,3,2,"S$ 2,200 /mo",EW3 Simei MRT Station,0.99 km
2,Bk161/734/139/884/458/GELANG BARU/ BEDOK/ TAMPINES$400/$$750),Fully Furnished HDB Apartment,50 sqft ,210 BEDOK NEW UPP CHAGI RD, Ready to move,1,1,S$ 650 /mo,EW3 Simei MRT Station,0.77 km
3,Changi Rise Condo,Partially Furnished Condominium,1259 sqft ,4 Simei Rise, Ready to move,3,3,"S$ 3,000 /mo",EW3 Simei MRT Station,0.83 km
4,My Manhattan,Fully Furnished Condominium,441 sqft ,33 Simei Street 3, Ready to move,Studio,0,"S$ 2,199 /mo",EW3 Simei MRT Station,0.08 km
5,Meragi Road,Partially Furnished Semi-Detached House,"2800 sqft, 3500 sqft (land) ",Meragi Road, Ready to move,5,3,"S$ 6,000 /mo",EW3 Simei MRT Station,0.80 km
6,My Manhattan,Fully Furnished Condominium,441 sqft ,28 Simei Street 3, Ready to move,Studio,0,"S$ 2,400 /mo",EW3 Simei MRT Station,0.08 km
7,Modena,Partially Furnished Condominium,1475 sqft ,35 Simei Street 4, Ready to move,3,3,"S$ 3,500 /mo",EW3 Simei MRT Station,0.18 km
8,Changi Rise Condo,Partially Furnished Condominium,1281 sqft ,24 Simei Rise, Available from 5 Jun,3,3,"S$ 3,100 /mo",EW3 Simei MRT Station,0.83 km
9,145 Simei Street 2,Fully Furnished HDB Apartment,1120 sqft ,145 Simei Street 2, Ready to move,3,2,"S$ 2,500 /mo",EW3 Simei MRT Station,0.31 km
10,Changi Rise Condo,Condominium,1496 sqft ,2 Simei Rise, Available from 15 May,4,3,"S$ 3,000 /mo",EW3 Simei MRT Station,0.83 km
11,Melville Park,Partially Furnished Apartment,1421 sqft ,12 Simei Street 1, Ready to move,3,3,"S$ 2,800 /mo",EW3 Simei MRT Station,0.82 km
12,285 Tampines Street 22,HDB Apartment,100 sqft ,285 Tampines Street 22, Ready to move,Room,0,S$ 700 /mo,EW3 Simei MRT Station,0.77 km
13,Melville Park,Fully Furnished Apartment,1044 sqft ,12 Simei Street 1, Ready to move,3,2,"S$ 2,500 /mo",EW3 Simei MRT Station,0.82 km
14,Eastpoint Green,Fully Furnished Condominium,1140 sqft ,1 Simei Street 3, S$ 2.63 psf,3,3,"S$ 3,000 /mo",EW3 Simei MRT Station,0.50 km
15,137 Simei Street 1,Fully Furnished HDB Apartment,1313 sqft ,137 Simei Street 1, S$ 1.90 psf,3,2,"S$ 2,500 /mo",EW3 Simei MRT Station,0.59 km
16,My Manhattan,Partially Furnished Condominium,872 sqft ,28 Simei Street 3, Ready to move,2,2,"S$ 3,100 /mo",EW3 Simei MRT Station,0.08 km
17,Tropical Spring,Fully Furnished Condominium,1530 sqft ,31 Simei Street 4, Ready to move,4,3,"S$ 3,800 /mo",EW3 Simei MRT Station,0.24 km
18,My Manhattan,Fully Furnished Condominium,441 sqft ,28 Simei Street 3, S$ 5.22 psf,1,1,"S$ 2,300 /mo",EW3 Simei MRT Station,0.08 km
19,245 Simei Street 5,Fully Furnished HDB Apartment,1281 sqft ,245 Simei Street 5, S$ 1.95 psf,4,2,"S$ 2,500 /mo",EW3 Simei MRT Station,0.18 km
0,102 Tampines Street 11,Fully Furnished HDB Apartment,215 sqft ,102 Tampines Street 11, Ready to move,Room,0,S$ 500 /mo,EW3 Simei MRT Station,0.92 km
1,My Manhattan,Fully Furnished Condominium,400 sqft ,28 Simei Street 3, Ready to move,Studio,0,"S$ 2,100 /mo",EW3 Simei MRT Station,0.08 km
2,Eastpoint Green,Fully Furnished Condominium,1130 sqft ,7 Simei Street 3, Available from 26 Apr,3,3,"S$ 2,900 /mo",EW3 Simei MRT Station,0.50 km
3,Changi Rise Condo,Fully Furnished Condominium,1259 sqft ,18 Simei Rise, Available from 15 Apr,3,3,"S$ 2,800 /mo",EW3 Simei MRT Station,0.83 km
4,134 Simei Street 1,Fully Furnished HDB Apartment,150 sqft ,134 Simei Street 1, S$ 3.67 psf,Room,0,S$ 550 /mo,EW3 Simei MRT Station,0.58 km
5,272 Tampines Street 22,Fully Furnished HDB Apartment,300 sqft ,272 Tampines Street 22, Ready to move,Room,0,"S$ 1,000 /mo",EW3 Simei MRT Station,0.77 km
6,Tropical Spring,Fully Furnished Condominium,250 sqft ,33 Simei Street 4, Ready to move,Room,0,S$ 950 /mo,EW3 Simei MRT Station,0.24 km
7,233 Simei Street 4,Partially Furnished HDB Apartment,1119 sqft ,233 Simei Street 4, Ready to move,3,2,"S$ 2,300 /mo",EW3 Simei MRT Station,0.33 km
8,Tampines Court,Partially Furnished Condominium,1690 sqft ,135 Tampines Street 11, Ready to move,3,2,S$ 800 /mo,EW3 Simei MRT Station,0.76 km
9,106 Tampines Street 11,Partially Furnished HDB Apartment,1108 sqft ,106 Tampines Street 11, Available from 1 May,3,2,"S$ 2,100 /mo",EW3 Simei MRT Station,0.79 km
10,East View Garden 20 Jalan Segam,Partially Furnished Terraced House,"7000 sqft, 3900 sqft (land) ",20 Jalan Segam, Ready to move,6,7,"S$ 8,500 /mo",EW3 Simei MRT Station,0.91 km
11,205 Tampines Street 21,Fully Furnished HDB Apartment,200 sqft ,205 Tampines Street 21, Ready to move,Room,0,S$ 900 /mo,EW3 Simei MRT Station,0.97 km
12,134 Simei Street 1,HDB Apartment,150 sqft ,134 Simei Street 1, S$ 3.87 psf,Room,0,S$ 580 /mo,EW3 Simei MRT Station,0.58 km
13,My Manhattan,Fully Furnished Condominium,250 sqft ,25 Simei Street 3, Ready to move,Room,0,"S$ 1,200 /mo",EW3 Simei MRT Station,0.08 km
14,230 Simei Street 4,Fully Furnished HDB Apartment,120 sqft ,230 Simei Street 4, Ready to move,Room,0,S$ 750 /mo,EW3 Simei MRT Station,0.29 km
15,165 Simei Road,Fully Furnished HDB Apartment,1313 sqft ,165 Simei Road, Available from 15 Apr,3,2,"S$ 2,400 /mo",EW3 Simei MRT Station,0.69 km
16,Modena,Fully Furnished Condominium,1495 sqft ,35 Simei Street 4, S$ 2.54 psf,3,2,"S$ 3,800 /mo",EW3 Simei MRT Station,0.18 km
17,101 Simei Street 1,Fully Furnished HDB Apartment,1130 sqft ,101 Simei Street 1, Ready to move,3,2,"S$ 2,150 /mo",EW3 Simei MRT Station,0.35 km
18,Melville Park,Fully Furnished Apartment,1044 sqft ,16 Simei Street 1, Ready to move,3,2,"S$ 2,750 /mo",EW3 Simei MRT Station,0.82 km
19,Simei Green Condominium,Fully Furnished Condominium,90 sqft ,1 Simei Street 4, S$ 8.89 psf,Room,0,S$ 800 /mo,EW3 Simei MRT Station,0.55 km
0,Melville Park,Fully Furnished Apartment,957 sqft ,12 Simei Street 1, Ready to move,2,2,"S$ 2,400 /mo",EW3 Simei MRT Station,0.82 km
1,272 Tampines Street 22,Fully Furnished HDB Apartment,99 sqft ,272 Tampines Street 22, Ready to move,Room,0,S$ 900 /mo,EW3 Simei MRT Station,0.77 km
2,Eastpoint Green,Fully Furnished Condominium,969 sqft ,1 Simei Street 3, Available from 1 May,2,3,"S$ 2,500 /mo",EW3 Simei MRT Station,0.50 km
3,My Manhattan,Condominium,441 sqft ,28 Simei Street 3, Ready to move,Studio,0,"S$ 2,400 /mo",EW3 Simei MRT Station,0.08 km
4,319 Tampines Street 33,Fully Furnished HDB Apartment,200 sqft ,319 Tampines Street 33, Ready to move,Room,0,S$ 900 /mo,EW3 Simei MRT Station,0.96 km
5,My Manhattan,Partially Furnished Condominium,936 sqft ,29 Simei Street 3, S$ 3.42 psf,2,2,"S$ 3,200 /mo",EW3 Simei MRT Station,0.08 km
6,Melville Park,Fully Furnished Apartment,1001 sqft ,12 Simei Street 1, Available from 1 Jun,2,2,"S$ 2,950 /mo",EW3 Simei MRT Station,0.82 km
7,My Manhattan,Fully Furnished Condominium,936 sqft ,28 Simei Street 3, Ready to move,2,2,"S$ 3,400 /mo",EW3 Simei MRT Station,0.08 km
8,Mistral Park,Partially Furnished Terraced House,"2430 sqft, 4180 sqft (land) ",Jalan Angin Laut, S$ 1.27 psf,4,0,"S$ 5,300 /mo",EW3 Simei MRT Station,0.43 km
9,283 Tampines Street 22,Fully Furnished HDB Apartment,1119 sqft ,283 Tampines Street 22, Ready to move,3,2,"S$ 2,100 /mo",EW3 Simei MRT Station,0.63 km
10,145 Simei Street 2,Fully Furnished HDB Apartment,1120 sqft ,145 Simei Street 2, S$ 2.23 psf,3,2,"S$ 2,500 /mo",EW3 Simei MRT Station,0.31 km
11,My Manhattan,Fully Furnished Condominium,441 sqft ,28 Simei Street 3, Ready to move,Studio,0,"S$ 2,400 /mo",EW3 Simei MRT Station,0.08 km
12,Melville Park,Fully Furnished Apartment,1044 sqft ,12 Simei Street 1, Ready to move,3,3,"S$ 2,700 /mo",EW3 Simei MRT Station,0.82 km
13,70 Jalan Tiga Ratus,Fully Furnished Terraced House,"1500 sqft, 3000 sqft (land) ",jalan tiga ratus, S$ 0.50 psf,Room,0,"S$ 1,500 /mo",EW3 Simei MRT Station,0.63 km
14,223 Simei Street 4,Fully Furnished HDB Apartment,1118 sqft ,223 Simei Street 4, Available from 24 Apr,3,2,"S$ 2,300 /mo",EW3 Simei MRT Station,0.48 km
15,Tropical Spring,Fully Furnished Condominium,1787 sqft ,27 Simei Street 4, Ready to move,3,3,"S$ 3,800 /mo",EW3 Simei MRT Station,0.24 km
16,Simei MRT HDB Room Special,Fully Furnished HDB Apartment,250 sqft ,Simei Street 5, Ready to move,Room,0,S$ 750 /mo,EW3 Simei MRT Station,0.09 km
17,My Manhattan,Partially Furnished Condominium,1200 sqft ,27 Simei Street 3, Ready to move,3,3,"S$ 4,000 /mo",EW3 Simei MRT Station,0.08 km
18,Tropicana Condominium,Condominium,2000 sqft ,2 Jalan Tiga Ratus, Ready to move,3,2,"S$ 4,200 /mo",EW3 Simei MRT Station,0.85 km
19,Melville Park,Apartment,1050 sqft ,26 Simei Street 1, S$ 2.67 psf,3,2,"S$ 2,800 /mo",EW3 Simei MRT Station,0.82 km
0,My Manhattan,Partially Furnished Condominium,495 sqft ,31 Simei Street 3, Ready to move,1,1,"S$ 2,450 /mo",EW3 Simei MRT Station,0.08 km
1,Eastpoint Green,Condominium,1130 sqft ,1 Simei Street 3, Ready to move,3,3,"S$ 2,800 /mo",EW3 Simei MRT Station,0.50 km
2,Harvey Crescent,Fully Furnished Semi-Detached House,150 sqft ,harvey crescent, Ready to move,Room,0,S$ 750 /mo,EW3 Simei MRT Station,0.25 km
3,30 Harvey Crescent,Partially Furnished Corner Terrace,"140 sqft, 2800 sqft (land) ",Harvey Crescent, Ready to move,Room,0,S$ 750 /mo,EW3 Simei MRT Station,0.30 km
4,103 Tampines Street 11,Fully Furnished HDB Apartment,807 sqft ,103 Tampines Street 11, Ready to move,2,2,"S$ 2,300 /mo",EW3 Simei MRT Station,0.96 km
5,Sea Breeze Terrace,Fully Furnished Terraced House,"200 sqft, 2000 sqft (land) ",Sea Breeze Avenue, S$ 0.50 psf,Room,0,"S$ 1,000 /mo",EW3 Simei MRT Station,0.65 km
6,Melville Park,Fully Furnished Apartment,958 sqft ,28 Simei Street 1, Ready to move,2,2,"S$ 2,300 /mo",EW3 Simei MRT Station,0.82 km
7,205 Tampines Street 21,Fully Furnished HDB Apartment,1070 sqft ,205 Tampines Street 21, Ready to move,3,2,"S$ 2,100 /mo",EW3 Simei MRT Station,0.97 km
8,Simei Green Condominium,Fully Furnished Condominium,80 sqft ,3 Simei Street 4, Ready to move,Room,0,S$ 800 /mo,EW3 Simei MRT Station,0.55 km
9,Harvey Crescent,Fully Furnished Terraced House,140 sqft ,Harvey Crescent, S$ 5.36 psf,Room,0,S$ 750 /mo,EW3 Simei MRT Station,0.30 km
10,156 Simei Road,Fully Furnished HDB Apartment,1350 sqft ,156 Simei Road, Ready to move,3,2,"S$ 2,500 /mo",EW3 Simei MRT Station,0.64 km
11,Double Bay Residences,Partially Furnished Condominium,936 sqft ,21 Simei Street 4, Available from 30 Jun,2,2,"S$ 2,900 /mo",EW3 Simei MRT Station,0.40 km
12,Modena,Fully Furnished Condominium,1410 sqft ,35 Simei Street 4, Ready to move,3,3,"S$ 3,600 /mo",EW3 Simei MRT Station,0.18 km
13,167B Simei Lane,Fully Furnished HDB Apartment,1195 sqft ,167B Simei Lane, Available from 15 Apr,3,2,"S$ 2,500 /mo",EW3 Simei MRT Station,0.69 km
14,Blk 116 Simei Street 1,Fully Furnished HDB Apartment,1313 sqft ,Blk 116 Simei Street 1, Ready to move,Room,0,S$ 800 /mo,EW3 Simei MRT Station,0.28 km
15,Melville Park,Fully Furnished Apartment,958 sqft ,26 Simei Street 1, Ready to move,2,2,"S$ 2,300 /mo",EW3 Simei MRT Station,0.82 km
16,Melville Park,Fully Furnished Apartment,200 sqft ,12 Simei Street 1, Ready to move,Room,0,"S$ 1,100 /mo",EW3 Simei MRT Station,0.82 km
17,256 Simei Street 1,Fully Furnished HDB Apartment,1110 sqft ,256 Simei Street 1, Ready to move,3,2,"S$ 2,400 /mo",EW3 Simei MRT Station,0.16 km
18,109 Simei Street 1,Fully Furnished HDB Apartment,150 sqft ,109 Simei Street 1, Ready to move,Room,0,S$ 700 /mo,EW3 Simei MRT Station,0.38 km
19,Melville Park,Partially Furnished Apartment,1378 sqft ,12 Simei Street 1, S$ 2.18 psf,3,2,"S$ 3,000 /mo",EW3 Simei MRT Station,0.82 km
0,Modena,Fully Furnished Condominium,1475 sqft ,35 Simei Street 4, Available from 30 Apr,3,2,"S$ 3,500 /mo",EW3 Simei MRT Station,0.18 km
1,136 Simei Street 1,Fully Furnished HDB Apartment,1313 sqft ,136 Simei Street 1, Ready to move,3,2,"S$ 2,500 /mo",EW3 Simei MRT Station,0.62 km
2,Melville Park,Apartment,936 sqft ,12 Simei Street 1, Available from 12 Apr,2,2,"S$ 2,500 /mo",EW3 Simei MRT Station,0.82 km
3,Melville Park,Fully Furnished Apartment,250 sqft ,12 Simei Street 1, Ready to move,1,1,"S$ 1,300 /mo",EW3 Simei MRT Station,0.82 km
4,166 Tampines Street 12,Fully Furnished HDB Apartment,1078 sqft ,166 Tampines Street 12, Ready to move,Room,0,"S$ 1,200 /mo",EW3 Simei MRT Station,0.99 km
5,Melville Park,Fully Furnished Apartment,780 sqft ,28 Simei Street 1, S$ 1.67 psf,Room,0,"S$ 1,300 /mo",EW3 Simei MRT Station,0.82 km
6,269 Tampines Street 21,Fully Furnished HDB Apartment,753 sqft ,269 Tampines Street 21, Ready to move,2,2,"S$ 1,900 /mo",EW3 Simei MRT Station,0.99 km
7,280 Tampines Street 22,Fully Furnished HDB Apartment,100 sqft ,280 Tampines Street 22, Ready to move,Room,0,S$ 640 /mo,EW3 Simei MRT Station,0.52 km
8,Melville Park,Fully Furnished Apartment,1195 sqft ,12 Simei Street 1, Ready to move,3,3,"S$ 3,200 /mo",EW3 Simei MRT Station,0.82 km
9,My Manhattan,Partially Furnished Condominium,500 sqft ,28 Simei Street 3, Ready to move,1,1,"S$ 2,200 /mo",EW3 Simei MRT Station,0.08 km
10,Melville Park,Partially Furnished Condominium,1206 sqft ,18 Simei Street 1, Ready to move,3,3,"S$ 2,950 /mo",EW3 Simei MRT Station,0.82 km
11,271 Tampines Street 21,Fully Furnished HDB Apartment,851 sqft ,271 Tampines Street 21, Ready to move,2,2,"S$ 2,000 /mo",EW3 Simei MRT Station,0.86 km
12,Melville Park,Partially Furnished Apartment,1389 sqft ,12 Simei Street 1, Ready to move,3,2,"S$ 2,800 /mo",EW3 Simei MRT Station,0.82 km
13,Changi Rise Condo,Fully Furnished Condominium,1259 sqft ,4 Simei Rise, Available from 1 May,3,3,"S$ 2,800 /mo",EW3 Simei MRT Station,0.83 km
14,230 Simei Street 4,HDB Apartment,150 sqft ,230 Simei Street 4, Ready to move,Room,0,S$ 700 /mo,EW3 Simei MRT Station,0.29 km
15,Tropical Spring,Condominium,1528 sqft ,33 Simei Street 4, S$ 2.62 psf,4,2,"S$ 4,000 /mo",EW3 Simei MRT Station,0.24 km
16,155 Simei Road,Fully Furnished HDB Apartment,1120 sqft ,155 Simei Road, Ready to move,3,2,"S$ 2,500 /mo",EW3 Simei MRT Station,0.60 km
17,Sunbird Park,Partially Furnished Terraced House,"2500 sqft, 2500 sqft (land) ",Sunbird Road, Ready to move,4,3,"S$ 3,400 /mo",EW3 Simei MRT Station,0.71 km
18,269 Tampines Street 21,Fully Furnished HDB Apartment,753 sqft ,269 Tampines Street 21, Ready to move,2,2,"S$ 2,000 /mo",EW3 Simei MRT Station,0.99 km
19,Changi Rise Condo,Partially Furnished Condominium,1281 sqft ,4 Simei Rise, Available from 15 May,3,3,"S$ 2,900 /mo",EW3 Simei MRT Station,0.83 km
0,Changi Rise Condo,Fully Furnished Condominium,1260 sqft ,18 Simei Rise, Ready to move,3,3,"S$ 2,800 /mo",EW3 Simei MRT Station,0.83 km
1,Blk 116 Simei Street 1,Fully Furnished HDB Apartment,1313 sqft ,Blk 116 Simei Street 1, Ready to move,3,2,"S$ 2,500 /mo",EW3 Simei MRT Station,0.28 km
2,My Manhattan,Fully Furnished Condominium,100 sqft ,33 Simei Street 3, Ready to move,Room,0,S$ 900 /mo,EW3 Simei MRT Station,0.08 km
3,Melville Park,Fully Furnished Apartment,1044 sqft ,12 Simei Street 1, Ready to move,3,2,"S$ 2,500 /mo",EW3 Simei MRT Station,0.82 km
4,Simei Green Condominium,Condominium,1195 sqft ,11 Simei Street 4, S$ 2.68 psf,3,0,"S$ 3,200 /mo",EW3 Simei MRT Station,0.55 km
5,Tropical Spring,Condominium,1378 sqft ,23 Simei Street 4, Ready to move,3,3,"S$ 3,580 /mo",EW3 Simei MRT Station,0.24 km
6,126 Simei Street 1,Fully Furnished HDB Apartment,1100 sqft ,126 Simei Street 1, Available from 15 May,3,2,"S$ 2,299 /mo",EW3 Simei MRT Station,0.42 km
7,Melville Park,Fully Furnished Condominium,180 sqft ,22 Simei Street 1, Ready to move,Room,0,"S$ 1,500 /mo",EW3 Simei MRT Station,0.82 km
8,137 Simei Street 1,Fully Furnished HDB Apartment,904 sqft ,137 Simei Street 1, Available from 1 May,2,2,"S$ 2,200 /mo",EW3 Simei MRT Station,0.59 km
9,109 Simei Street 1,Fully Furnished HDB Apartment,215 sqft ,109 Simei Street 1, Ready to move,Room,0,S$ 800 /mo,EW3 Simei MRT Station,0.38 km
10,Eastpoint Green,Partially Furnished Condominium,958 sqft ,3 Simei Street 3, Ready to move,2,3,"S$ 2,500 /mo",EW3 Simei MRT Station,0.50 km
11,231 Simei Street 4,Partially Furnished HDB Apartment,200 sqft ,231 Simei Street 4, Ready to move,Room,0,S$ 600 /mo,EW3 Simei MRT Station,0.39 km
12,My Manhattan,Fully Furnished Condominium,560 sqft ,28 Simei Street 3, Ready to move,1,1,"S$ 2,500 /mo",EW3 Simei MRT Station,0.08 km
13,Melville Park,Fully Furnished Apartment,150 sqft ,12 Simei Street 1, Ready to move,Room,0,"S$ 1,250 /mo",EW3 Simei MRT Station,0.82 km
14,105 Tampines Street 11,Fully Furnished HDB Apartment,500 sqft ,105 Tampines Street 11, Ready to move,Room,0,S$ 700 /mo,EW3 Simei MRT Station,0.87 km
15,107 Tampines Street 11,Partially Furnished HDB Apartment,796 sqft ,107 Tampines Street 11, Ready to move,2,2,"S$ 2,000 /mo",EW3 Simei MRT Station,0.84 km
16,Good Price Hurry Simei MRT Double Bay,Fully Furnished Condominium,970 sqft ,(within 0.41 km), S$ 2.16 psf,1,1,"S$ 2,100 /mo",EW3 Simei MRT Station,0.41 km
17,My Manhattan,Condominium,441 sqft ,28 Simei Street 3, Ready to move,Studio,0,"S$ 2,288 /mo",EW3 Simei MRT Station,0.08 km
18,My Manhattan,Condominium,441 sqft ,28 Simei Street 3, Ready to move,Studio,0,"S$ 2,400 /mo",EW3 Simei MRT Station,0.08 km
19,Changi Rise Condo,Partially Furnished Condominium,1249 sqft ,4 Simei Rise, Ready to move,3,3,"S$ 3,000 /mo",EW3 Simei MRT Station,0.83 km
0,Eastpoint Green,Fully Furnished Condominium,1119 sqft ,1 Simei Street 3, Available from 1 May,3,3,"S$ 3,100 /mo",EW3 Simei MRT Station,0.50 km
1,Melville Park,Partially Furnished Apartment,1044 sqft ,12 Simei Street 1, S$ 0.91 psf,Room,0,S$ 950 /mo,EW3 Simei MRT Station,0.82 km
2,253 Simei Street 1,Fully Furnished HDB Apartment,1204 sqft ,253 Simei Street 1, Ready to move,3,2,"S$ 2,100 /mo",EW3 Simei MRT Station,0.14 km
3,106 Simei Street 1,Fully Furnished HDB Apartment,90 sqft ,106 Simei Street 1, Ready to move,Room,0,S$ 650 /mo,EW3 Simei MRT Station,0.36 km
4,272 Tampines Street 22,Fully Furnished HDB Apartment,786 sqft ,272 Tampines Street 22, S$ 2.42 psf,2,2,"S$ 1,900 /mo",EW3 Simei MRT Station,0.77 km
5,277 Tampines Street 22,Fully Furnished HDB Apartment,103 sqft ,277 Tampines Street 22, Ready to move,Room,0,S$ 750 /mo,EW3 Simei MRT Station,0.52 km
6,70 Jalan Tiga Ratus,Fully Furnished Semi-Detached House,"1100 sqft, 2500 sqft (land) ",jalan tiga ratus, Ready to move,Room,0,"S$ 1,300 /mo",EW3 Simei MRT Station,0.63 km
7,Tropicana Condominium,Fully Furnished Condominium,1765 sqft ,2 Jalan Tiga Ratus, Ready to move,3,3,"S$ 3,600 /mo",EW3 Simei MRT Station,0.85 km
8,165 Simei Road,Fully Furnished HDB Apartment,1130 sqft ,165 Simei Road, Ready to move,3,2,"S$ 2,100 /mo",EW3 Simei MRT Station,0.69 km
9,Double Bay Residences,Fully Furnished Condominium,1313 sqft ,21 Simei Street 4, Ready to move,3,3,"S$ 3,800 /mo",EW3 Simei MRT Station,0.40 km
10,My Mahatten,Fully Furnished Condominium,441 sqft ,33 simei street 3, Ready to move,Studio,0,"S$ 2,400 /mo",EW3 Simei MRT Station,0.07 km
11,Tropicana Condominium,Partially Furnished Condominium,1765 sqft ,2 Jalan Tiga Ratus, Ready to move,3,3,"S$ 3,600 /mo",EW3 Simei MRT Station,0.85 km
12,My Manhattan,Fully Furnished Condominium,936 sqft ,28 Simei Street 3, S$ 3.63 psf,2,2,"S$ 3,400 /mo",EW3 Simei MRT Station,0.08 km
13,My Manhattan,Fully Furnished Condominium,440 sqft ,28 Simei Street 3, Ready to move,Studio,0,"S$ 2,400 /mo",EW3 Simei MRT Station,0.08 km
14,168B Simei Lane,Fully Furnished HDB Apartment,1184 sqft ,168B Simei Lane, Ready to move,3,2,"S$ 2,600 /mo",EW3 Simei MRT Station,0.59 km
15,230 Simei Street 4,Fully Furnished HDB Apartment,150 sqft ,230 Simei Street 4, Ready to move,Room,0,S$ 800 /mo,EW3 Simei MRT Station,0.29 km
16,Tropicana Condominium,Condominium,1765 sqft ,2 Jalan Tiga Ratus, S$ 2.04 psf,3,2,"S$ 3,600 /mo",EW3 Simei MRT Station,0.85 km
17,My Manhattan,Partially Furnished Condominium,441 sqft ,28 Simei Street 3, Ready to move,1,1,"S$ 1,950 /mo",EW3 Simei MRT Station,0.08 km
18,232 Simei Street 4,Fully Furnished HDB Apartment,200 sqft ,232 Simei Street 4, Ready to move,Room,0,S$ 300 /mo,EW3 Simei MRT Station,0.43 km
19,My Manhattan,Fully Furnished Condominium,506 sqft ,31 Simei Street 3, Ready to move,1,1,"S$ 2,400 /mo",EW3 Simei MRT Station,0.08 km
0,130 Simei Street 1,HDB Apartment,180 sqft ,130 Simei Street 1, Ready to move,Room,0,S$ 850 /mo,EW3 Simei MRT Station,0.39 km
1,145 Simei Street 2,Fully Furnished HDB Apartment,1120 sqft ,145 Simei Street 2, S$ 2.23 psf,3,2,"S$ 2,500 /mo",EW3 Simei MRT Station,0.31 km
2,114 Simei Street 1,Fully Furnished HDB Apartment,350 sqft ,114 Simei Street 1, Ready to move,Room,0,S$ 600 /mo,EW3 Simei MRT Station,0.35 km
3,131 Simei Street 1,Fully Furnished HDB Apartment,1119 sqft ,131 Simei Street 1, Ready to move,3,2,"S$ 2,400 /mo",EW3 Simei MRT Station,0.28 km
4,Inter Terrace,Partially Furnished Terraced House,"2800 sqft, 2486 sqft (land) ",Meragi Road, Ready to move,4,3,"S$ 4,000 /mo",EW3 Simei MRT Station,0.92 km
5,132 Simei Street 1,Fully Furnished HDB Apartment,990 sqft ,132 Simei Street 1, Ready to move,3,2,"S$ 2,400 /mo",EW3 Simei MRT Station,0.50 km
6,Simei Green Condominium,Fully Furnished Condominium,100 sqft ,1 Simei Street 4, Ready to move,Room,0,S$ 800 /mo,EW3 Simei MRT Station,0.55 km
7,131 Simei Street 1,HDB Apartment,120 sqft ,131 Simei Street 1, Ready to move,3,2,"S$ 2,400 /mo",EW3 Simei MRT Station,0.28 km
8,Changi Rise Condo,Fully Furnished Condominium,1130 sqft ,16 Simei Rise, Ready to move,3,3,"S$ 2,600 /mo",EW3 Simei MRT Station,0.83 km
9,165 Simei Road,Fully Furnished HDB Apartment,800 sqft ,165 Simei Road, Ready to move,3,2,"S$ 2,100 /mo",EW3 Simei MRT Station,0.69 km
10,Eastpoint Green,Partially Furnished Condominium,958 sqft ,3 Simei Street 3, Available from 1 Jul,2,3,"S$ 2,400 /mo",EW3 Simei MRT Station,0.50 km
11,221 Simei Street 4,Fully Furnished HDB Apartment,150 sqft ,221 Simei Street 4, Ready to move,1,1,"S$ 1,000 /mo",EW3 Simei MRT Station,0.40 km
12,145 Simei Street 2,Fully Furnished HDB Apartment,1120 sqft ,145 Simei Street 2, S$ 2.23 psf,3,2,"S$ 2,500 /mo",EW3 Simei MRT Station,0.31 km
13,131 Simei Street 1,Fully Furnished HDB Apartment,1120 sqft ,131 Simei Street 1, Ready to move,3,2,"S$ 2,400 /mo",EW3 Simei MRT Station,0.28 km
14,Tropicana Condominium,Condominium,1765 sqft ,2 Jalan Tiga Ratus, S$ 2.04 psf,3,2,"S$ 3,600 /mo",EW3 Simei MRT Station,0.85 km
15,Tropicana Condominium,Condominium,1765 sqft ,2 Jalan Tiga Ratus, Ready to move,3,2,"S$ 3,600 /mo",EW3 Simei MRT Station,0.85 km
16,Tropicana Condominium,Condominium,1765 sqft ,2 Jalan Tiga Ratus, S$ 2.04 psf,3,2,"S$ 3,600 /mo",EW3 Simei MRT Station,0.85 km
17,Tropicana Condominium,Condominium,1765 sqft ,2 Jalan Tiga Ratus, S$ 2.04 psf,3,2,"S$ 3,600 /mo",EW3 Simei MRT Station,0.85 km
18,Tropicana Condominium,Condominium,1765 sqft ,2 Jalan Tiga Ratus, S$ 2.04 psf,3,2,"S$ 3,600 /mo",EW3 Simei MRT Station,0.85 km
19,Melville Park,Apartment,1110 sqft ,12 Simei Street 1, Ready to move,2,2,"S$ 2,400 /mo",EW3 Simei MRT Station,0.82 km
0,Simei Green Condominium,Fully Furnished Condominium,1195 sqft ,5 Simei Street 4, Ready to move,3,2,"S$ 2,800 /mo",EW3 Simei MRT Station,0.55 km
1,131 Simei Street 1,Fully Furnished HDB Apartment,1119 sqft ,131 Simei Street 1, Ready to move,3,2,"S$ 2,400 /mo",EW3 Simei MRT Station,0.28 km
2,124 Tampines Street 11,Partially Furnished HDB Apartment,1571 sqft ,124 Tampines Street 11, Ready to move,3,3,"S$ 2,800 /mo",EW3 Simei MRT Station,0.50 km
3,Eastpoint Green,Fully Furnished Condominium,958 sqft ,3 Simei Street 3, Ready to move,2,3,"S$ 2,400 /mo",EW3 Simei MRT Station,0.50 km
4,133 Simei Street 1,Fully Furnished HDB Apartment,150 sqft ,133 Simei Street 1, Ready to move,Room,0,S$ 650 /mo,EW3 Simei MRT Station,0.53 km
5,145 Simei Street 2,Fully Furnished HDB Apartment,1120 sqft ,145 Simei Street 2, S$ 2.23 psf,3,2,"S$ 2,500 /mo",EW3 Simei MRT Station,0.31 km
6,My Manhattan,Fully Furnished Condominium,936 sqft ,28 Simei Street 3, Ready to move,2,2,"S$ 3,400 /mo",EW3 Simei MRT Station,0.08 km
7,My Manhattan,Fully Furnished Condominium,441 sqft ,33 Simei Street 3, Ready to move,Studio,0,"S$ 2,400 /mo",EW3 Simei MRT Station,0.08 km
8,130 Simei Street 1,Fully Furnished HDB Apartment,1050 sqft ,130 Simei Street 1, Ready to move,3,2,"S$ 2,200 /mo",EW3 Simei MRT Station,0.39 km
9,SEMI-D 7 BEDROOMS UPPER CHANGI RD,Partially Furnished Semi-Detached House,"6500 sqft, 6500 sqft (land) ",(within 0.89 km), Ready to move,7,6,"S$ 7,500 /mo",EW3 Simei MRT Station,0.89 km
10,295 Tampines Street 22,Partially Furnished HDB Apartment,786 sqft ,295 Tampines Street 22, Available from 30 Apr,2,2,"S$ 1,900 /mo",EW3 Simei MRT Station,0.86 km
11,Eastpoint Green,Condominium,958 sqft ,5 Simei Street 3, Ready to move,2,3,"S$ 2,400 /mo",EW3 Simei MRT Station,0.50 km
12,Tropicana Condominium,Condominium,300 sqft ,2 Jalan Tiga Ratus, Ready to move,Room,0,"S$ 1,200 /mo",EW3 Simei MRT Station,0.85 km
13,297 Tampines Street 22,Fully Furnished HDB Apartment,120 sqft ,297 Tampines Street 22, Ready to move,Room,0,S$ 800 /mo,EW3 Simei MRT Station,0.90 km
14,Eastpoint Green,Fully Furnished Condominium,990 sqft ,1 Simei Street 3, Ready to move,2,2,"S$ 2,500 /mo",EW3 Simei MRT Station,0.50 km
15,My Manhattan,Fully Furnished Condominium,936 sqft ,28 Simei Street 3, Ready to move,2,2,"S$ 3,400 /mo",EW3 Simei MRT Station,0.08 km
16,205 Tampines Street 21,Partially Furnished HDB Apartment,1040 sqft ,205 Tampines Street 21, Ready to move,3,2,"S$ 2,050 /mo",EW3 Simei MRT Station,0.97 km
17,274 Tampines Street 22,Fully Furnished HDB Apartment,1130 sqft ,274 Tampines Street 22, Ready to move,3,2,"S$ 2,500 /mo",EW3 Simei MRT Station,0.68 km
18,104 Tampines Street 11,Fully Furnished HDB Apartment,797 sqft ,104 Tampines Street 11, Ready to move,2,2,"S$ 1,900 /mo",EW3 Simei MRT Station,0.89 km
19,132 Simei Street 1,Fully Furnished HDB Apartment,950 sqft ,132 Simei Street 1, Ready to move,3,2,"S$ 2,300 /mo",EW3 Simei MRT Station,0.50 km
0,Simei Green Condominium,Fully Furnished Condominium,1195 sqft ,1 Simei Street 4, Ready to move,3,2,"S$ 2,600 /mo",EW3 Simei MRT Station,0.55 km
1,136 Simei Street 1,Fully Furnished HDB Apartment,968 sqft ,136 Simei Street 1, S$ 1.96 psf,2,2,"S$ 1,900 /mo",EW3 Simei MRT Station,0.62 km
2,Eastpoint Green,Partially Furnished Condominium,958 sqft ,1 Simei Street 3, Ready to move,2,2,"S$ 2,400 /mo",EW3 Simei MRT Station,0.50 km
3,Simei Green Condominium,Fully Furnished Condominium,100 sqft ,1 Simei Street 4, S$ 8.00 psf,Room,0,S$ 800 /mo,EW3 Simei MRT Station,0.55 km
4,145 Simei Street 2,Fully Furnished HDB Apartment,1120 sqft ,145 Simei Street 2, S$ 2.23 psf,3,2,"S$ 2,500 /mo",EW3 Simei MRT Station,0.31 km
5,Blk 116 Simei Street 1,Fully Furnished HDB Apartment,1313 sqft ,Blk 116 Simei Street 1, Ready to move,Room,0,S$ 950 /mo,EW3 Simei MRT Station,0.28 km
6,145 Simei Street 2,Fully Furnished HDB Apartment,1120 sqft ,145 Simei Street 2, S$ 2.23 psf,3,2,"S$ 2,500 /mo",EW3 Simei MRT Station,0.31 km
7,Simei Green Condominium,Fully Furnished Condominium,969 sqft ,1 Simei Street 4, Ready to move,3,2,"S$ 2,600 /mo",EW3 Simei MRT Station,0.55 km
8,Melville Park,Fully Furnished Apartment,959 sqft ,26 Simei Street 1, Ready to move,2,2,"S$ 2,600 /mo",EW3 Simei MRT Station,0.82 km
9,109 Simei Street 1,HDB Apartment,1020 sqft ,109 Simei Street 1, Ready to move,3,2,"S$ 2,300 /mo",EW3 Simei MRT Station,0.38 km
10,130 Tampines Street 11,Fully Furnished HDB Apartment,151 sqft ,130 Tampines Street 11, Ready to move,Room,0,S$ 900 /mo,EW3 Simei MRT Station,0.68 km
11,230 Simei Street 4,Fully Furnished HDB Apartment,97 sqft ,230 Simei Street 4, S$ 8.25 psf,Room,0,S$ 800 /mo,EW3 Simei MRT Station,0.29 km
12,294 Tampines Street 22,HDB Apartment,250 sqft ,294 Tampines Street 22, Ready to move,Room,0,S$ 700 /mo,EW3 Simei MRT Station,0.87 km
13,113 Tampines Street 11,Fully Furnished HDB Apartment,100 sqft ,113 Tampines Street 11, S$ 5.80 psf,Room,0,S$ 580 /mo,EW3 Simei MRT Station,0.87 km
14,Modena,Condominium,1399 sqft ,39 Simei Street 4, Ready to move,3,3,"S$ 3,500 /mo",EW3 Simei MRT Station,0.18 km
15,Melville Park,Apartment,1345 sqft ,12 Simei Street 1, Ready to move,3,3,"S$ 2,800 /mo",EW3 Simei MRT Station,0.82 km
16,My Manhattan,Partially Furnished Condominium,883 sqft ,25 Simei Street 3, Ready to move,2,2,"S$ 3,100 /mo",EW3 Simei MRT Station,0.08 km
17,Simei Green Condominium,Partially Furnished Condominium,968 sqft ,1 Simei Street 4, Ready to move,3,2,"S$ 2,700 /mo",EW3 Simei MRT Station,0.55 km
18,Melville Park,Fully Furnished Apartment,1044 sqft ,22 Simei Street 1, Ready to move,3,2,"S$ 3,000 /mo",EW3 Simei MRT Station,0.82 km
19,My Manhattan,Partially Furnished Condominium,560 sqft ,35 Simei Street 3, Ready to move,1,1,"S$ 2,300 /mo",EW3 Simei MRT Station,0.08 km
0,293 Tampines Street 22,Fully Furnished HDB Apartment,150 sqft ,293 Tampines Street 22, S$ 5.67 psf,Room,0,S$ 850 /mo,EW3 Simei MRT Station,0.82 km
1,Simei Green Condominium,Fully Furnished Condominium,1195 sqft ,1 Simei Street 4, Ready to move,3,2,"S$ 2,850 /mo",EW3 Simei MRT Station,0.55 km
2,108 Simei Street 1,Fully Furnished HDB Apartment,1313 sqft ,108 Simei Street 1, S$ 1.83 psf,3,2,"S$ 2,400 /mo",EW3 Simei MRT Station,0.27 km
3,246 Simei Street 5,Fully Furnished HDB Apartment,110 sqft ,246 Simei Street 5, S$ 7.09 psf,Room,0,S$ 780 /mo,EW3 Simei MRT Station,0.22 km
4,Simei Green Condominium,Partially Furnished Condominium,1195 sqft ,15 Simei Street 4, S$ 2.51 psf,3,3,"S$ 3,000 /mo",EW3 Simei MRT Station,0.55 km
5,Melville Park,Apartment,150 sqft ,12 Simei Street 1, S$ 6.00 psf,Room,0,S$ 900 /mo,EW3 Simei MRT Station,0.82 km
6,101 Simei Street 1,Fully Furnished HDB Apartment,1119 sqft ,101 Simei Street 1, S$ 2.14 psf,3,2,"S$ 2,400 /mo",EW3 Simei MRT Station,0.35 km
7,Double Bay Residences,Fully Furnished Condominium,936 sqft ,21 Simei Street 4, S$ 3.21 psf,2,2,"S$ 3,000 /mo",EW3 Simei MRT Station,0.40 km
8,Changi Rise Condo,Fully Furnished Condominium,1300 sqft ,4 Simei Rise, S$ 2.31 psf,3,3,"S$ 3,000 /mo",EW3 Simei MRT Station,0.83 km
9,Melville Park,Fully Furnished Apartment,990 sqft ,12 Simei Street 1, S$ 2.37 psf,2,2,"S$ 2,350 /mo",EW3 Simei MRT Station,0.82 km
10,Changi Rise Condo,Fully Furnished Condominium,1200 sqft ,4 Simei Rise, S$ 2.17 psf,3,3,"S$ 2,599 /mo",EW3 Simei MRT Station,0.83 km
