0,Coco Palms,Partially Furnished Condominium,904 sqft ,Pasir Ris Drive 1, Ready to move,3,2,"S$ 2,999 /mo",EW1 Pasir Ris MRT Station,0.42 km
1,D'Nest,Partially Furnished Condominium,484 sqft ,129 Pasir Ris Grove, Ready to move,1,1,"S$ 1,850 /mo",EW1 Pasir Ris MRT Station,0.53 km
2,D'Nest,Fully Furnished Condominium,743 sqft ,Pasir Ris Grove, Ready to move,2,2,"S$ 2,350 /mo",EW1 Pasir Ris MRT Station,0.53 km
3,NV Residences,Fully Furnished Condominium,1087 sqft ,87 Pasir Ris Grove, Ready to move,3,2,"S$ 2,800 /mo",EW1 Pasir Ris MRT Station,0.54 km
4,Livia,Partially Furnished Condominium,1539 sqft ,69 Pasir Ris Grove, Ready to move,4,4,"S$ 3,499 /mo",EW1 Pasir Ris MRT Station,0.82 km
5,The Palette,Partially Furnished Condominium,1377 sqft ,103 Pasir Ris Grove, Ready to move,4,3,"S$ 3,400 /mo",EW1 Pasir Ris MRT Station,0.53 km
6,Coco Palms,Partially Furnished Condominium,742 sqft ,Pasir Ris Drive 1, Available from 20 Apr,2,2,"S$ 2,400 /mo",EW1 Pasir Ris MRT Station,0.42 km
7,Coco Palms,Fully Furnished Condominium,464 sqft ,29 Pasir Ris Grove, Ready to move,Studio,0,"S$ 2,000 /mo",EW1 Pasir Ris MRT Station,0.42 km
8,D'Nest,Fully Furnished Condominium,936 sqft ,Pasir Ris Grove, S$ 2.62 psf,3,2,"S$ 2,450 /mo",EW1 Pasir Ris MRT Station,0.53 km
9,Coco Palms,Partially Furnished Condominium,743 sqft ,Pasir Ris Drive 1, Ready to move,2,2,"S$ 2,499 /mo",EW1 Pasir Ris MRT Station,0.42 km
10,D'Nest,Partially Furnished Condominium,753 sqft ,Pasir Ris Grove, Ready to move,2,2,"S$ 2,150 /mo",EW1 Pasir Ris MRT Station,0.53 km
11,D'Nest,Fully Furnished Condominium,753 sqft ,131 Pasir Ris Grove, Ready to move,2,2,"S$ 2,399 /mo",EW1 Pasir Ris MRT Station,0.53 km
12,Coco Palms,Partially Furnished Condominium,753 sqft ,Pasir Ris Drive 1, Ready to move,2,2,"S$ 2,600 /mo",EW1 Pasir Ris MRT Station,0.42 km
13,NV Residences,Partially Furnished Condominium,850 sqft ,87 Pasir Ris Grove, Ready to move,2,2,"S$ 2,500 /mo",EW1 Pasir Ris MRT Station,0.54 km
14,614 Elias Road,Fully Furnished HDB Apartment,200 sqft ,614 Elias Road, Ready to move,Room,0,S$ 650 /mo,EW1 Pasir Ris MRT Station,0.98 km
15,Livia,Partially Furnished Condominium,1539 sqft ,65 Pasir Ris Grove, Ready to move,4,4,"S$ 3,800 /mo",EW1 Pasir Ris MRT Station,0.82 km
16,473 Pasir Ris Drive 6,Fully Furnished HDB Apartment,1300 sqft ,473 Pasir Ris Drive 6, Ready to move,4,2,"S$ 2,200 /mo",EW1 Pasir Ris MRT Station,0.89 km
17,The Palette,Condominium,495 sqft ,103 Pasir Ris Grove, Ready to move,1,1,"S$ 1,900 /mo",EW1 Pasir Ris MRT Station,0.53 km
18,D'Nest,Partially Furnished Condominium,775 sqft ,139 Pasir Ris Grove, Ready to move,2,2,"S$ 2,300 /mo",EW1 Pasir Ris MRT Station,0.53 km
19,Coco Palms,Condominium,460 sqft ,Pasir Ris Drive 1, Ready to move,1,1,"S$ 1,850 /mo",EW1 Pasir Ris MRT Station,0.42 km
0,D'Nest,Fully Furnished Condominium,484 sqft ,143 Pasir Ris Grove, Ready to move,1,1,"S$ 1,800 /mo",EW1 Pasir Ris MRT Station,0.53 km
1,Elias Green,Fully Furnished Condominium,1628 sqft ,1 Elias Road, Ready to move,3,2,"S$ 2,500 /mo",EW1 Pasir Ris MRT Station,0.95 km
2,Coco Palms,Condominium,754 sqft ,Pasir Ris Drive 1, Ready to move,2,2,"S$ 2,280 /mo",EW1 Pasir Ris MRT Station,0.42 km
3,Coco Palms,Condominium,753 sqft ,Pasir Ris Drive 1, Ready to move,2,2,"S$ 2,280 /mo",EW1 Pasir Ris MRT Station,0.42 km
4,615 Elias Road,Fully Furnished HDB Apartment,1441 sqft ,615 Elias Road, Ready to move,3,2,"S$ 2,100 /mo",EW1 Pasir Ris MRT Station,0.97 km
5,Coco Palms,Condominium,904 sqft ,Pasir Ris Drive 1, Ready to move,3,2,"S$ 2,750 /mo",EW1 Pasir Ris MRT Station,0.42 km
6,Elias Green,Partially Furnished Condominium,1550 sqft ,3 Elias Road, Ready to move,3,4,"S$ 2,500 /mo",EW1 Pasir Ris MRT Station,0.95 km
7,D'Nest,Partially Furnished Condominium,969 sqft ,129 Pasir Ris Grove, Ready to move,3,2,"S$ 2,600 /mo",EW1 Pasir Ris MRT Station,0.53 km
8,D'Nest,Partially Furnished Condominium,969 sqft ,131 Pasir Ris Grove, S$ 2.99 psf,3,2,"S$ 2,900 /mo",EW1 Pasir Ris MRT Station,0.53 km
9,NV Residences,Fully Furnished Condominium,743 sqft ,87 Pasir Ris Grove, Ready to move,2,2,"S$ 2,200 /mo",EW1 Pasir Ris MRT Station,0.54 km
10,Coco Palms,Partially Furnished Condominium,743 sqft ,Pasir Ris Drive 1, Ready to move,2,2,"S$ 2,350 /mo",EW1 Pasir Ris MRT Station,0.42 km
11,Coco Palms,Partially Furnished Condominium,753 sqft ,Pasir Ris Drive 1, Ready to move,2,2,"S$ 2,400 /mo",EW1 Pasir Ris MRT Station,0.42 km
12,D'Nest,Condominium,753 sqft ,133 Pasir Ris Grove, Ready to move,2,2,"S$ 2,250 /mo",EW1 Pasir Ris MRT Station,0.53 km
13,The Palette,Fully Furnished Condominium,743 sqft ,115 Pasir Ris Grove, Ready to move,2,2,"S$ 2,180 /mo",EW1 Pasir Ris MRT Station,0.53 km
14,613 Elias Road,Fully Furnished HDB Apartment,1184 sqft ,613 Elias Road, Ready to move,3,2,"S$ 2,200 /mo",EW1 Pasir Ris MRT Station,0.95 km
15,The Palette,Fully Furnished Condominium,732 sqft ,115 Pasir Ris Grove, Available from 26 Apr,2,2,"S$ 2,200 /mo",EW1 Pasir Ris MRT Station,0.53 km
16,Coco Palms,Fully Furnished Condominium,764 sqft ,11 Pasir Ris Grove, Ready to move,2,2,"S$ 2,300 /mo",EW1 Pasir Ris MRT Station,0.42 km
17,116 Pasir Ris Street 11,Fully Furnished HDB Apartment,1600 sqft ,116 Pasir Ris Street 11, Available from 1 May,3,3,"S$ 2,500 /mo",EW1 Pasir Ris MRT Station,0.70 km
18,Coco Palms,Partially Furnished Condominium,753 sqft ,Pasir Ris Drive 1, Ready to move,2,2,"S$ 2,399 /mo",EW1 Pasir Ris MRT Station,0.42 km
19,Elias Green,Fully Furnished Condominium,1615 sqft ,1 Elias Road, Available from 19 Apr,3,4,"S$ 2,500 /mo",EW1 Pasir Ris MRT Station,0.95 km
0,Elias Green,Condominium,1550 sqft ,1 Elias Road, Ready to move,3,4,"S$ 2,500 /mo",EW1 Pasir Ris MRT Station,0.95 km
1,Coco Palms,Partially Furnished Condominium,753 sqft ,29 Pasir Ris Grove, Ready to move,2,2,"S$ 2,280 /mo",EW1 Pasir Ris MRT Station,0.42 km
2,The Palette,Partially Furnished Condominium,893 sqft ,103 Pasir Ris Grove, Ready to move,3,2,"S$ 2,300 /mo",EW1 Pasir Ris MRT Station,0.53 km
3,The Palette,Partially Furnished Condominium,1066 sqft ,113 Pasir Ris Grove, Available from 1 May,3,3,"S$ 2,650 /mo",EW1 Pasir Ris MRT Station,0.53 km
4,540 Pasir Ris Street 51,Fully Furnished HDB Apartment,1539 sqft ,540 Pasir Ris Street 51, Ready to move,Room,0,S$ 750 /mo,EW1 Pasir Ris MRT Station,0.38 km
5,Coco Palms,Partially Furnished Condominium,764 sqft ,Pasir Ris Drive 1, Ready to move,2,2,"S$ 2,300 /mo",EW1 Pasir Ris MRT Station,0.42 km
6,577 Pasir Ris Street 53,Fully Furnished HDB Apartment,1334 sqft ,577 Pasir Ris Street 53, Available from 1 May,3,2,"S$ 2,000 /mo",EW1 Pasir Ris MRT Station,0.32 km
7,564 Pasir Ris Street 51,Partially Furnished HDB Apartment,1345 sqft ,564 Pasir Ris Street 51, S$ 1.64 psf,4,2,"S$ 2,200 /mo",EW1 Pasir Ris MRT Station,0.46 km
8,Coco Palms,Fully Furnished Condominium,904 sqft ,Pasir Ris Drive 1, Ready to move,3,2,"S$ 2,750 /mo",EW1 Pasir Ris MRT Station,0.42 km
9,D'Nest,Fully Furnished Condominium,968 sqft ,Pasir Ris Grove, Ready to move,3,3,"S$ 2,500 /mo",EW1 Pasir Ris MRT Station,0.53 km
10,471 Pasir Ris Drive 6,Partially Furnished HDB Apartment,1572 sqft ,471 Pasir Ris Drive 6, Ready to move,4,3,"S$ 2,500 /mo",EW1 Pasir Ris MRT Station,0.92 km
11,Coco Palms,Condominium,904 sqft ,Pasir Ris Drive 1, Ready to move,3,2,"S$ 2,650 /mo",EW1 Pasir Ris MRT Station,0.42 km
12,Coco Palms,Condominium,753 sqft ,Pasir Ris Drive 1, Ready to move,2,2,"S$ 2,400 /mo",EW1 Pasir Ris MRT Station,0.42 km
13,Coco Palms,Condominium,743 sqft ,Pasir Ris Drive 1, Ready to move,2,2,"S$ 2,200 /mo",EW1 Pasir Ris MRT Station,0.42 km
14,577 Pasir Ris Street 53,Fully Furnished HDB Apartment,1313 sqft ,577 Pasir Ris Street 53, Available from 1 May,3,2,"S$ 2,000 /mo",EW1 Pasir Ris MRT Station,0.32 km
15,110 Pasir Ris Street 11,Fully Furnished HDB Apartment,1302 sqft ,110 Pasir Ris Street 11, Ready to move,4,2,"S$ 2,400 /mo",EW1 Pasir Ris MRT Station,0.87 km
16,D'Nest,Fully Furnished Condominium,753 sqft ,143 Pasir Ris Grove, Ready to move,2,2,"S$ 2,300 /mo",EW1 Pasir Ris MRT Station,0.53 km
17,Coco Palms,Partially Furnished Condominium,463 sqft ,29 Pasir Ris Grove, Ready to move,1,1,"S$ 2,000 /mo",EW1 Pasir Ris MRT Station,0.42 km
18,D'Elias,Unfurnished Cluster House,4065 sqft ,29S Elias Terrace, Ready to move,5,4,"S$ 5,200 /mo",EW1 Pasir Ris MRT Station,0.98 km
19,D'Nest,Partially Furnished Condominium,1270 sqft ,Pasir Ris Grove, Ready to move,3,3,"S$ 3,500 /mo",EW1 Pasir Ris MRT Station,0.53 km
0,The Palette,Fully Furnished Condominium,200 sqft ,121 Pasir Ris Grove, Ready to move,Room,0,S$ 950 /mo,EW1 Pasir Ris MRT Station,0.53 km
1,The Palette,Partially Furnished Condominium,872 sqft ,115 Pasir Ris Grove, Ready to move,3,2,"S$ 2,350 /mo",EW1 Pasir Ris MRT Station,0.53 km
2,Livia,Fully Furnished Condominium,883 sqft ,69 Pasir Ris Grove, Ready to move,2,2,"S$ 2,500 /mo",EW1 Pasir Ris MRT Station,0.82 km
3,417 Pasir Ris Drive 6,Fully Furnished HDB Apartment,1108 sqft ,417 Pasir Ris Drive 6, Ready to move,3,2,"S$ 2,200 /mo",EW1 Pasir Ris MRT Station,0.63 km
4,D'Nest,Partially Furnished Condominium,1238 sqft ,135 Pasir Ris Grove, Ready to move,3,2,"S$ 2,880 /mo",EW1 Pasir Ris MRT Station,0.53 km
5,Coco Palms,Condominium,1378 sqft ,Pasir Ris Drive 1, Ready to move,4,3,"S$ 4,500 /mo",EW1 Pasir Ris MRT Station,0.42 km
6,Coco Palms,Condominium,1378 sqft ,Pasir Ris Drive 1, Ready to move,4,3,"S$ 4,500 /mo",EW1 Pasir Ris MRT Station,0.42 km
7,Coco Palms,Condominium,1098 sqft ,Pasir Ris Drive 1, Ready to move,3,2,"S$ 3,120 /mo",EW1 Pasir Ris MRT Station,0.42 km
8,Coco Palms,Condominium,1098 sqft ,Pasir Ris Drive 1, Ready to move,3,2,"S$ 3,110 /mo",EW1 Pasir Ris MRT Station,0.42 km
9,Coco Palms,Condominium,460 sqft ,Pasir Ris Drive 1, Ready to move,1,1,"S$ 1,880 /mo",EW1 Pasir Ris MRT Station,0.42 km
10,Coco Palms,Condominium,463 sqft ,Pasir Ris Drive 1, Ready to move,1,1,"S$ 1,850 /mo",EW1 Pasir Ris MRT Station,0.42 km
11,Coco Palms,Condominium,463 sqft ,Pasir Ris Drive 1, Ready to move,1,1,"S$ 1,900 /mo",EW1 Pasir Ris MRT Station,0.42 km
12,Coco Palms,Condominium,732 sqft ,Pasir Ris Drive 1, Ready to move,2,2,"S$ 2,250 /mo",EW1 Pasir Ris MRT Station,0.42 km
13,Coco Palms,Condominium,730 sqft ,Pasir Ris Drive 1, Ready to move,2,2,"S$ 2,200 /mo",EW1 Pasir Ris MRT Station,0.42 km
14,Coco Palms,Condominium,730 sqft ,Pasir Ris Drive 1, Ready to move,2,2,"S$ 2,250 /mo",EW1 Pasir Ris MRT Station,0.42 km
15,Coco Palms,Condominium,753 sqft ,Pasir Ris Drive 1, Ready to move,2,2,"S$ 2,300 /mo",EW1 Pasir Ris MRT Station,0.42 km
16,Coco Palms,Condominium,732 sqft ,Pasir Ris Drive 1, Ready to move,2,2,"S$ 2,200 /mo",EW1 Pasir Ris MRT Station,0.42 km
17,473 Pasir Ris Drive 6,Fully Furnished HDB Apartment,800 sqft ,473 Pasir Ris Drive 6, Ready to move,Room,0,S$ 700 /mo,EW1 Pasir Ris MRT Station,0.89 km
18,603 Elias Road,Fully Furnished HDB Apartment,1636 sqft ,603 Elias Road, Ready to move,4,2,"S$ 2,500 /mo",EW1 Pasir Ris MRT Station,0.82 km
19,D'Nest,Partially Furnished Condominium,753 sqft ,131 Pasir Ris Grove, Ready to move,2,2,"S$ 2,400 /mo",EW1 Pasir Ris MRT Station,0.53 km
0,Coco Palms,Partially Furnished Condominium,463 sqft ,29 Pasir Ris Grove, S$ 3.78 psf,1,1,"S$ 1,750 /mo",EW1 Pasir Ris MRT Station,0.42 km
1,414 Pasir Ris Drive 6,Fully Furnished HDB Apartment,1110 sqft ,414 Pasir Ris Drive 6, Available from 15 May,2,2,"S$ 2,200 /mo",EW1 Pasir Ris MRT Station,0.70 km
2,526B Pasir Ris Street 51,Fully Furnished HDB Apartment,100 sqft ,526B Pasir Ris Street 51, Ready to move,Room,0,S$ 680 /mo,EW1 Pasir Ris MRT Station,0.59 km
3,Coco Palms,Fully Furnished Condominium,484 sqft ,Pasir Ris Drive 1, Ready to move,1,1,"S$ 1,900 /mo",EW1 Pasir Ris MRT Station,0.42 km
4,D'Nest,Fully Furnished Condominium,100 sqft ,Pasir Ris Grove, Ready to move,Room,0,S$ 950 /mo,EW1 Pasir Ris MRT Station,0.53 km
5,D'Nest,Partially Furnished Condominium,936 sqft ,Pasir Ris Grove, Ready to move,3,8,"S$ 2,500 /mo",EW1 Pasir Ris MRT Station,0.53 km
6,The Palette,Partially Furnished Condominium,1066 sqft ,113 Pasir Ris Grove, Ready to move,3,3,"S$ 2,600 /mo",EW1 Pasir Ris MRT Station,0.53 km
7,577 Pasir Ris Street 53,Partially Furnished HDB Apartment,1334 sqft ,577 Pasir Ris Street 53, Available from 1 May,3,2,"S$ 2,200 /mo",EW1 Pasir Ris MRT Station,0.32 km
8,Coco Palms,Partially Furnished Condominium,753 sqft ,Pasir Ris Drive 1, Ready to move,2,2,"S$ 2,399 /mo",EW1 Pasir Ris MRT Station,0.42 km
9,Coco Palms,Partially Furnished Condominium,753 sqft ,33 Pasir Ris Grove, Ready to move,2,2,"S$ 2,250 /mo",EW1 Pasir Ris MRT Station,0.42 km
10,D'Nest,Partially Furnished Condominium,969 sqft ,127 Pasir Ris Grove, Ready to move,3,2,"S$ 2,700 /mo",EW1 Pasir Ris MRT Station,0.53 km
11,Livia,Fully Furnished Condominium,1539 sqft ,65 Pasir Ris Grove, Ready to move,4,4,"S$ 3,700 /mo",EW1 Pasir Ris MRT Station,0.82 km
12,577 Pasir Ris Street 53,Fully Furnished HDB Apartment,1313 sqft ,577 Pasir Ris Street 53, Available from 1 May,3,2,"S$ 2,000 /mo",EW1 Pasir Ris MRT Station,0.32 km
13,406 Pasir Ris Drive 6,Fully Furnished HDB Apartment,1108 sqft ,406 Pasir Ris Drive 6, Available from 1 May,3,2,"S$ 2,200 /mo",EW1 Pasir Ris MRT Station,0.64 km
14,NV Residences,Partially Furnished Condominium,1184 sqft ,95 Pasir Ris Grove, Ready to move,3,2,"S$ 2,688 /mo",EW1 Pasir Ris MRT Station,0.54 km
15,577 Pasir Ris Street 53,Partially Furnished HDB Apartment,1378 sqft ,577 Pasir Ris Street 53, Available from 1 May,3,2,"S$ 2,200 /mo",EW1 Pasir Ris MRT Station,0.32 km
16,531 Pasir Ris Drive 1,Partially Furnished HDB Apartment,1593 sqft ,531 Pasir Ris Drive 1, Available from 15 Apr,3,3,"S$ 2,600 /mo",EW1 Pasir Ris MRT Station,0.16 km
17,613 Elias Road,Fully Furnished HDB Apartment,1388 sqft ,613 Elias Road, Ready to move,3,2,"S$ 2,300 /mo",EW1 Pasir Ris MRT Station,0.95 km
18,Eastvale,Partially Furnished Condominium,1098 sqft ,31 Pasir Ris Drive 3, Ready to move,3,2,"S$ 2,400 /mo",EW1 Pasir Ris MRT Station,0.48 km
19,Coco Palms,Partially Furnished Condominium,624 sqft ,11 Pasir Ris Grove, Ready to move,1,1,"S$ 1,800 /mo",EW1 Pasir Ris MRT Station,0.42 km
0,573 Pasir Ris Street 53,HDB Apartment,1216 sqft ,573 Pasir Ris Street 53, Ready to move,3,2,"S$ 2,380 /mo",EW1 Pasir Ris MRT Station,0.45 km
1,Coco Palms,Partially Furnished Condominium,2066 sqft ,29 Pasir Ris Grove, Ready to move,3,2,"S$ 6,900 /mo",EW1 Pasir Ris MRT Station,0.42 km
2,607 Elias Road,Fully Furnished HDB Apartment,1550 sqft ,607 Elias Road, Ready to move,4,2,"S$ 2,500 /mo",EW1 Pasir Ris MRT Station,0.91 km
3,NV Residences,Fully Furnished Condominium,764 sqft ,83 Pasir Ris Grove, Ready to move,2,2,"S$ 2,255 /mo",EW1 Pasir Ris MRT Station,0.54 km
4,Elias Green,Fully Furnished Condominium,1528 sqft ,1 Elias Road, Ready to move,3,4,"S$ 2,500 /mo",EW1 Pasir Ris MRT Station,0.95 km
5,Loyang Gardens,Condominium,1399 sqft ,53B Jalan Loyang Besar, Ready to move,3,2,"S$ 2,300 /mo",EW1 Pasir Ris MRT Station,0.98 km
6,Coco Palms,Partially Furnished Condominium,904 sqft ,31 Pasir Ris Grove, Ready to move,3,2,"S$ 2,800 /mo",EW1 Pasir Ris MRT Station,0.42 km
7,Coco Palms,Condominium,463 sqft ,Pasir Ris Drive 1, Ready to move,1,1,"S$ 1,800 /mo",EW1 Pasir Ris MRT Station,0.42 km
8,Coco Palms,Condominium,1669 sqft ,33 Pasir Ris Grove, Ready to move,3,2,"S$ 7,300 /mo",EW1 Pasir Ris MRT Station,0.42 km
9,Coco Palms,Condominium,1579 sqft ,71 Pasir Ris Grove, Ready to move,3,2,"S$ 6,500 /mo",EW1 Pasir Ris MRT Station,0.42 km
10,Coco Palms,Condominium,1569 sqft ,15 Pasir Ris Grove, Ready to move,3,2,"S$ 6,400 /mo",EW1 Pasir Ris MRT Station,0.42 km
11,D'Nest,Partially Furnished Condominium,753 sqft ,131 Pasir Ris Grove, Ready to move,2,2,"S$ 2,400 /mo",EW1 Pasir Ris MRT Station,0.53 km
12,The Palette,Fully Furnished Condominium,721 sqft ,103 Pasir Ris Grove, Available from 7 Jul,2,2,"S$ 2,350 /mo",EW1 Pasir Ris MRT Station,0.53 km
13,NV Residences,Partially Furnished Condominium,936 sqft ,87 Pasir Ris Grove, Ready to move,2,2,"S$ 2,500 /mo",EW1 Pasir Ris MRT Station,0.54 km
14,D'Nest,Partially Furnished Condominium,936 sqft ,(within 0.53 km), Ready to move,3,2,"S$ 2,400 /mo",EW1 Pasir Ris MRT Station,0.53 km
15,D'Nest,Partially Furnished Condominium,753 sqft ,145 Pasir Ris Grove, Available from 6 Aug,2,2,"S$ 2,300 /mo",EW1 Pasir Ris MRT Station,0.53 km
16,Coco Palms,Unfurnished Condominium,743 sqft ,Pasir Ris Drive 1, Ready to move,2,2,"S$ 2,300 /mo",EW1 Pasir Ris MRT Station,0.42 km
17,418 Pasir Ris Drive 6,Fully Furnished HDB Apartment,1594 sqft ,418 Pasir Ris Drive 6, Ready to move,3,3,"S$ 2,500 /mo",EW1 Pasir Ris MRT Station,0.50 km
18,D'Nest,Fully Furnished Condominium,1270 sqft ,145 Pasir Ris Grove, Ready to move,4,3,"S$ 3,400 /mo",EW1 Pasir Ris MRT Station,0.53 km
19,429 Pasir Ris Drive 6,Fully Furnished HDB Apartment,200 sqft ,429 Pasir Ris Drive 6, Ready to move,1,1,S$ 950 /mo,EW1 Pasir Ris MRT Station,0.82 km
0,Coco Palms,Condominium,463 sqft ,Pasir Ris Drive 1, Ready to move,1,1,"S$ 1,800 /mo",EW1 Pasir Ris MRT Station,0.42 km
1,The Palette,Fully Furnished Condominium,753 sqft ,103 Pasir Ris Grove, Available from 1 May,2,2,"S$ 2,500 /mo",EW1 Pasir Ris MRT Station,0.53 km
2,The Palette,Partially Furnished Condominium,1066 sqft ,103 Pasir Ris Grove, Available from 1 Jun,3,3,"S$ 3,300 /mo",EW1 Pasir Ris MRT Station,0.53 km
3,D'Nest,Partially Furnished Condominium,1432 sqft ,Pasir Ris Grove, Ready to move,4,3,"S$ 3,800 /mo",EW1 Pasir Ris MRT Station,0.53 km
4,531 Pasir Ris Drive 1,Fully Furnished HDB Apartment,1593 sqft ,531 Pasir Ris Drive 1, S$ 0.47 psf,Room,0,S$ 750 /mo,EW1 Pasir Ris MRT Station,0.16 km
5,Elias Green,Fully Furnished Condominium,220 sqft ,5 Elias Road, S$ 4.55 psf,Room,0,"S$ 1,000 /mo",EW1 Pasir Ris MRT Station,0.95 km
6,561 Pasir Ris Street 51,Fully Furnished HDB Apartment,215 sqft ,561 Pasir Ris Street 51, Ready to move,Room,0,S$ 600 /mo,EW1 Pasir Ris MRT Station,0.64 km
7,D'Nest,Fully Furnished Condominium,743 sqft ,Pasir Ris Grove, Ready to move,2,2,"S$ 2,300 /mo",EW1 Pasir Ris MRT Station,0.53 km
8,D'Nest,Partially Furnished Condominium,936 sqft ,Pasir Ris Grove, Ready to move,3,2,"S$ 2,700 /mo",EW1 Pasir Ris MRT Station,0.53 km
9,Coco Palms,Partially Furnished Condominium,753 sqft ,Pasir Ris Drive 1, Ready to move,2,2,"S$ 2,400 /mo",EW1 Pasir Ris MRT Station,0.42 km
10,D'Nest,Partially Furnished Condominium,1636 sqft ,Pasir Ris Grove, Ready to move,4,3,"S$ 4,500 /mo",EW1 Pasir Ris MRT Station,0.53 km
11,D'Nest,Partially Furnished Condominium,936 sqft ,Pasir Ris Grove, Ready to move,3,2,"S$ 2,600 /mo",EW1 Pasir Ris MRT Station,0.53 km
12,451 Pasir Ris Drive 6,Fully Furnished HDB Apartment,250 sqft ,451 Pasir Ris Drive 6, Ready to move,Room,0,S$ 800 /mo,EW1 Pasir Ris MRT Station,0.92 km
13,Coco Palms,Partially Furnished Condominium,904 sqft ,Pasir Ris Drive 1, Ready to move,3,2,"S$ 2,900 /mo",EW1 Pasir Ris MRT Station,0.42 km
14,NV Residences,Fully Furnished Condominium,904 sqft ,89 Pasir Ris Grove, Ready to move,2,2,"S$ 2,500 /mo",EW1 Pasir Ris MRT Station,0.54 km
15,113 Pasir Ris Street 11,Partially Furnished HDB Apartment,110 sqft ,113 Pasir Ris Street 11, Ready to move,Room,0,S$ 500 /mo,EW1 Pasir Ris MRT Station,0.83 km
16,Coco Palms,Partially Furnished Condominium,904 sqft ,Pasir Ris Drive 1, Ready to move,3,2,"S$ 2,600 /mo",EW1 Pasir Ris MRT Station,0.42 km
17,Coco Palms,Condominium,460 sqft ,Pasir Ris Drive 1, Ready to move,1,1,"S$ 1,800 /mo",EW1 Pasir Ris MRT Station,0.42 km
18,Coco Palms,Condominium,905 sqft ,Pasir Ris Drive 1, Ready to move,3,2,"S$ 2,700 /mo",EW1 Pasir Ris MRT Station,0.42 km
19,Coco Palms,Condominium,1270 sqft ,Pasir Ris Drive 1, Ready to move,4,2,"S$ 4,000 /mo",EW1 Pasir Ris MRT Station,0.42 km
0,407 Pasir Ris Drive 6,Fully Furnished HDB Apartment,150 sqft ,407 Pasir Ris Drive 6, Ready to move,Room,0,S$ 700 /mo,EW1 Pasir Ris MRT Station,0.53 km
1,531 Pasir Ris Drive 1,Fully Furnished HDB Apartment,1593 sqft ,531 Pasir Ris Drive 1, Ready to move,Room,0,S$ 750 /mo,EW1 Pasir Ris MRT Station,0.16 km
2,The Palette,Fully Furnished Condominium,91 sqft ,111 Pasir Ris Grove, S$ 10.44 psf,Room,0,S$ 950 /mo,EW1 Pasir Ris MRT Station,0.53 km
3,Coco Palms,Fully Furnished Condominium,800 sqft ,13 Pasir Ris Grove, Ready to move,2,3,"S$ 2,500 /mo",EW1 Pasir Ris MRT Station,0.42 km
4,Elias Terrace,Semi-Detached House,"2800 sqft, 4000 sqft (land) ",Elias Terrace, Ready to move,4,3,"S$ 10,000 /mo",EW1 Pasir Ris MRT Station,0.99 km
5,577 Pasir Ris Street 53,Fully Furnished HDB Apartment,1334 sqft ,577 Pasir Ris Street 53, Available from 1 May,3,2,"S$ 2,000 /mo",EW1 Pasir Ris MRT Station,0.32 km
6,D'Nest,Partially Furnished Condominium,1271 sqft ,139 Pasir Ris Grove, Ready to move,3,3,"S$ 3,600 /mo",EW1 Pasir Ris MRT Station,0.53 km
7,NV Residences,Fully Furnished Condominium,904 sqft ,93 Pasir Ris Grove, Ready to move,2,2,"S$ 2,500 /mo",EW1 Pasir Ris MRT Station,0.54 km
8,603 Elias Road,Fully Furnished HDB Apartment,1615 sqft ,603 Elias Road, Ready to move,3,2,"S$ 2,600 /mo",EW1 Pasir Ris MRT Station,0.82 km
9,Elias Green,Fully Furnished Condominium,1550 sqft ,1 Elias Road, Available from 19 Apr,3,3,"S$ 3,000 /mo",EW1 Pasir Ris MRT Station,0.95 km
10,The Palette,Fully Furnished Condominium,897 sqft ,123 Pasir Ris Grove, Available from 1 May,3,2,"S$ 2,500 /mo",EW1 Pasir Ris MRT Station,0.53 km
11,D'Nest,Fully Furnished Condominium,1130 sqft ,133 Pasir Ris Grove, Ready to move,3,3,"S$ 3,000 /mo",EW1 Pasir Ris MRT Station,0.53 km
12,NV Residences,Fully Furnished Condominium,797 sqft ,87 Pasir Ris Grove, Ready to move,2,2,"S$ 2,300 /mo",EW1 Pasir Ris MRT Station,0.54 km
13,The Palette,Fully Furnished Condominium,1001 sqft ,101 Pasir Ris Grove, Ready to move,2,2,"S$ 2,600 /mo",EW1 Pasir Ris MRT Station,0.53 km
14,560 Pasir Ris Street 51,HDB Apartment,200 sqft ,560 Pasir Ris Street 51, Ready to move,Room,0,S$ 650 /mo,EW1 Pasir Ris MRT Station,0.64 km
15,560 Pasir Ris Street 51,HDB Apartment,150 sqft ,560 Pasir Ris Street 51, Ready to move,Room,0,S$ 650 /mo,EW1 Pasir Ris MRT Station,0.64 km
16,Livia,Partially Furnished Condominium,1539 sqft ,71 Pasir Ris Grove, Ready to move,4,2,"S$ 3,799 /mo",EW1 Pasir Ris MRT Station,0.82 km
17,127 Pasir Ris Street 11,Partially Furnished HDB Apartment,1230 sqft ,127 Pasir Ris Street 11, Ready to move,3,2,"S$ 2,400 /mo",EW1 Pasir Ris MRT Station,0.95 km
18,The Palette,Unfurnished Condominium,1399 sqft ,115 Pasir Ris Grove, Ready to move,4,3,"S$ 3,600 /mo",EW1 Pasir Ris MRT Station,0.53 km
19,D'Nest,Fully Furnished Condominium,950 sqft ,139 Pasir Ris Grove, Ready to move,3,2,"S$ 3,500 /mo",EW1 Pasir Ris MRT Station,0.53 km
0,Elias Terrace,Terraced House,"2800 sqft, 3800 sqft (land) ",Elias Terrace, Ready to move,4,3,"S$ 8,000 /mo",EW1 Pasir Ris MRT Station,0.99 km
1,Coco Palms,Partially Furnished Condominium,743 sqft ,29 Pasir Ris Grove, Ready to move,2,2,"S$ 2,300 /mo",EW1 Pasir Ris MRT Station,0.42 km
2,D'Nest,Partially Furnished Condominium,1271 sqft ,Pasir Ris Grove, Ready to move,4,3,"S$ 3,500 /mo",EW1 Pasir Ris MRT Station,0.53 km
3,551 Pasir Ris Street 51,Fully Furnished HDB Apartment,1324 sqft ,551 Pasir Ris Street 51, Ready to move,3,2,"S$ 2,150 /mo",EW1 Pasir Ris MRT Station,0.69 km
4,NV Residences,Partially Furnished Condominium,797 sqft ,85 Pasir Ris Grove, Ready to move,2,2,"S$ 2,199 /mo",EW1 Pasir Ris MRT Station,0.54 km
5,Coco Palms,Condominium,463 sqft ,Pasir Ris Drive 1, Ready to move,1,1,"S$ 1,800 /mo",EW1 Pasir Ris MRT Station,0.42 km
6,Elias Green,Fully Furnished Condominium,1615 sqft ,1 Elias Road, Ready to move,3,3,"S$ 2,500 /mo",EW1 Pasir Ris MRT Station,0.95 km
7,419 Pasir Ris Drive 6,Fully Furnished HDB Apartment,250 sqft ,419 Pasir Ris Drive 6, Ready to move,Room,0,S$ 800 /mo,EW1 Pasir Ris MRT Station,0.57 km
8,604 Elias Road,Fully Furnished HDB Apartment,150 sqft ,604 Elias Road, Ready to move,Room,0,S$ 650 /mo,EW1 Pasir Ris MRT Station,0.84 km
9,495E Tampines Street 43,Fully Furnished HDB Apartment,732 sqft ,495E Tampines Street 43, Ready to move,2,2,"S$ 1,700 /mo",EW1 Pasir Ris MRT Station,1.00 km
10,450 Pasir Ris Drive 6,Partially Furnished HDB Apartment,1100 sqft ,450 Pasir Ris Drive 6, Ready to move,3,2,"S$ 2,200 /mo",EW1 Pasir Ris MRT Station,0.93 km
11,Coco Palms,Condominium,904 sqft ,Pasir Ris Drive 1, Ready to move,3,2,"S$ 2,650 /mo",EW1 Pasir Ris MRT Station,0.42 km
12,Coco Palms,Condominium,904 sqft ,Pasir Ris Drive 1, Ready to move,3,2,"S$ 2,700 /mo",EW1 Pasir Ris MRT Station,0.42 km
13,Coco Palms,Condominium,1099 sqft ,Pasir Ris Drive 1, Ready to move,3,2,"S$ 3,150 /mo",EW1 Pasir Ris MRT Station,0.42 km
14,Coco Palms,Condominium,1099 sqft ,Pasir Ris Drive 1, Ready to move,3,2,"S$ 3,130 /mo",EW1 Pasir Ris MRT Station,0.42 km
15,Coco Palms,Condominium,754 sqft ,Pasir Ris Drive 1, Available from 1 May,2,2,"S$ 2,500 /mo",EW1 Pasir Ris MRT Station,0.42 km
16,Coco Palms,Condominium,463 sqft ,Pasir Ris Drive 1, Ready to move,1,1,"S$ 1,880 /mo",EW1 Pasir Ris MRT Station,0.42 km
17,Coco Palms,Condominium,460 sqft ,Pasir Ris Drive 1, Ready to move,1,1,"S$ 1,900 /mo",EW1 Pasir Ris MRT Station,0.42 km
18,Coco Palms,Condominium,753 sqft ,Pasir Ris Drive 1, Ready to move,2,2,"S$ 2,450 /mo",EW1 Pasir Ris MRT Station,0.42 km
19,Coco Palms,Condominium,463 sqft ,Pasir Ris Drive 1, Ready to move,1,1,"S$ 1,800 /mo",EW1 Pasir Ris MRT Station,0.42 km
0,D'Nest,Condominium,484 sqft ,Pasir Ris Grove, Ready to move,1,1,"S$ 1,850 /mo",EW1 Pasir Ris MRT Station,0.53 km
1,Coco Palms,Fully Furnished Condominium,754 sqft ,11 Pasir Ris Grove, Ready to move,2,2,"S$ 2,600 /mo",EW1 Pasir Ris MRT Station,0.42 km
2,D'Nest,Fully Furnished Condominium,936 sqft ,Pasir Ris Grove, Ready to move,3,2,"S$ 2,800 /mo",EW1 Pasir Ris MRT Station,0.53 km
3,The Palette,Fully Furnished Condominium,743 sqft ,103 Pasir Ris Grove, Ready to move,2,2,"S$ 2,300 /mo",EW1 Pasir Ris MRT Station,0.53 km
4,The Palette,Fully Furnished Condominium,743 sqft ,103 Pasir Ris Grove, Ready to move,2,2,"S$ 2,300 /mo",EW1 Pasir Ris MRT Station,0.53 km
5,Eastvale,Partially Furnished Condominium,1206 sqft ,31 Pasir Ris Drive 3, Available from 1 May,3,3,"S$ 2,500 /mo",EW1 Pasir Ris MRT Station,0.48 km
6,451 Pasir Ris Drive 6,Fully Furnished HDB Apartment,300 sqft ,451 Pasir Ris Drive 6, Ready to move,Room,0,"S$ 1,100 /mo",EW1 Pasir Ris MRT Station,0.92 km
7,530D Pasir Ris Drive 1,Partially Furnished HDB Apartment,1130 sqft ,530D Pasir Ris Drive 1, Ready to move,3,2,"S$ 2,700 /mo",EW1 Pasir Ris MRT Station,0.12 km
8,Elias Green,Partially Furnished Condominium,1500 sqft ,1 Elias Road, Available from 1 Jun,3,5,"S$ 2,500 /mo",EW1 Pasir Ris MRT Station,0.95 km
9,551 Pasir Ris Street 51,Fully Furnished HDB Apartment,1324 sqft ,551 Pasir Ris Street 51, Ready to move,Room,0,S$ 650 /mo,EW1 Pasir Ris MRT Station,0.69 km
10,468 Pasir Ris Drive 6,Fully Furnished HDB Apartment,120 sqft ,468 Pasir Ris Drive 6, Ready to move,Room,0,S$ 600 /mo,EW1 Pasir Ris MRT Station,0.78 km
11,Coco Palms,Fully Furnished Condominium,753 sqft ,29 Pasir Ris Grove, Ready to move,2,2,"S$ 2,300 /mo",EW1 Pasir Ris MRT Station,0.42 km
12,NV Residences,Fully Furnished Condominium,904 sqft ,87 Pasir Ris Grove, Ready to move,2,2,"S$ 2,350 /mo",EW1 Pasir Ris MRT Station,0.54 km
13,417 Pasir Ris Drive 6,Fully Furnished HDB Apartment,1500 sqft ,417 Pasir Ris Drive 6, Ready to move,3,2,"S$ 2,300 /mo",EW1 Pasir Ris MRT Station,0.63 km
14,Coco Palms,Condominium,1099 sqft ,Pasir Ris Drive 1, Ready to move,3,2,"S$ 3,100 /mo",EW1 Pasir Ris MRT Station,0.42 km
15,Coco Palms,Condominium,1098 sqft ,Pasir Ris Drive 1, Ready to move,3,2,"S$ 3,100 /mo",EW1 Pasir Ris MRT Station,0.42 km
16,D'Nest,Partially Furnished Condominium,485 sqft ,Pasir Ris Grove, Ready to move,1,1,"S$ 1,800 /mo",EW1 Pasir Ris MRT Station,0.53 km
17,D'Nest,Partially Furnished Condominium,570 sqft ,129 Pasir Ris Grove, Ready to move,1,1,"S$ 2,000 /mo",EW1 Pasir Ris MRT Station,0.53 km
18,Coco Palms,Unfurnished Condominium,753 sqft ,Pasir Ris Drive 1, Ready to move,2,2,"S$ 2,199 /mo",EW1 Pasir Ris MRT Station,0.42 km
19,D'Nest,Partially Furnished Condominium,936 sqft ,129 Pasir Ris Grove, Ready to move,3,2,"S$ 2,600 /mo",EW1 Pasir Ris MRT Station,0.53 km
0,118 Pasir Ris Street 11,Fully Furnished HDB Apartment,1141 sqft ,118 Pasir Ris Street 11, Ready to move,3,2,"S$ 2,200 /mo",EW1 Pasir Ris MRT Station,0.83 km
1,Coco Palms,Condominium,905 sqft ,Pasir Ris Drive 1, Ready to move,3,2,"S$ 2,750 /mo",EW1 Pasir Ris MRT Station,0.42 km
2,D'Nest,Fully Furnished Condominium,150 sqft ,127 Pasir Ris Grove, Ready to move,Room,0,S$ 950 /mo,EW1 Pasir Ris MRT Station,0.53 km
3,D'Nest,Fully Furnished Condominium,936 sqft ,131 Pasir Ris Grove, Ready to move,3,2,"S$ 2,700 /mo",EW1 Pasir Ris MRT Station,0.53 km
4,613 Elias Road,Fully Furnished HDB Apartment,1453 sqft ,613 Elias Road, Available from 2 May,3,2,"S$ 2,200 /mo",EW1 Pasir Ris MRT Station,0.95 km
5,D'Nest,Fully Furnished Condominium,484 sqft ,Pasir Ris Grove, Ready to move,1,1,"S$ 1,850 /mo",EW1 Pasir Ris MRT Station,0.53 km
6,Livia,Partially Furnished Condominium,1270 sqft ,71 Pasir Ris Grove, Ready to move,3,3,"S$ 2,800 /mo",EW1 Pasir Ris MRT Station,0.82 km
7,Eastvale,Partially Furnished Condominium,1066 sqft ,31 Pasir Ris Drive 3, Available from 9 May,3,2,"S$ 2,250 /mo",EW1 Pasir Ris MRT Station,0.48 km
8,511 Pasir Ris Street 52,Fully Furnished HDB Apartment,160 sqft ,511 Pasir Ris Street 52, Ready to move,Room,0,S$ 800 /mo,EW1 Pasir Ris MRT Station,0.67 km
9,416 Pasir Ris Drive 6,Fully Furnished HDB Apartment,126 sqft ,416 Pasir Ris Drive 6, S$ 5.16 psf,Room,0,S$ 650 /mo,EW1 Pasir Ris MRT Station,0.65 km
10,D'Nest,Fully Furnished Condominium,754 sqft ,Pasir Ris Grove, Ready to move,2,2,"S$ 2,500 /mo",EW1 Pasir Ris MRT Station,0.53 km
11,541 Pasir Ris Street 51,Fully Furnished HDB Apartment,1550 sqft ,541 Pasir Ris Street 51, S$ 1.68 psf,4,2,"S$ 2,600 /mo",EW1 Pasir Ris MRT Station,0.39 km
12,D'Nest,Partially Furnished Condominium,969 sqft ,133 Pasir Ris Grove, Ready to move,3,2,"S$ 2,600 /mo",EW1 Pasir Ris MRT Station,0.53 km
13,411 Pasir Ris Drive 6,Fully Furnished HDB Apartment,1141 sqft ,411 Pasir Ris Drive 6, Ready to move,2,2,"S$ 1,950 /mo",EW1 Pasir Ris MRT Station,0.51 km
14,118 Pasir Ris Street 11,Fully Furnished HDB Apartment,1140 sqft ,118 Pasir Ris Street 11, Ready to move,3,2,"S$ 2,200 /mo",EW1 Pasir Ris MRT Station,0.83 km
15,D'Nest,Fully Furnished Condominium,484 sqft ,Pasir Ris Grove, Ready to move,1,1,"S$ 1,900 /mo",EW1 Pasir Ris MRT Station,0.53 km
16,D'Nest,Fully Furnished Condominium,969 sqft ,129 Pasir Ris Grove, Ready to move,3,2,"S$ 2,700 /mo",EW1 Pasir Ris MRT Station,0.53 km
17,116 Pasir Ris Street 11,Fully Furnished HDB Apartment,110 sqft ,116 Pasir Ris Street 11, Ready to move,Room,0,S$ 750 /mo,EW1 Pasir Ris MRT Station,0.70 km
18,577 Pasir Ris Street 53,Fully Furnished HDB Apartment,1184 sqft ,577 Pasir Ris Street 53, Available from 1 May,3,2,"S$ 2,200 /mo",EW1 Pasir Ris MRT Station,0.32 km
19,Livia,Fully Furnished Condominium,1539 sqft ,63 Pasir Ris Grove, Ready to move,4,4,"S$ 3,600 /mo",EW1 Pasir Ris MRT Station,0.82 km
0,The Palette,Condominium,893 sqft ,103 Pasir Ris Grove, Available from 15 May,2,1,"S$ 2,500 /mo",EW1 Pasir Ris MRT Station,0.53 km
1,415 Pasir Ris Drive 6,Partially Furnished HDB Apartment,1200 sqft ,415 Pasir Ris Drive 6, Ready to move,3,2,"S$ 2,000 /mo",EW1 Pasir Ris MRT Station,0.72 km
2,D'Nest,Partially Furnished Condominium,775 sqft ,Pasir Ris Grove, Ready to move,2,2,"S$ 2,400 /mo",EW1 Pasir Ris MRT Station,0.53 km
3,Elias Green,Fully Furnished Condominium,1615 sqft ,5 Elias Road, Available from 19 Apr,3,3,"S$ 2,500 /mo",EW1 Pasir Ris MRT Station,0.95 km
4,The Palette,Partially Furnished Condominium,743 sqft ,117 Pasir Ris Grove, Available from 20 Apr,2,2,"S$ 2,180 /mo",EW1 Pasir Ris MRT Station,0.53 km
5,464 Pasir Ris Street 41,Fully Furnished HDB Apartment,1593 sqft ,464 Pasir Ris Street 41, Ready to move,4,2,"S$ 2,400 /mo",EW1 Pasir Ris MRT Station,0.98 km
6,573 Pasir Ris Street 53,Fully Furnished HDB Apartment,1184 sqft ,573 Pasir Ris Street 53, Ready to move,3,2,"S$ 2,400 /mo",EW1 Pasir Ris MRT Station,0.45 km
7,D'Nest,Partially Furnished Condominium,936 sqft ,Pasir Ris Grove, Ready to move,3,2,"S$ 2,600 /mo",EW1 Pasir Ris MRT Station,0.53 km
8,D'Nest,Partially Furnished Condominium,753 sqft ,Pasir Ris Grove, Ready to move,2,2,"S$ 2,250 /mo",EW1 Pasir Ris MRT Station,0.53 km
9,D'Nest,Condominium,936 sqft ,Pasir Ris Grove, Ready to move,3,2,"S$ 2,800 /mo",EW1 Pasir Ris MRT Station,0.53 km
10,D'Nest,Partially Furnished Condominium,1636 sqft ,(within 0.53 km), Ready to move,4,3,"S$ 4,500 /mo",EW1 Pasir Ris MRT Station,0.53 km
11,Coco Palms,Fully Furnished Condominium,463 sqft ,Pasir Ris Drive 1, Ready to move,1,1,"S$ 1,950 /mo",EW1 Pasir Ris MRT Station,0.42 km
12,411 Pasir Ris Drive 6,Fully Furnished HDB Apartment,1130 sqft ,411 Pasir Ris Drive 6, Ready to move,2,2,"S$ 2,050 /mo",EW1 Pasir Ris MRT Station,0.51 km
13,The Palette,Partially Furnished Condominium,1066 sqft ,103 Pasir Ris Grove, Available from 1 Jun,3,2,"S$ 2,600 /mo",EW1 Pasir Ris MRT Station,0.53 km
14,525C Pasir Ris Street 51,Fully Furnished HDB Apartment,900 sqft ,525C Pasir Ris Street 51, Ready to move,Room,0,"S$ 1,900 /mo",EW1 Pasir Ris MRT Station,0.31 km
15,D'Nest,Partially Furnished Condominium,570 sqft ,129 Pasir Ris Grove, Ready to move,1,1,"S$ 2,000 /mo",EW1 Pasir Ris MRT Station,0.53 km
16,477 Pasir Ris Drive 6,Fully Furnished HDB Apartment,140 sqft ,477 Pasir Ris Drive 6, Available from 15 May,Room,0,S$ 700 /mo,EW1 Pasir Ris MRT Station,0.96 km
17,Coco Palms,Partially Furnished Condominium,742 sqft ,Pasir Ris Grove Coco Palms, Ready to move,2,2,"S$ 2,480 /mo",EW1 Pasir Ris MRT Station,0.44 km
18,Coco Palms,Partially Furnished Condominium,462 sqft ,"27 pasir ris grove, Coco Palms", Ready to move,1,1,"S$ 2,050 /mo",EW1 Pasir Ris MRT Station,0.44 km
19,Coco Palms,Partially Furnished Condominium,753 sqft ,29 Pasir Ris Grove, Ready to move,2,2,"S$ 2,200 /mo",EW1 Pasir Ris MRT Station,0.42 km
0,505 Pasir Ris Street 52,Fully Furnished HDB Apartment,1571 sqft ,505 Pasir Ris Street 52, Ready to move,4,2,"S$ 2,400 /mo",EW1 Pasir Ris MRT Station,0.68 km
1,Coco Palms,Fully Furnished Condominium,300 sqft ,Pasir Ris Drive 1, Ready to move,Studio,0,"S$ 1,600 /mo",EW1 Pasir Ris MRT Station,0.42 km
2,Eastvale,Fully Furnished Condominium,150 sqft ,37 Pasir Ris Drive 3, Ready to move,Room,0,"S$ 1,200 /mo",EW1 Pasir Ris MRT Station,0.48 km
3,D'Nest,Partially Furnished Condominium,753 sqft ,141 Pasir Ris Grove, Ready to move,2,2,"S$ 2,400 /mo",EW1 Pasir Ris MRT Station,0.53 km
4,Coco Palms,Partially Furnished Condominium,463 sqft ,Pasir Ris Drive 1, Ready to move,1,1,"S$ 2,000 /mo",EW1 Pasir Ris MRT Station,0.42 km
5,422 Pasir Ris Drive 6,Fully Furnished HDB Apartment,150 sqft ,422 Pasir Ris Drive 6, S$ 4.33 psf,Room,0,S$ 650 /mo,EW1 Pasir Ris MRT Station,0.57 km
6,407 Pasir Ris Drive 6,Fully Furnished HDB Apartment,150 sqft ,407 Pasir Ris Drive 6, Ready to move,Room,0,S$ 700 /mo,EW1 Pasir Ris MRT Station,0.53 km
7,Master Room @ 610 Elias Road,Fully Furnished HDB Apartment,250 sqft ,Elias, Ready to move,Room,0,S$ 900 /mo,EW1 Pasir Ris MRT Station,0.89 km
8,409 Pasir Ris Drive 6,Fully Furnished HDB Apartment,1130 sqft ,409 Pasir Ris Drive 6, Ready to move,3,2,"S$ 2,300 /mo",EW1 Pasir Ris MRT Station,0.50 km
9,474 Pasir Ris Drive 6,Fully Furnished HDB Apartment,1100 sqft ,474 Pasir Ris Drive 6, Ready to move,2,2,"S$ 2,200 /mo",EW1 Pasir Ris MRT Station,0.81 km
10,D'Nest,Partially Furnished Condominium,1270 sqft ,Pasir Ris Grove, Ready to move,4,3,"S$ 3,300 /mo",EW1 Pasir Ris MRT Station,0.53 km
11,Coco Palms,Condominium,905 sqft ,Pasir Ris Drive 1, Ready to move,3,2,"S$ 2,650 /mo",EW1 Pasir Ris MRT Station,0.42 km
12,Coco Palms,Partially Furnished Condominium,915 sqft ,31 Pasir Ris Grove, Ready to move,3,2,"S$ 2,700 /mo",EW1 Pasir Ris MRT Station,0.42 km
13,422 Pasir Ris Drive 6,Fully Furnished HDB Apartment,1625 sqft ,422 Pasir Ris Drive 6, Ready to move,4,3,"S$ 2,650 /mo",EW1 Pasir Ris MRT Station,0.57 km
14,Coco Palms,Partially Furnished Condominium,463 sqft ,Pasir Ris Drive 1, Ready to move,1,1,"S$ 1,890 /mo",EW1 Pasir Ris MRT Station,0.42 km
15,Coco Palms,Condominium,904 sqft ,Pasir Ris Drive 1, Ready to move,3,2,"S$ 2,780 /mo",EW1 Pasir Ris MRT Station,0.42 km
16,426 Pasir Ris Drive 6,Fully Furnished HDB Apartment,1000 sqft ,426 Pasir Ris Drive 6, Ready to move,2,2,"S$ 1,800 /mo",EW1 Pasir Ris MRT Station,0.72 km
17,417 Pasir Ris Drive 6,Fully Furnished HDB Apartment,1313 sqft ,417 Pasir Ris Drive 6, Ready to move,3,2,"S$ 2,300 /mo",EW1 Pasir Ris MRT Station,0.63 km
18,D'Nest,Condominium,1432 sqft ,145 Pasir Ris Grove, Ready to move,4,3,"S$ 3,850 /mo",EW1 Pasir Ris MRT Station,0.53 km
19,D'Nest,Condominium,1432 sqft ,145 Pasir Ris Grove, Ready to move,4,2,"S$ 3,800 /mo",EW1 Pasir Ris MRT Station,0.53 km
0,D'Nest,Fully Furnished Condominium,484 sqft ,Pasir Ris Grove, Ready to move,1,1,"S$ 2,000 /mo",EW1 Pasir Ris MRT Station,0.53 km
1,The Palette,Partially Furnished Condominium,743 sqft ,113 Pasir Ris Grove, Ready to move,2,2,"S$ 2,180 /mo",EW1 Pasir Ris MRT Station,0.53 km
2,The Palette,Condominium,1378 sqft ,107 Pasir Ris Grove, Ready to move,4,4,"S$ 3,400 /mo",EW1 Pasir Ris MRT Station,0.53 km
3,The Palette,Fully Furnished Condominium,743 sqft ,103 Pasir Ris Grove, Available from 20 Apr,2,2,"S$ 2,200 /mo",EW1 Pasir Ris MRT Station,0.53 km
4,527C Pasir Ris Street 51,Fully Furnished HDB Apartment,250 sqft ,527C Pasir Ris Street 51, Ready to move,1,1,S$ 900 /mo,EW1 Pasir Ris MRT Station,0.52 km
5,The Palette,Fully Furnished Condominium,1066 sqft ,103 Pasir Ris Grove, Ready to move,3,3,"S$ 3,000 /mo",EW1 Pasir Ris MRT Station,0.53 km
6,The Palette,Partially Furnished Condominium,893 sqft ,105 Pasir Ris Grove, Ready to move,2,2,"S$ 2,500 /mo",EW1 Pasir Ris MRT Station,0.53 km
7,Coco Palms,Fully Furnished Condominium,463 sqft ,29 Pasir Ris Grove, Available from 21 Apr,Studio,0,"S$ 2,000 /mo",EW1 Pasir Ris MRT Station,0.42 km
8,Coco Palms,Fully Furnished Condominium,732 sqft ,29 Pasir Ris Grove, Available from 21 Apr,2,2,"S$ 2,500 /mo",EW1 Pasir Ris MRT Station,0.42 km
9,Coco Palms,Condominium,732 sqft ,11 Pasir Ris Grove, Ready to move,2,2,"S$ 2,400 /mo",EW1 Pasir Ris MRT Station,0.42 km
10,110 Pasir Ris Street 11,Fully Furnished HDB Apartment,110 sqft ,110 Pasir Ris Street 11, Ready to move,Room,0,S$ 650 /mo,EW1 Pasir Ris MRT Station,0.87 km
11,Coco Palms,Condominium,732 sqft ,11 Pasir Ris Grove, Ready to move,2,2,"S$ 2,400 /mo",EW1 Pasir Ris MRT Station,0.42 km
12,D'Nest,Partially Furnished Condominium,560 sqft ,Pasir Ris Grove, Ready to move,1,1,"S$ 1,900 /mo",EW1 Pasir Ris MRT Station,0.53 km
13,The Palette,Fully Furnished Condominium,1000 sqft ,111 Pasir Ris Grove, Ready to move,2,2,"S$ 2,600 /mo",EW1 Pasir Ris MRT Station,0.53 km
14,407 Pasir Ris Drive 6,Fully Furnished HDB Apartment,1130 sqft ,407 Pasir Ris Drive 6, Ready to move,3,2,"S$ 2,280 /mo",EW1 Pasir Ris MRT Station,0.53 km
15,Livia,Fully Furnished Condominium,883 sqft ,71 Pasir Ris Grove, Available from 29 Apr,2,2,"S$ 2,200 /mo",EW1 Pasir Ris MRT Station,0.82 km
16,408 Pasir Ris Drive 6,Fully Furnished HDB Apartment,167 sqft ,408 Pasir Ris Drive 6, Ready to move,Room,0,S$ 700 /mo,EW1 Pasir Ris MRT Station,0.47 km
17,411 Pasir Ris Drive 6,Fully Furnished HDB Apartment,150 sqft ,411 Pasir Ris Drive 6, Ready to move,Room,0,S$ 650 /mo,EW1 Pasir Ris MRT Station,0.51 km
18,Pasir Ris Drive 6,Fully Furnished HDB Apartment,150 sqft ,467 Pasir Ris Dr 6, Ready to move,Room,0,S$ 650 /mo,EW1 Pasir Ris MRT Station,0.82 km
19,Coco Palms,Unfurnished Condominium,463 sqft ,13 Pasir Ris Grove, Ready to move,1,1,"S$ 1,800 /mo",EW1 Pasir Ris MRT Station,0.42 km
0,NV Residences,Fully Furnished Condominium,904 sqft ,87 Pasir Ris Grove, Ready to move,2,2,"S$ 2,400 /mo",EW1 Pasir Ris MRT Station,0.54 km
1,D'Nest,Fully Furnished Condominium,484 sqft ,(within 0.53 km), Ready to move,1,1,"S$ 1,800 /mo",EW1 Pasir Ris MRT Station,0.53 km
2,537 Pasir Ris Street 51,Fully Furnished HDB Apartment,1550 sqft ,537 Pasir Ris Street 51, Ready to move,4,2,"S$ 2,380 /mo",EW1 Pasir Ris MRT Station,0.32 km
3,D'Nest,Partially Furnished Condominium,936 sqft ,141 Pasir Ris Grove, Ready to move,3,2,"S$ 2,600 /mo",EW1 Pasir Ris MRT Station,0.53 km
4,D'Nest,Partially Furnished Condominium,753 sqft ,129 Pasir Ris Grove, Ready to move,2,2,"S$ 2,300 /mo",EW1 Pasir Ris MRT Station,0.53 km
5,Eastvale,Partially Furnished Condominium,1200 sqft ,35 Pasir Ris Drive 3, Available from 27 Apr,3,3,"S$ 2,600 /mo",EW1 Pasir Ris MRT Station,0.48 km
6,561 Pasir Ris Street 51,HDB Apartment,100 sqft ,561 Pasir Ris Street 51, Ready to move,Room,0,S$ 600 /mo,EW1 Pasir Ris MRT Station,0.64 km
7,NV Residences,Fully Furnished Condominium,796 sqft ,87 Pasir Ris Grove, Ready to move,2,2,"S$ 2,200 /mo",EW1 Pasir Ris MRT Station,0.54 km
8,Coco Palms,Condominium,753 sqft ,Pasir Ris Drive 1, Ready to move,2,2,"S$ 2,300 /mo",EW1 Pasir Ris MRT Station,0.42 km
9,577 Pasir Ris Street 53,Fully Furnished HDB Apartment,1184 sqft ,577 Pasir Ris Street 53, Ready to move,3,2,"S$ 1,988 /mo",EW1 Pasir Ris MRT Station,0.32 km
10,127 Pasir Ris Street 11,Unfurnished HDB Apartment,1184 sqft ,127 Pasir Ris Street 11, Ready to move,3,2,"S$ 2,388 /mo",EW1 Pasir Ris MRT Station,0.95 km
11,Coco Palms,Partially Furnished Condominium,904 sqft ,31 Pasir Ris Grove, Ready to move,3,2,"S$ 3,000 /mo",EW1 Pasir Ris MRT Station,0.42 km
12,The Palette,Partially Furnished Condominium,1100 sqft ,119 Pasir Ris Grove, Available from 1 May,3,3,"S$ 2,600 /mo",EW1 Pasir Ris MRT Station,0.53 km
13,D'Nest,Partially Furnished Condominium,969 sqft ,Pasir Ris Grove, Ready to move,3,2,"S$ 2,700 /mo",EW1 Pasir Ris MRT Station,0.53 km
14,The Palette,Fully Furnished Condominium,90 sqft ,103 Pasir Ris Grove, Ready to move,Room,0,S$ 850 /mo,EW1 Pasir Ris MRT Station,0.53 km
15,413 Pasir Ris Drive 6,Fully Furnished HDB Apartment,1571 sqft ,413 Pasir Ris Drive 6, Ready to move,3,3,"S$ 2,300 /mo",EW1 Pasir Ris MRT Station,0.65 km
16,511 Pasir Ris Street 52,Fully Furnished HDB Apartment,134 sqft ,511 Pasir Ris Street 52, Ready to move,4,2,"S$ 2,500 /mo",EW1 Pasir Ris MRT Station,0.67 km
17,D'Nest,Condominium,484 sqft ,Pasir Ris Grove, Ready to move,1,1,"S$ 1,850 /mo",EW1 Pasir Ris MRT Station,0.53 km
18,Eastvale,Fully Furnished Condominium,1200 sqft ,35 Pasir Ris Drive 3, Available from 19 Jun,3,2,"S$ 2,500 /mo",EW1 Pasir Ris MRT Station,0.48 km
19,126 Pasir Ris Street 11,Fully Furnished HDB Apartment,1119 sqft ,126 Pasir Ris Street 11, Ready to move,3,2,"S$ 2,000 /mo",EW1 Pasir Ris MRT Station,0.98 km
0,D'Nest,Fully Furnished Condominium,200 sqft ,137 Pasir Ris Grove, Ready to move,Room,0,S$ 900 /mo,EW1 Pasir Ris MRT Station,0.53 km
1,Coco Palms,Condominium,1270 sqft ,Pasir Ris Drive 1, Ready to move,4,2,"S$ 4,000 /mo",EW1 Pasir Ris MRT Station,0.42 km
2,415 Pasir Ris Drive 6,HDB Apartment,250 sqft ,415 Pasir Ris Drive 6, Ready to move,Room,0,"S$ 1,100 /mo",EW1 Pasir Ris MRT Station,0.72 km
3,D'Nest,Partially Furnished Condominium,969 sqft ,Pasir Ris Grove, Ready to move,3,2,"S$ 2,788 /mo",EW1 Pasir Ris MRT Station,0.53 km
4,Coco Palms,Fully Furnished Condominium,753 sqft ,13 Pasir Ris Grove, Ready to move,2,2,"S$ 2,500 /mo",EW1 Pasir Ris MRT Station,0.42 km
5,The Palette,Partially Furnished Condominium,1399 sqft ,103 Pasir Ris Grove, Ready to move,4,3,"S$ 3,600 /mo",EW1 Pasir Ris MRT Station,0.53 km
6,D'Nest,Fully Furnished Condominium,1270 sqft ,149 Pasir Ris Grove, Ready to move,4,3,"S$ 3,500 /mo",EW1 Pasir Ris MRT Station,0.53 km
7,Livia,Condominium,1249 sqft ,81 Pasir Ris Grove, Ready to move,3,3,"S$ 2,800 /mo",EW1 Pasir Ris MRT Station,0.82 km
8,The Palette,Fully Furnished Condominium,893 sqft ,105 Pasir Ris Grove, Ready to move,2,2,"S$ 2,400 /mo",EW1 Pasir Ris MRT Station,0.53 km
9,Coco Palms,Partially Furnished Condominium,753 sqft ,Pasir Ris Drive 1, Ready to move,2,2,"S$ 2,300 /mo",EW1 Pasir Ris MRT Station,0.42 km
10,Coco Palms,Partially Furnished Condominium,743 sqft ,33 Pasir Ris Grove, Ready to move,2,2,"S$ 2,500 /mo",EW1 Pasir Ris MRT Station,0.42 km
11,559 Pasir Ris Street 51,Fully Furnished HDB Apartment,100 sqft ,559 Pasir Ris Street 51, Ready to move,Room,0,S$ 650 /mo,EW1 Pasir Ris MRT Station,0.72 km
12,Livia,Partially Furnished Condominium,1539 sqft ,69 Pasir Ris Grove, Ready to move,4,4,"S$ 3,700 /mo",EW1 Pasir Ris MRT Station,0.82 km
13,D'Nest,Partially Furnished Condominium,936 sqft ,Pasir Ris Grove, Ready to move,3,2,"S$ 2,500 /mo",EW1 Pasir Ris MRT Station,0.53 km
14,468 Pasir Ris Drive 6,Fully Furnished HDB Apartment,150 sqft ,468 Pasir Ris Drive 6, Ready to move,Room,0,S$ 650 /mo,EW1 Pasir Ris MRT Station,0.78 km
15,614 Elias Road,Fully Furnished HDB Apartment,1388 sqft ,614 Elias Road, Ready to move,3,2,"S$ 2,250 /mo",EW1 Pasir Ris MRT Station,0.98 km
16,The Palette,Condominium,883 sqft ,103 Pasir Ris Grove, S$ 2.77 psf,3,2,"S$ 2,449 /mo",EW1 Pasir Ris MRT Station,0.53 km
17,Eastvale,Unfurnished Condominium,1216 sqft ,33 Pasir Ris Drive 3, Ready to move,4,3,"S$ 2,390 /mo",EW1 Pasir Ris MRT Station,0.48 km
18,Coco Palms,Partially Furnished Condominium,904 sqft ,Pasir Ris Drive 1, S$ 3.10 psf,3,2,"S$ 2,800 /mo",EW1 Pasir Ris MRT Station,0.42 km
19,D'Nest,Partially Furnished Condominium,484 sqft ,Pasir Ris Grove, Ready to move,1,1,"S$ 1,800 /mo",EW1 Pasir Ris MRT Station,0.53 km
0,615 Elias Road,Partially Furnished HDB Apartment,1442 sqft ,615 Elias Road, Available from 15 Jun,3,2,"S$ 2,200 /mo",EW1 Pasir Ris MRT Station,0.97 km
1,566 Pasir Ris Street 51,Fully Furnished HDB Apartment,1345 sqft ,566 Pasir Ris Street 51, Ready to move,3,2,"S$ 2,100 /mo",EW1 Pasir Ris MRT Station,0.40 km
2,426 Pasir Ris Drive 6,Fully Furnished HDB Apartment,161 sqft ,426 Pasir Ris Drive 6, Ready to move,Room,0,S$ 700 /mo,EW1 Pasir Ris MRT Station,0.72 km
3,607 Elias Road,Partially Furnished HDB Apartment,1550 sqft ,607 Elias Road, Ready to move,4,2,"S$ 2,500 /mo",EW1 Pasir Ris MRT Station,0.91 km
4,Coco Palms,Condominium,906 sqft ,Pasir Ris Drive 1, Ready to move,3,2,"S$ 2,900 /mo",EW1 Pasir Ris MRT Station,0.42 km
5,411 Pasir Ris Drive 6,Fully Furnished HDB Apartment,150 sqft ,411 Pasir Ris Drive 6, Ready to move,Room,0,S$ 650 /mo,EW1 Pasir Ris MRT Station,0.51 km
6,Livia,Partially Furnished Condominium,1259 sqft ,63 Pasir Ris Grove, Available from 16 Jun,3,3,"S$ 3,000 /mo",EW1 Pasir Ris MRT Station,0.82 km
7,Coco Palms,Fully Furnished Condominium,463 sqft ,15 Pasir Ris Grove, Ready to move,1,1,"S$ 2,000 /mo",EW1 Pasir Ris MRT Station,0.42 km
8,Coco Palms,Partially Furnished Condominium,1098 sqft ,31 Pasir Ris Grove, Ready to move,3,3,"S$ 2,800 /mo",EW1 Pasir Ris MRT Station,0.42 km
9,Coco Palms,Partially Furnished Condominium,463 sqft ,11 Pasir Ris Grove, Ready to move,1,1,"S$ 2,000 /mo",EW1 Pasir Ris MRT Station,0.42 km
10,119 Pasir Ris Street 11,Fully Furnished HDB Apartment,100 sqft ,119 Pasir Ris Street 11, S$ 6.00 psf,1,1,S$ 600 /mo,EW1 Pasir Ris MRT Station,0.81 km
11,Coco Palms,Condominium,904 sqft ,Pasir Ris Drive 1, Ready to move,3,2,"S$ 2,699 /mo",EW1 Pasir Ris MRT Station,0.42 km
12,514 Pasir Ris Street 52,Fully Furnished HDB Apartment,1100 sqft ,514 Pasir Ris Street 52, Ready to move,3,2,"S$ 2,400 /mo",EW1 Pasir Ris MRT Station,0.75 km
13,579 Pasir Ris Street 53,Partially Furnished HDB Apartment,1561 sqft ,579 Pasir Ris Street 53, S$ 1.41 psf,3,2,"S$ 2,200 /mo",EW1 Pasir Ris MRT Station,0.33 km
14,D'Nest,Fully Furnished Condominium,936 sqft ,131 Pasir Ris Grove, Ready to move,3,2,"S$ 2,800 /mo",EW1 Pasir Ris MRT Station,0.53 km
15,D'Nest,Partially Furnished Condominium,947 sqft ,Pasir Ris Grove, Ready to move,3,2,"S$ 2,500 /mo",EW1 Pasir Ris MRT Station,0.53 km
16,464 Pasir Ris Street 41,Fully Furnished HDB Apartment,1571 sqft ,464 Pasir Ris Street 41, Ready to move,3,2,"S$ 2,400 /mo",EW1 Pasir Ris MRT Station,0.98 km
17,121 Pasir Ris Street 11,Partially Furnished HDB Apartment,1506 sqft ,121 Pasir Ris Street 11, Ready to move,3,2,"S$ 2,200 /mo",EW1 Pasir Ris MRT Station,0.85 km
18,D'Nest,Partially Furnished Condominium,753 sqft ,139 Pasir Ris Grove, Ready to move,2,2,"S$ 2,500 /mo",EW1 Pasir Ris MRT Station,0.53 km
19,Elias Green,Fully Furnished Condominium,1550 sqft ,3 Elias Road, Ready to move,3,3,"S$ 2,450 /mo",EW1 Pasir Ris MRT Station,0.95 km
0,Coco Palms,Condominium,463 sqft ,Pasir Ris Drive 1, Ready to move,1,1,"S$ 1,800 /mo",EW1 Pasir Ris MRT Station,0.42 km
1,Coco Palms,Condominium,743 sqft ,Pasir Ris Drive 1, Ready to move,2,2,"S$ 2,300 /mo",EW1 Pasir Ris MRT Station,0.42 km
2,The Palette,Partially Furnished Condominium,743 sqft ,103 Pasir Ris Grove, S$ 2.96 psf,2,2,"S$ 2,200 /mo",EW1 Pasir Ris MRT Station,0.53 km
3,417 Pasir Ris Drive 6,Partially Furnished HDB Apartment,1000 sqft ,417 Pasir Ris Drive 6, Ready to move,3,2,"S$ 2,200 /mo",EW1 Pasir Ris MRT Station,0.63 km
4,The Palette,Partially Furnished Condominium,1410 sqft ,101 Pasir Ris Grove, Available from 24 Jun,3,3,"S$ 3,200 /mo",EW1 Pasir Ris MRT Station,0.53 km
5,547 Pasir Ris Street 51,Fully Furnished HDB Apartment,1580 sqft ,547 Pasir Ris Street 51, Ready to move,3,2,"S$ 2,600 /mo",EW1 Pasir Ris MRT Station,0.56 km
6,The Palette,Partially Furnished Condominium,1066 sqft ,103 Pasir Ris Grove, Available from 1 May,3,2,"S$ 2,600 /mo",EW1 Pasir Ris MRT Station,0.53 km
7,D'Nest,Fully Furnished Condominium,100 sqft ,Pasir Ris Grove, Ready to move,Room,0,"S$ 1,000 /mo",EW1 Pasir Ris MRT Station,0.53 km
8,510 Pasir Ris Street 52,Fully Furnished HDB Apartment,1572 sqft ,510 Pasir Ris Street 52, Ready to move,4,2,"S$ 2,400 /mo",EW1 Pasir Ris MRT Station,0.67 km
9,Coco Palms,Partially Furnished Condominium,753 sqft ,11 Pasir Ris Grove, Ready to move,2,2,"S$ 2,600 /mo",EW1 Pasir Ris MRT Station,0.42 km
10,The Palette,Partially Furnished Condominium,1173 sqft ,103 Pasir Ris Grove, S$ 2.56 psf,4,4,"S$ 3,000 /mo",EW1 Pasir Ris MRT Station,0.53 km
11,417 Pasir Ris Drive 6,HDB Apartment,1108 sqft ,417 Pasir Ris Drive 6, Available from 30 Apr,3,2,"S$ 2,100 /mo",EW1 Pasir Ris MRT Station,0.63 km
12,Coco Palms,Condominium,1000 sqft ,29 Pasir Ris Grove, Ready to move,3,3,"S$ 2,900 /mo",EW1 Pasir Ris MRT Station,0.42 km
13,D'Nest,Partially Furnished Condominium,100 sqft ,Pasir Ris Grove, Ready to move,Room,0,S$ 850 /mo,EW1 Pasir Ris MRT Station,0.53 km
14,Livia,Partially Furnished Condominium,915 sqft ,79 Pasir Ris Grove, S$ 2.72 psf,2,2,"S$ 2,490 /mo",EW1 Pasir Ris MRT Station,0.82 km
15,128 Pasir Ris Street 11,Fully Furnished HDB Apartment,1700 sqft ,128 Pasir Ris Street 11, Ready to move,4,2,S$ 680 /mo,EW1 Pasir Ris MRT Station,0.95 km
16,427 Pasir Ris Drive 6,Partially Furnished HDB Apartment,980 sqft ,427 Pasir Ris Drive 6, Ready to move,3,2,"S$ 2,100 /mo",EW1 Pasir Ris MRT Station,0.73 km
17,Livia,Fully Furnished Condominium,915 sqft ,71 Pasir Ris Grove, Available from 15 Jun,2,2,"S$ 2,700 /mo",EW1 Pasir Ris MRT Station,0.82 km
18,Livia,Partially Furnished Condominium,883 sqft ,71 Pasir Ris Grove, Ready to move,2,2,"S$ 2,300 /mo",EW1 Pasir Ris MRT Station,0.82 km
19,581 Pasir Ris Street 53,Fully Furnished HDB Apartment,1593 sqft ,581 Pasir Ris Street 53, Ready to move,3,2,"S$ 2,600 /mo",EW1 Pasir Ris MRT Station,0.43 km
0,551 Pasir Ris Street 51,Fully Furnished HDB Apartment,1213 sqft ,551 Pasir Ris Street 51, Ready to move,Room,0,S$ 700 /mo,EW1 Pasir Ris MRT Station,0.69 km
1,451 Pasir Ris Drive 6,Fully Furnished HDB Apartment,1130 sqft ,451 Pasir Ris Drive 6, Ready to move,3,2,"S$ 2,200 /mo",EW1 Pasir Ris MRT Station,0.92 km
2,464 Pasir Ris Street 41,Fully Furnished HDB Apartment,100 sqft ,464 Pasir Ris Street 41, Ready to move,1,2,S$ 800 /mo,EW1 Pasir Ris MRT Station,0.98 km
3,Coco Palms,Partially Furnished Condominium,753 sqft ,33 Pasir Ris Grove, Ready to move,2,2,"S$ 2,300 /mo",EW1 Pasir Ris MRT Station,0.42 km
4,Coco Palms,Condominium,904 sqft ,33 Pasir Ris Grove, Ready to move,3,2,"S$ 2,780 /mo",EW1 Pasir Ris MRT Station,0.42 km
5,Coco Palms,Partially Furnished Condominium,753 sqft ,15 Pasir Ris Grove, Ready to move,2,2,"S$ 2,500 /mo",EW1 Pasir Ris MRT Station,0.42 km
6,110 Pasir Ris Street 11,Fully Furnished HDB Apartment,1302 sqft ,110 Pasir Ris Street 11, Ready to move,4,2,"S$ 2,400 /mo",EW1 Pasir Ris MRT Station,0.87 km
7,NV Residences,Fully Furnished Condominium,1453 sqft ,87 Pasir Ris Grove, Available from 1 Jun,4,3,"S$ 3,300 /mo",EW1 Pasir Ris MRT Station,0.54 km
8,125 Pasir Ris Street 11,Fully Furnished HDB Apartment,1097 sqft ,125 Pasir Ris Street 11, Ready to move,2,2,"S$ 1,500 /mo",EW1 Pasir Ris MRT Station,0.90 km
9,475 Pasir Ris Drive 6,Fully Furnished HDB Apartment,1100 sqft ,475 Pasir Ris Drive 6, Ready to move,2,2,"S$ 1,900 /mo",EW1 Pasir Ris MRT Station,0.90 km
10,576 Pasir Ris Street 53,HDB Apartment,150 sqft ,576 Pasir Ris Street 53, S$ 4.67 psf,Room,0,S$ 700 /mo,EW1 Pasir Ris MRT Station,0.32 km
11,411 Pasir Ris Drive 6,HDB Apartment,150 sqft ,411 Pasir Ris Drive 6, Ready to move,Room,0,S$ 650 /mo,EW1 Pasir Ris MRT Station,0.51 km
12,Coco Palms,Partially Furnished Condominium,1378 sqft ,Pasir Ris Drive 1, Ready to move,4,3,"S$ 3,800 /mo",EW1 Pasir Ris MRT Station,0.42 km
13,Coco Palms,Fully Furnished Condominium,463 sqft ,Pasir Ris Drive 1, Ready to move,1,1,"S$ 2,200 /mo",EW1 Pasir Ris MRT Station,0.42 km
14,551 Pasir Ris Street 51,Fully Furnished HDB Apartment,1313 sqft ,551 Pasir Ris Street 51, Available from 1 Jun,3,2,"S$ 2,150 /mo",EW1 Pasir Ris MRT Station,0.69 km
15,128 Pasir Ris Street 11,Fully Furnished HDB Apartment,150 sqft ,128 Pasir Ris Street 11, Ready to move,Room,0,S$ 700 /mo,EW1 Pasir Ris MRT Station,0.95 km
16,Pasir Ris Terrace,Partially Furnished Semi-Detached House,"3500 sqft, 3390 sqft (land) ",Pasir Ris Terrace, Available from 23 May,5,3,"S$ 5,800 /mo",EW1 Pasir Ris MRT Station,0.98 km
17,472 Pasir Ris Drive 6,Partially Furnished HDB Apartment,800 sqft ,472 Pasir Ris Drive 6, Ready to move,2,2,"S$ 1,850 /mo",EW1 Pasir Ris MRT Station,0.84 km
18,D'Nest,Partially Furnished Condominium,969 sqft ,141 Pasir Ris Grove, S$ 3.10 psf,3,2,"S$ 3,000 /mo",EW1 Pasir Ris MRT Station,0.53 km
19,Coco Palms,Partially Furnished Condominium,753 sqft ,31 Pasir Ris Grove, Ready to move,2,2,"S$ 2,400 /mo",EW1 Pasir Ris MRT Station,0.42 km
0,The Palette,Partially Furnished Condominium,1066 sqft ,113 Pasir Ris Grove, Available from 1 May,3,3,"S$ 2,650 /mo",EW1 Pasir Ris MRT Station,0.53 km
1,D'Nest,Partially Furnished Condominium,570 sqft ,131 Pasir Ris Grove, Ready to move,1,1,"S$ 1,600 /mo",EW1 Pasir Ris MRT Station,0.53 km
2,Elias Green,Partially Furnished Condominium,1550 sqft ,1 Elias Road, Ready to move,3,4,"S$ 2,800 /mo",EW1 Pasir Ris MRT Station,0.95 km
3,D'Nest,Partially Furnished Condominium,775 sqft ,Pasir Ris Grove, Ready to move,2,2,"S$ 2,250 /mo",EW1 Pasir Ris MRT Station,0.53 km
4,NV Residences,Partially Furnished Condominium,1484 sqft ,87 Pasir Ris Grove, Available from 15 Apr,3,3,"S$ 3,300 /mo",EW1 Pasir Ris MRT Station,0.54 km
5,448 Pasir Ris Drive 6,Fully Furnished HDB Apartment,250 sqft ,448 Pasir Ris Drive 6, Ready to move,Room,0,S$ 750 /mo,EW1 Pasir Ris MRT Station,0.97 km
6,531 Pasir Ris Drive 1,Fully Furnished HDB Apartment,150 sqft ,531 Pasir Ris Drive 1, Ready to move,Room,0,S$ 950 /mo,EW1 Pasir Ris MRT Station,0.16 km
7,D'Nest,Fully Furnished Condominium,753 sqft ,Pasir Ris Grove, Available from 29 Apr,2,2,"S$ 2,550 /mo",EW1 Pasir Ris MRT Station,0.53 km
8,Coco Palm,Partially Furnished Condominium,753 sqft ,Pasir Ris Grove, Available from 21 Apr,2,2,"S$ 2,500 /mo",EW1 Pasir Ris MRT Station,0.47 km
9,NV Residences,Fully Furnished Condominium,904 sqft ,87 Pasir Ris Grove, Available from 1 Jun,3,2,"S$ 2,700 /mo",EW1 Pasir Ris MRT Station,0.54 km
10,D'Nest,Partially Furnished Condominium,936 sqft ,Pasir Ris Grove, Ready to move,3,2,"S$ 2,500 /mo",EW1 Pasir Ris MRT Station,0.53 km
11,Coco Palms,Partially Furnished Condominium,1098 sqft ,33 Pasir Ris Grove, Ready to move,3,3,"S$ 2,850 /mo",EW1 Pasir Ris MRT Station,0.42 km
12,564 Pasir Ris Street 51,Fully Furnished HDB Apartment,200 sqft ,564 Pasir Ris Street 51, Ready to move,Room,0,S$ 900 /mo,EW1 Pasir Ris MRT Station,0.46 km
13,Coco Palms,Partially Furnished Condominium,463 sqft ,Pasir Ris Drive 1, Ready to move,1,1,"S$ 1,900 /mo",EW1 Pasir Ris MRT Station,0.42 km
14,408 Pasir Ris Drive 6,Fully Furnished HDB Apartment,1400 sqft ,408 Pasir Ris Drive 6, Ready to move,Room,0,S$ 680 /mo,EW1 Pasir Ris MRT Station,0.47 km
15,Eastvale,Fully Furnished Condominium,1098 sqft ,39 Pasir Ris Drive 3, Ready to move,3,2,"S$ 2,450 /mo",EW1 Pasir Ris MRT Station,0.48 km
16,406 Pasir Ris Drive 6,Partially Furnished HDB Apartment,1323 sqft ,406 Pasir Ris Drive 6, Ready to move,3,2,"S$ 2,100 /mo",EW1 Pasir Ris MRT Station,0.64 km
17,NV Residences,Condominium,797 sqft ,87 Pasir Ris Grove, Available from 1 May,2,2,"S$ 2,200 /mo",EW1 Pasir Ris MRT Station,0.54 km
18,Coco Palms,Condominium,463 sqft ,13 Pasir Ris Grove, Ready to move,1,1,"S$ 2,000 /mo",EW1 Pasir Ris MRT Station,0.42 km
19,116 Pasir Ris Street 11,Fully Furnished HDB Apartment,130 sqft ,116 Pasir Ris Street 11, Ready to move,Room,0,S$ 750 /mo,EW1 Pasir Ris MRT Station,0.70 km
0,Coco Palms,Partially Furnished Condominium,452 sqft ,13 Pasir Ris Grove, Ready to move,1,1,"S$ 1,800 /mo",EW1 Pasir Ris MRT Station,0.42 km
1,561 Pasir Ris Street 51,Fully Furnished HDB Apartment,120 sqft ,561 Pasir Ris Street 51, Ready to move,Room,0,S$ 600 /mo,EW1 Pasir Ris MRT Station,0.64 km
2,Coco Palms,Partially Furnished Condominium,463 sqft ,13 Pasir Ris Grove, Ready to move,1,1,"S$ 2,050 /mo",EW1 Pasir Ris MRT Station,0.42 km
3,The Palette,Fully Furnished Condominium,732 sqft ,115 Pasir Ris Grove, Ready to move,2,2,"S$ 2,200 /mo",EW1 Pasir Ris MRT Station,0.53 km
4,NV Residences,Partially Furnished Condominium,1464 sqft ,91 Pasir Ris Grov, Available from 30 Apr,4,3,"S$ 3,400 /mo",EW1 Pasir Ris MRT Station,0.54 km
5,Coco Palms,Fully Furnished Condominium,463 sqft ,17 Pasir Ris Grove, Ready to move,1,1,"S$ 2,000 /mo",EW1 Pasir Ris MRT Station,0.42 km
6,D'Nest,Condominium,1270 sqft ,145 Pasir Ris Grove, Ready to move,4,3,"S$ 3,500 /mo",EW1 Pasir Ris MRT Station,0.53 km
7,NV Residences,Fully Furnished Condominium,764 sqft ,87 Pasir Ris Grove, S$ 3.01 psf,2,2,"S$ 2,300 /mo",EW1 Pasir Ris MRT Station,0.54 km
8,Eastvale Condominium,Fully Furnished Condominium,108 sqft ,37 PASIR RIS DRIVE 3, S$ 7.87 psf,Room,0,S$ 850 /mo,EW1 Pasir Ris MRT Station,0.45 km
9,Elias Green,Condominium,1550 sqft ,1 Elias Road, Available from 18 Apr,3,3,"S$ 2,300 /mo",EW1 Pasir Ris MRT Station,0.95 km
10,D'Nest,Partially Furnished Condominium,1636 sqft ,147 Pasir Ris Grove, Ready to move,4,3,"S$ 4,500 /mo",EW1 Pasir Ris MRT Station,0.53 km
11,The Palette,Fully Furnished Condominium,506 sqft ,119 Pasir Ris Grove, Ready to move,1,1,"S$ 1,999 /mo",EW1 Pasir Ris MRT Station,0.53 km
12,D'Nest,Partially Furnished Condominium,936 sqft ,(within 0.53 km), Ready to move,3,2,"S$ 2,600 /mo",EW1 Pasir Ris MRT Station,0.53 km
13,The Palette,Fully Furnished Condominium,1066 sqft ,117 Pasir Ris Grove, Ready to move,3,3,"S$ 2,800 /mo",EW1 Pasir Ris MRT Station,0.53 km
14,Coco Palms,Fully Furnished Condominium,753 sqft ,Pasir Ris Drive 1, Ready to move,2,2,"S$ 2,500 /mo",EW1 Pasir Ris MRT Station,0.42 km
15,Coco Palms,Condominium,1378 sqft ,11 Pasir Ris Grove, Ready to move,4,4,"S$ 3,800 /mo",EW1 Pasir Ris MRT Station,0.42 km
16,Coco Palms,Condominium,915 sqft ,31 Pasir Ris Grove, Ready to move,3,2,"S$ 2,700 /mo",EW1 Pasir Ris MRT Station,0.42 km
17,Coco Palms,Condominium,1098 sqft ,Pasir Ris Drive 1, Ready to move,3,3,"S$ 2,800 /mo",EW1 Pasir Ris MRT Station,0.42 km
18,Livia,Fully Furnished Condominium,1268 sqft ,71 Pasir Ris Grove, Ready to move,3,3,"S$ 2,600 /mo",EW1 Pasir Ris MRT Station,0.82 km
19,575 Pasir Ris Street 53,Fully Furnished HDB Apartment,110 sqft ,575 Pasir Ris Street 53, Ready to move,Room,0,S$ 580 /mo,EW1 Pasir Ris MRT Station,0.40 km
0,Coco Palms,Partially Furnished Condominium,753 sqft ,11 Pasir Ris Grove, Ready to move,2,2,"S$ 2,200 /mo",EW1 Pasir Ris MRT Station,0.42 km
1,426 Pasir Ris Drive 6,Fully Furnished HDB Apartment,100 sqft ,426 Pasir Ris Drive 6, Ready to move,Room,0,S$ 700 /mo,EW1 Pasir Ris MRT Station,0.72 km
2,Coco Palms,Partially Furnished Condominium,90 sqft ,31 Pasir Ris Grove, Ready to move,Room,0,"S$ 1,050 /mo",EW1 Pasir Ris MRT Station,0.42 km
3,NV Residences,Partially Furnished Condominium,936 sqft ,87 Pasir Ris Grove, Ready to move,2,2,"S$ 2,500 /mo",EW1 Pasir Ris MRT Station,0.54 km
4,D'Nest,Partially Furnished Condominium,1432 sqft ,Pasir Ris Grove, Ready to move,4,3,"S$ 3,850 /mo",EW1 Pasir Ris MRT Station,0.53 km
5,Coco Palms,Partially Furnished Condominium,915 sqft ,Pasir Ris Drive 1, Ready to move,3,2,"S$ 2,650 /mo",EW1 Pasir Ris MRT Station,0.42 km
6,Coco Palms,Partially Furnished Condominium,380 sqft ,Pasir Ris Drive 1, Ready to move,Studio,0,"S$ 1,690 /mo",EW1 Pasir Ris MRT Station,0.42 km
7,422 Pasir Ris Drive 6,Partially Furnished HDB Apartment,1622 sqft ,422 Pasir Ris Drive 6, Ready to move,4,3,"S$ 2,700 /mo",EW1 Pasir Ris MRT Station,0.57 km
8,The Palette,Partially Furnished Condominium,1300 sqft ,103 Pasir Ris Grove, Ready to move,3,3,"S$ 3,200 /mo",EW1 Pasir Ris MRT Station,0.53 km
9,NV Residences,Condominium,904 sqft ,87 Pasir Ris Grove, Ready to move,2,2,"S$ 2,300 /mo",EW1 Pasir Ris MRT Station,0.54 km
10,The Palette,Unfurnished Condominium,721 sqft ,115 Pasir Ris Grove, Available from 15 Apr,2,2,"S$ 2,100 /mo",EW1 Pasir Ris MRT Station,0.53 km
11,Coco Palms,Condominium,732 sqft ,11 Pasir Ris Grove, Ready to move,2,2,"S$ 2,200 /mo",EW1 Pasir Ris MRT Station,0.42 km
12,D'Nest,Condominium,936 sqft ,Pasir Ris Grove, Ready to move,3,2,"S$ 2,700 /mo",EW1 Pasir Ris MRT Station,0.53 km
13,Coco Palms,Condominium,743 sqft ,Pasir Ris Drive 1, Ready to move,2,2,"S$ 2,360 /mo",EW1 Pasir Ris MRT Station,0.42 km
14,NV Residences,Partially Furnished Condominium,1453 sqft ,87 Pasir Ris Grove, Ready to move,4,3,"S$ 3,500 /mo",EW1 Pasir Ris MRT Station,0.54 km
15,426 Pasir Ris Drive 6,Fully Furnished HDB Apartment,100 sqft ,426 Pasir Ris Drive 6, S$ 6.80 psf,Room,0,S$ 680 /mo,EW1 Pasir Ris MRT Station,0.72 km
16,The Palette,Fully Furnished Condominium,743 sqft ,103 Pasir Ris Grove, Ready to move,2,2,"S$ 2,499 /mo",EW1 Pasir Ris MRT Station,0.53 km
17,The Palette,Partially Furnished Condominium,1066 sqft ,103 Pasir Ris Grove, Ready to move,3,2,"S$ 2,700 /mo",EW1 Pasir Ris MRT Station,0.53 km
18,Coco Palms,Partially Furnished Condominium,750 sqft ,Pasir Ris Drive 1, Ready to move,2,2,"S$ 2,500 /mo",EW1 Pasir Ris MRT Station,0.42 km
19,Elias Green,Fully Furnished Condominium,150 sqft ,5 Elias Road, Ready to move,Room,0,S$ 800 /mo,EW1 Pasir Ris MRT Station,0.95 km
0,The Palette,Partially Furnished Condominium,1066 sqft ,123 Pasir Ris Grove, Available from 1 May,3,2,"S$ 2,900 /mo",EW1 Pasir Ris MRT Station,0.53 km
1,D'Nest,Condominium,947 sqft ,137 Pasir Ris Grove, Ready to move,3,2,"S$ 2,900 /mo",EW1 Pasir Ris MRT Station,0.53 km
2,464 Pasir Ris Street 41,Partially Furnished HDB Apartment,1571 sqft ,464 Pasir Ris Street 41, Ready to move,4,2,"S$ 2,600 /mo",EW1 Pasir Ris MRT Station,0.98 km
3,Coco Palms,Fully Furnished Condominium,484 sqft ,29 Pasir Ris Grove, Ready to move,1,1,"S$ 1,900 /mo",EW1 Pasir Ris MRT Station,0.42 km
4,D'Nest,Partially Furnished Condominium,937 sqft ,143 Pasir Ris Grove, Ready to move,3,2,"S$ 2,500 /mo",EW1 Pasir Ris MRT Station,0.53 km
5,606 Elias Road,HDB Apartment,155 sqft ,606 Elias Road, Ready to move,3,2,"S$ 2,400 /mo",EW1 Pasir Ris MRT Station,0.91 km
6,421 Pasir Ris Drive 6,Fully Furnished HDB Apartment,1130 sqft ,421 Pasir Ris Drive 6, Available from 7 May,3,2,"S$ 1,900 /mo",EW1 Pasir Ris MRT Station,0.59 km
7,Eastvale,Fully Furnished Condominium,1100 sqft ,31 Pasir Ris Drive 3, Ready to move,3,2,"S$ 2,700 /mo",EW1 Pasir Ris MRT Station,0.48 km
8,D'Nest,Fully Furnished Condominium,1270 sqft ,139 Pasir Ris Grove, Ready to move,4,3,"S$ 4,000 /mo",EW1 Pasir Ris MRT Station,0.53 km
9,D'Nest,Partially Furnished Condominium,753 sqft ,145 Pasir Ris Grove, S$ 3.32 psf,2,2,"S$ 2,500 /mo",EW1 Pasir Ris MRT Station,0.53 km
10,D'Nest,Partially Furnished Condominium,1400 sqft ,Pasir Ris Grove, Ready to move,4,2,"S$ 3,800 /mo",EW1 Pasir Ris MRT Station,0.53 km
11,Coco Palms,Partially Furnished Condominium,753 sqft ,29 Pasir Ris Grove, Ready to move,2,2,"S$ 2,500 /mo",EW1 Pasir Ris MRT Station,0.42 km
12,Coco Palms,Partially Furnished Condominium,743 sqft ,29 Pasir Ris Grove, Ready to move,2,2,"S$ 2,400 /mo",EW1 Pasir Ris MRT Station,0.42 km
13,Coco Palms,Condominium,300 sqft ,Pasir Ris Drive 1, Ready to move,Studio,0,"S$ 1,600 /mo",EW1 Pasir Ris MRT Station,0.42 km
14,Coco Palms,Condominium,315 sqft ,Pasir Ris Drive 1, Available from 1 May,Studio,0,"S$ 1,600 /mo",EW1 Pasir Ris MRT Station,0.42 km
15,Coco Palms,Partially Furnished Condominium,904 sqft ,Pasir Ris Drive 1, Ready to move,3,2,"S$ 2,800 /mo",EW1 Pasir Ris MRT Station,0.42 km
16,Coco Palms,Unfurnished Condominium,463 sqft ,Pasir Ris Drive 1, Ready to move,1,1,"S$ 1,900 /mo",EW1 Pasir Ris MRT Station,0.42 km
17,Elias Green,Fully Furnished Condominium,1528 sqft ,1 Elias Road, Ready to move,3,3,"S$ 2,500 /mo",EW1 Pasir Ris MRT Station,0.95 km
18,547 Pasir Ris Street 51,Fully Furnished HDB Apartment,1582 sqft ,547 Pasir Ris Street 51, S$ 0.44 psf,Room,0,S$ 700 /mo,EW1 Pasir Ris MRT Station,0.56 km
19,Coco Palms,Partially Furnished Condominium,463 sqft ,Pasir Ris Drive 1, Ready to move,1,1,"S$ 2,000 /mo",EW1 Pasir Ris MRT Station,0.42 km
0,NV Residences,Fully Furnished Condominium,1250 sqft ,87 Pasir Ris Grove, Ready to move,3,3,"S$ 2,800 /mo",EW1 Pasir Ris MRT Station,0.54 km
1,Coco Palms,Condominium,743 sqft ,Pasir Ris Drive 1, Ready to move,2,2,"S$ 2,500 /mo",EW1 Pasir Ris MRT Station,0.42 km
2,505 Pasir Ris Street 52,Fully Furnished HDB Apartment,1571 sqft ,505 Pasir Ris Street 52, Ready to move,4,2,"S$ 2,400 /mo",EW1 Pasir Ris MRT Station,0.68 km
3,Coco Palms,Partially Furnished Condominium,463 sqft ,33 Pasir Ris Grove, Ready to move,1,1,"S$ 1,800 /mo",EW1 Pasir Ris MRT Station,0.42 km
4,Coco Palms,Partially Furnished Condominium,463 sqft ,31 Pasir Ris Grove, Ready to move,1,1,"S$ 1,900 /mo",EW1 Pasir Ris MRT Station,0.42 km
5,D'Nest,Fully Furnished Condominium,484 sqft ,Pasir Ris Grove, Ready to move,1,1,"S$ 2,000 /mo",EW1 Pasir Ris MRT Station,0.53 km
6,Hdb,Partially Furnished HDB Apartment,1345 sqft ,Pasir ris st 51 blk 566, Ready to move,3,2,"S$ 2,100 /mo",EW1 Pasir Ris MRT Station,0.40 km
7,Coco Palms,Fully Furnished Condominium,904 sqft ,33 Pasir Ris Grove, Ready to move,3,2,"S$ 2,880 /mo",EW1 Pasir Ris MRT Station,0.42 km
8,Eastvale,Fully Furnished Condominium,120 sqft ,41 Pasir Ris Drive 3, Ready to move,Studio,0,S$ 850 /mo,EW1 Pasir Ris MRT Station,0.48 km
9,The Palette,Fully Furnished Condominium,883 sqft ,103 Pasir Ris Grove, Available from 27 Apr,3,2,"S$ 2,400 /mo",EW1 Pasir Ris MRT Station,0.53 km
10,NV Residences,Fully Furnished Condominium,796 sqft ,87 Pasir Ris Grove, Ready to move,2,2,"S$ 2,200 /mo",EW1 Pasir Ris MRT Station,0.54 km
11,Livia,Condominium,2595 sqft ,69 Pasir Ris Grove, S$ 1.93 psf,5,6,"S$ 5,000 /mo",EW1 Pasir Ris MRT Station,0.82 km
12,D'Nest,Fully Furnished Condominium,753 sqft ,Pasir Ris Grove, Ready to move,2,2,"S$ 2,400 /mo",EW1 Pasir Ris MRT Station,0.53 km
13,568 Pasir Ris Street 51,Fully Furnished HDB Apartment,1324 sqft ,568 Pasir Ris Street 51, Available from 28 Apr,4,2,"S$ 2,500 /mo",EW1 Pasir Ris MRT Station,0.43 km
14,407 Pasir Ris Drive 6,Partially Furnished HDB Apartment,130 sqft ,407 Pasir Ris Drive 6, Ready to move,Room,0,S$ 300 /mo,EW1 Pasir Ris MRT Station,0.53 km
15,557 Pasir Ris Street 51,Fully Furnished HDB Apartment,90 sqft ,557 Pasir Ris Street 51, Ready to move,1,1,S$ 650 /mo,EW1 Pasir Ris MRT Station,0.66 km
16,Bk475/429 PASIR RIS 2+1 ( $1800),Fully Furnished HDB Apartment,101 sqft ,16 PASIR RIS, Ready to move,2,2,"S$ 1,800 /mo",EW1 Pasir Ris MRT Station,0.87 km
17,Coco Palms,Condominium,300 sqft ,31 Pasir Ris Grove, Ready to move,Studio,0,"S$ 1,600 /mo",EW1 Pasir Ris MRT Station,0.42 km
18,The Palette,Fully Furnished Condominium,506 sqft ,103 Pasir Ris Grove, Ready to move,1,1,"S$ 2,000 /mo",EW1 Pasir Ris MRT Station,0.53 km
19,417 Pasir Ris Drive 6,Fully Furnished HDB Apartment,250 sqft ,417 Pasir Ris Drive 6, Ready to move,Room,0,S$ 950 /mo,EW1 Pasir Ris MRT Station,0.63 km
0,559 Pasir Ris Street 51,Fully Furnished HDB Apartment,1119 sqft ,559 Pasir Ris Street 51, Ready to move,2,2,"S$ 1,800 /mo",EW1 Pasir Ris MRT Station,0.72 km
1,D'Nest,Condominium,753 sqft ,Pasir Ris Grove, Available from 1 Jun,2,2,"S$ 2,600 /mo",EW1 Pasir Ris MRT Station,0.53 km
2,Coco Palms,Condominium,750 sqft ,Pasir Ris Drive 1, Available from 1 Jun,2,1,"S$ 2,600 /mo",EW1 Pasir Ris MRT Station,0.42 km
3,D'Nest,Partially Furnished Condominium,936 sqft ,137 Pasir Ris Grove, Ready to move,3,2,"S$ 2,600 /mo",EW1 Pasir Ris MRT Station,0.53 km
4,D'Nest,Condominium,1098 sqft ,Pasir Ris Grove, Ready to move,3,2,"S$ 2,600 /mo",EW1 Pasir Ris MRT Station,0.53 km
5,Livia,Fully Furnished Condominium,1270 sqft ,71 Pasir Ris Grove, Ready to move,3,3,"S$ 2,650 /mo",EW1 Pasir Ris MRT Station,0.82 km
6,Coco Palms,Partially Furnished Condominium,250 sqft ,29 Pasir Ris Grove, Ready to move,1,1,"S$ 1,700 /mo",EW1 Pasir Ris MRT Station,0.42 km
7,NV Residences,Fully Furnished Condominium,797 sqft ,95 Pasir Ris Grove, Ready to move,2,2,"S$ 2,250 /mo",EW1 Pasir Ris MRT Station,0.54 km
8,NV Residences,Condominium,495 sqft ,87 Pasir Ris Grove, Ready to move,1,1,"S$ 1,699 /mo",EW1 Pasir Ris MRT Station,0.54 km
9,Eastvale,Fully Furnished Condominium,1098 sqft ,31 Pasir Ris Drive 3, Ready to move,Room,0,S$ 850 /mo,EW1 Pasir Ris MRT Station,0.48 km
10,Dnest,Fully Furnished Condominium,1200 sqft ,Dnest, Ready to move,3,2,"S$ 3,000 /mo",EW1 Pasir Ris MRT Station,0.57 km
11,Coco Palms,Condominium,150 sqft ,Pasir Ris Drive 1, S$ 6.67 psf,Room,0,"S$ 1,000 /mo",EW1 Pasir Ris MRT Station,0.42 km
12,Coco Palms,Partially Furnished Condominium,742 sqft ,Pasir Ris Drive 1, Ready to move,2,2,"S$ 2,300 /mo",EW1 Pasir Ris MRT Station,0.42 km
13,D'Nest,Partially Furnished Condominium,936 sqft ,135 Pasir Ris Grove, Ready to move,3,2,"S$ 2,500 /mo",EW1 Pasir Ris MRT Station,0.53 km
14,The Palette,Partially Furnished Condominium,1066 sqft ,103 Pasir Ris Grove, Ready to move,3,3,"S$ 2,400 /mo",EW1 Pasir Ris MRT Station,0.53 km
15,D'Nest,Condominium,936 sqft ,137 Pasir Ris Grove, Ready to move,3,2,"S$ 2,700 /mo",EW1 Pasir Ris MRT Station,0.53 km
16,524A Pasir Ris Street 51,Fully Furnished HDB Apartment,1119 sqft ,524A Pasir Ris Street 51, Available from 7 May,2,2,"S$ 2,400 /mo",EW1 Pasir Ris MRT Station,0.27 km
17,Coco Palms,Partially Furnished Condominium,743 sqft ,13 Pasir Ris Grove, Ready to move,2,2,"S$ 2,500 /mo",EW1 Pasir Ris MRT Station,0.42 km
18,Coco Palms,Partially Furnished Condominium,904 sqft ,29 Pasir Ris Grove, Ready to move,3,2,"S$ 2,700 /mo",EW1 Pasir Ris MRT Station,0.42 km
19,Coco Palms,Partially Furnished Condominium,463 sqft ,31 Pasir Ris Grove, Ready to move,1,1,"S$ 1,850 /mo",EW1 Pasir Ris MRT Station,0.42 km
0,Coco Palms,Partially Furnished Condominium,904 sqft ,Pasir Ris Drive 1, Ready to move,3,2,"S$ 2,800 /mo",EW1 Pasir Ris MRT Station,0.42 km
1,Le Loyang,Partially Furnished Apartment,2012 sqft ,43 Jalan Loyang Besar, Ready to move,4,3,"S$ 2,999 /mo",EW1 Pasir Ris MRT Station,0.97 km
2,D'Nest,Partially Furnished Condominium,753 sqft ,Pasir Ris Grove, Ready to move,2,2,"S$ 2,300 /mo",EW1 Pasir Ris MRT Station,0.53 km
3,D'Nest,Fully Furnished Condominium,936 sqft ,139 Pasir Ris Grove, S$ 1.71 psf,Room,0,"S$ 1,600 /mo",EW1 Pasir Ris MRT Station,0.53 km
4,The Palette,Fully Furnished Condominium,1001 sqft ,101 Pasir Ris Grove, Ready to move,2,2,"S$ 2,600 /mo",EW1 Pasir Ris MRT Station,0.53 km
5,Livia,Fully Furnished Condominium,1324 sqft ,69 Pasir Ris Grove, Ready to move,3,2,"S$ 2,800 /mo",EW1 Pasir Ris MRT Station,0.82 km
6,Coco Palms,Partially Furnished Condominium,743 sqft ,Pasir Ris Drive 1, Ready to move,2,2,"S$ 2,250 /mo",EW1 Pasir Ris MRT Station,0.42 km
7,Coco Palms,Partially Furnished Condominium,904 sqft ,33 Pasir Ris Grove, Ready to move,3,2,"S$ 2,600 /mo",EW1 Pasir Ris MRT Station,0.42 km
8,D'Nest,Partially Furnished Condominium,484 sqft ,Pasir Ris Grove, Ready to move,1,1,"S$ 2,000 /mo",EW1 Pasir Ris MRT Station,0.53 km
9,556 Pasir Ris Street 51,Partially Furnished HDB Apartment,300 sqft ,556 Pasir Ris Street 51, Ready to move,Room,0,"S$ 1,000 /mo",EW1 Pasir Ris MRT Station,0.63 km
10,417 Pasir Ris Drive 6,Fully Furnished HDB Apartment,1234 sqft ,417 Pasir Ris Drive 6, Ready to move,Room,0,S$ 600 /mo,EW1 Pasir Ris MRT Station,0.63 km
11,467 Pasir Ris Drive 6,Fully Furnished HDB Apartment,1200 sqft ,467 Pasir Ris Drive 6, Ready to move,Room,0,S$ 600 /mo,EW1 Pasir Ris MRT Station,0.78 km
12,122 Pasir Ris Street 11,Fully Furnished HDB Apartment,1300 sqft ,122 Pasir Ris Street 11, Ready to move,2,2,S$ 550 /mo,EW1 Pasir Ris MRT Station,0.86 km
13,467 Pasir Ris Drive 6,Fully Furnished HDB Apartment,1200 sqft ,467 Pasir Ris Drive 6, Ready to move,Room,0,S$ 450 /mo,EW1 Pasir Ris MRT Station,0.78 km
14,D'Nest,Partially Furnished Condominium,1270 sqft ,129 Pasir Ris Grove, Ready to move,3,2,"S$ 3,200 /mo",EW1 Pasir Ris MRT Station,0.53 km
15,467 Pasir Ris Drive 6,Fully Furnished HDB Apartment,200 sqft ,467 Pasir Ris Drive 6, Ready to move,3,2,S$ 600 /mo,EW1 Pasir Ris MRT Station,0.78 km
16,The Palette,Fully Furnished Condominium,885 sqft ,111 Pasir Ris Grove, Available from 30 Apr,3,2,"S$ 2,400 /mo",EW1 Pasir Ris MRT Station,0.53 km
17,515 Pasir Ris Street 52,Fully Furnished HDB Apartment,1130 sqft ,515 Pasir Ris Street 52, Ready to move,3,2,"S$ 2,200 /mo",EW1 Pasir Ris MRT Station,0.77 km
18,Coco Palms,Condominium,150 sqft ,Pasir Ris Drive 1, Ready to move,Room,0,"S$ 1,000 /mo",EW1 Pasir Ris MRT Station,0.42 km
19,D'Nest,Partially Furnished Condominium,1258 sqft ,Pasir Ris Grove, Ready to move,3,2,"S$ 3,300 /mo",EW1 Pasir Ris MRT Station,0.53 km
0,Blk 536 Pasir Ris Drive 1,Partially Furnished HDB Apartment,150 sqft ,Blk 536 Pasir Ris Drive 1, S$ 4.40 psf,Room,0,S$ 660 /mo,EW1 Pasir Ris MRT Station,0.20 km
1,573 Pasir Ris Street 53,Fully Furnished HDB Apartment,1184 sqft ,573 Pasir Ris Street 53, Ready to move,3,2,"S$ 2,400 /mo",EW1 Pasir Ris MRT Station,0.45 km
2,D'Nest,Fully Furnished Condominium,484 sqft ,129 Pasir Ris Grove, Ready to move,1,1,"S$ 1,900 /mo",EW1 Pasir Ris MRT Station,0.53 km
3,Coco Palms,Partially Furnished Condominium,463 sqft ,33 Pasir Ris Grove, Ready to move,1,1,"S$ 2,200 /mo",EW1 Pasir Ris MRT Station,0.42 km
4,D'Nest,Condominium,936 sqft ,(within 0.53 km), Ready to move,3,2,"S$ 2,700 /mo",EW1 Pasir Ris MRT Station,0.53 km
5,NV Residences,Fully Furnished Condominium,900 sqft ,95 Pasir Ris Grove, Ready to move,2,2,"S$ 2,200 /mo",EW1 Pasir Ris MRT Station,0.54 km
6,561 Pasir Ris Street 51,Fully Furnished HDB Apartment,150 sqft ,561 Pasir Ris Street 51, Ready to move,Room,0,S$ 600 /mo,EW1 Pasir Ris MRT Station,0.64 km
7,Livia,Fully Furnished Condominium,883 sqft ,81 Pasir Ris Grove, Ready to move,2,2,"S$ 2,200 /mo",EW1 Pasir Ris MRT Station,0.82 km
8,Coco Palms,Partially Furnished Condominium,250 sqft ,Pasir Ris Drive 1, Ready to move,Studio,0,"S$ 1,800 /mo",EW1 Pasir Ris MRT Station,0.42 km
9,Coco Palms,Partially Furnished Condominium,1250 sqft ,Pasir Ris Drive 1, Ready to move,3,3,"S$ 3,200 /mo",EW1 Pasir Ris MRT Station,0.42 km
10,Coco Palms,Fully Furnished Condominium,400 sqft ,29 Pasir Ris Grove, Ready to move,Studio,0,"S$ 1,500 /mo",EW1 Pasir Ris MRT Station,0.42 km
11,D'Elias,Partially Furnished Cluster House,4069 sqft ,29A Elias Road, Ready to move,5,5,"S$ 5,200 /mo",EW1 Pasir Ris MRT Station,0.98 km
12,Livia,Partially Furnished Condominium,1539 sqft ,65 Pasir Ris Grove, Ready to move,4,3,"S$ 3,600 /mo",EW1 Pasir Ris MRT Station,0.82 km
13,D'Nest,Condominium,80 sqft ,(within 0.53 km), S$ 10.62 psf,Room,0,S$ 850 /mo,EW1 Pasir Ris MRT Station,0.53 km
14,Elias Green,Fully Furnished Condominium,1528 sqft ,1 Elias Road, Ready to move,3,3,"S$ 2,500 /mo",EW1 Pasir Ris MRT Station,0.95 km
15,467 Pasir Ris Drive 6,Partially Furnished HDB Apartment,1300 sqft ,467 Pasir Ris Drive 6, Ready to move,4,2,"S$ 2,500 /mo",EW1 Pasir Ris MRT Station,0.78 km
16,NV Residences,Partially Furnished Condominium,1184 sqft ,83 Pasir Ris Grove, Ready to move,3,2,"S$ 2,400 /mo",EW1 Pasir Ris MRT Station,0.54 km
17,577 Pasir Ris Street 53,HDB Apartment,110 sqft ,577 Pasir Ris Street 53, Ready to move,Room,0,S$ 699 /mo,EW1 Pasir Ris MRT Station,0.32 km
18,NV Residences,Condominium,764 sqft ,89 Pasir Ris Grove, Ready to move,2,2,"S$ 2,200 /mo",EW1 Pasir Ris MRT Station,0.54 km
19,D'Nest,Partially Furnished Condominium,484 sqft ,Pasir Ris Grove, Ready to move,1,1,"S$ 1,750 /mo",EW1 Pasir Ris MRT Station,0.53 km
0,D'Nest,Partially Furnished Condominium,1130 sqft ,137 Pasir Ris Grove, Ready to move,3,3,"S$ 2,800 /mo",EW1 Pasir Ris MRT Station,0.53 km
1,Coco Palms,Partially Furnished Condominium,904 sqft ,Pasir Ris Drive 1, Ready to move,3,2,"S$ 2,900 /mo",EW1 Pasir Ris MRT Station,0.42 km
2,D'Nest,Fully Furnished Condominium,931 sqft ,Pasir Ris Grove, Ready to move,2,2,"S$ 2,500 /mo",EW1 Pasir Ris MRT Station,0.53 km
3,D'Nest,Partially Furnished Condominium,1624 sqft ,133 Pasir Ris Grove, Ready to move,4,3,"S$ 4,800 /mo",EW1 Pasir Ris MRT Station,0.53 km
4,124 Pasir Ris Street 11,Fully Furnished HDB Apartment,1367 sqft ,124 Pasir Ris Street 11, S$ 1.32 psf,3,2,"S$ 1,800 /mo",EW1 Pasir Ris MRT Station,0.92 km
5,D'Nest,Fully Furnished Condominium,484 sqft ,147 Pasir Ris Grove, Ready to move,1,1,"S$ 2,000 /mo",EW1 Pasir Ris MRT Station,0.53 km
6,D'Nest,Partially Furnished Condominium,1270 sqft ,147 Pasir Ris Grove, Ready to move,4,3,"S$ 3,500 /mo",EW1 Pasir Ris MRT Station,0.53 km
7,D'Nest,Fully Furnished Condominium,484 sqft ,135 Pasir Ris Grove, S$ 4.13 psf,1,1,"S$ 2,000 /mo",EW1 Pasir Ris MRT Station,0.53 km
8,The Palette,Fully Furnished Condominium,1163 sqft ,105 Pasir Ris Grove, Ready to move,3,3,"S$ 3,000 /mo",EW1 Pasir Ris MRT Station,0.53 km
9,D'Nest,Fully Furnished Condominium,753 sqft ,Pasir Ris Grove, Ready to move,2,2,"S$ 2,500 /mo",EW1 Pasir Ris MRT Station,0.53 km
10,Coco Palms,Partially Furnished Condominium,453 sqft ,Pasir Ris Drive 1, Ready to move,1,1,"S$ 1,800 /mo",EW1 Pasir Ris MRT Station,0.42 km
11,Coco Palms,Partially Furnished Condominium,743 sqft ,Pasir Ris Drive 1, Ready to move,2,2,"S$ 2,400 /mo",EW1 Pasir Ris MRT Station,0.42 km
12,Elias Green,Fully Furnished Condominium,1200 sqft ,(within 0.95 km), Ready to move,3,3,"S$ 2,800 /mo",EW1 Pasir Ris MRT Station,0.95 km
13,Elias Green,Fully Furnished Condominium,150 sqft ,1 Elias Road, Ready to move,Room,0,S$ 900 /mo,EW1 Pasir Ris MRT Station,0.95 km
14,Elias Green,Fully Furnished Condominium,320 sqft ,(within 0.95 km), Ready to move,Studio,0,"S$ 1,500 /mo",EW1 Pasir Ris MRT Station,0.95 km
15,Elias Green,Unfurnished Condominium,1507 sqft ,1 Elias Road, Available from 20 Apr,3,3,"S$ 2,500 /mo",EW1 Pasir Ris MRT Station,0.95 km
16,Coco Palms,Partially Furnished Condominium,1464 sqft ,Pasir Ris Drive 1, Ready to move,4,4,"S$ 4,800 /mo",EW1 Pasir Ris MRT Station,0.42 km
17,121 Pasir Ris Street 11,Partially Furnished HDB Apartment,100 sqft ,121 Pasir Ris Street 11, Ready to move,3,2,"S$ 2,099 /mo",EW1 Pasir Ris MRT Station,0.85 km
18,The Palette,Condominium,1156 sqft ,113 Pasir Ris Grove, Ready to move,4,3,"S$ 2,800 /mo",EW1 Pasir Ris MRT Station,0.53 km
19,Coco Palms,Partially Furnished Condominium,250 sqft ,Pasir Ris Drive 1, Ready to move,Studio,0,"S$ 1,800 /mo",EW1 Pasir Ris MRT Station,0.42 km
0,Coco Palms,Partially Furnished Condominium,1250 sqft ,Pasir Ris Drive 1, Ready to move,3,3,"S$ 3,200 /mo",EW1 Pasir Ris MRT Station,0.42 km
1,Coco Palms,Partially Furnished Condominium,1464 sqft ,Pasir Ris Drive 1, Ready to move,4,4,"S$ 4,800 /mo",EW1 Pasir Ris MRT Station,0.42 km
2,553 Pasir Ris Street 51,Partially Furnished HDB Apartment,100 sqft ,553 Pasir Ris Street 51, Ready to move,1,2,S$ 650 /mo,EW1 Pasir Ris MRT Station,0.61 km
3,The Palette,Condominium,1400 sqft ,103 Pasir Ris Grove, Ready to move,3,3,"S$ 3,600 /mo",EW1 Pasir Ris MRT Station,0.53 km
4,Coco Palms,Fully Furnished Condominium,463 sqft ,Pasir Ris Grove, Ready to move,1,1,"S$ 1,988 /mo",EW1 Pasir Ris MRT Station,0.38 km
5,426 Pasir Ris Drive 6,Fully Furnished HDB Apartment,904 sqft ,426 Pasir Ris Drive 6, Ready to move,Room,0,S$ 750 /mo,EW1 Pasir Ris MRT Station,0.72 km
6,518 Pasir Ris Street 52,HDB Apartment,200 sqft ,518 Pasir Ris Street 52, Ready to move,Room,0,S$ 700 /mo,EW1 Pasir Ris MRT Station,0.62 km
7,110 Pasir Ris Street 11,Partially Furnished HDB Apartment,100 sqft ,110 Pasir Ris Street 11, Ready to move,Room,0,S$ 700 /mo,EW1 Pasir Ris MRT Station,0.87 km
8,555 Pasir Ris Street 51,Fully Furnished HDB Apartment,150 sqft ,555 Pasir Ris Street 51, Ready to move,Room,0,S$ 600 /mo,EW1 Pasir Ris MRT Station,0.55 km
9,LIVIA,Partially Furnished Condominium,1270 sqft ,81 Pasir Ris grove #08-45, Ready to move,3,2,"S$ 3,000 /mo",EW1 Pasir Ris MRT Station,0.63 km
10,469 Pasir Ris Drive 6,Fully Furnished HDB Apartment,1321 sqft ,469 Pasir Ris Drive 6, Ready to move,3,2,"S$ 2,300 /mo",EW1 Pasir Ris MRT Station,0.87 km
11,Coco Palms,Fully Furnished Condominium,463 sqft ,Pasir Ris Drive 1, Ready to move,1,1,"S$ 1,850 /mo",EW1 Pasir Ris MRT Station,0.42 km
12,D'Nest,Partially Furnished Condominium,754 sqft ,Pasir Ris Grove, Ready to move,2,1,"S$ 2,400 /mo",EW1 Pasir Ris MRT Station,0.53 km
13,525C Pasir Ris Street 51,Fully Furnished HDB Apartment,150 sqft ,525C Pasir Ris Street 51, Ready to move,Room,0,S$ 550 /mo,EW1 Pasir Ris MRT Station,0.31 km
14,The Palette,Fully Furnished Condominium,1066 sqft ,113 Pasir Ris Grove, Available from 1 May,3,3,"S$ 2,650 /mo",EW1 Pasir Ris MRT Station,0.65 km
15,The Palette,Partially Furnished Condominium,893 sqft ,103 Pasir Ris Grove, Ready to move,2,2,"S$ 2,500 /mo",EW1 Pasir Ris MRT Station,0.53 km
16,NV Residences,Partially Furnished Condominium,904 sqft ,95 Pasir Ris Grove, Ready to move,2,2,"S$ 2,500 /mo",EW1 Pasir Ris MRT Station,0.54 km
17,NV Residences,Fully Furnished Condominium,1270 sqft ,89 Pasir Ris Grove, Ready to move,3,3,"S$ 3,000 /mo",EW1 Pasir Ris MRT Station,0.54 km
18,Elias Green,Fully Furnished Condominium,1550 sqft ,5 Elias Road, Ready to move,3,3,"S$ 2,500 /mo",EW1 Pasir Ris MRT Station,0.95 km
19,Coco Palms,Partially Furnished Condominium,753 sqft ,Pasir Ris Drive 1, Ready to move,2,2,"S$ 2,550 /mo",EW1 Pasir Ris MRT Station,0.42 km
0,495E Tampines Street 43,Fully Furnished HDB Apartment,1560 sqft ,495E Tampines Street 43, Ready to move,4,2,"S$ 2,400 /mo",EW1 Pasir Ris MRT Station,1.00 km
1,Elias Green,Fully Furnished Condominium,1550 sqft ,3 Elias Road, Ready to move,3,2,"S$ 2,600 /mo",EW1 Pasir Ris MRT Station,0.95 km
2,559 Pasir Ris Street 51,Fully Furnished HDB Apartment,108 sqft ,559 Pasir Ris Street 51, Ready to move,Room,0,S$ 630 /mo,EW1 Pasir Ris MRT Station,0.72 km
3,Coco Palms,Partially Furnished Condominium,915 sqft ,Pasir Ris Drive 1, Ready to move,3,2,"S$ 2,600 /mo",EW1 Pasir Ris MRT Station,0.42 km
4,Coco Palms,Partially Furnished Condominium,743 sqft ,Pasir Ris Drive 1, Ready to move,2,2,"S$ 2,200 /mo",EW1 Pasir Ris MRT Station,0.42 km
5,428 Pasir Ris Drive 6,Fully Furnished HDB Apartment,1280 sqft ,428 Pasir Ris Drive 6, Ready to move,2,2,"S$ 1,900 /mo",EW1 Pasir Ris MRT Station,0.82 km
6,D'Nest,Partially Furnished Condominium,484 sqft ,127 Pasir Ris Grove, Ready to move,1,1,"S$ 1,800 /mo",EW1 Pasir Ris MRT Station,0.53 km
7,418 Pasir Ris Drive 6,Fully Furnished HDB Apartment,1571 sqft ,418 Pasir Ris Drive 6, Ready to move,3,3,"S$ 3,000 /mo",EW1 Pasir Ris MRT Station,0.50 km
8,The Palette,Condominium,1163 sqft ,115 Pasir Ris Grove, Ready to move,3,3,"S$ 3,000 /mo",EW1 Pasir Ris MRT Station,0.53 km
9,D'Nest,Partially Furnished Condominium,775 sqft ,(within 0.53 km), Ready to move,2,2,"S$ 2,300 /mo",EW1 Pasir Ris MRT Station,0.53 km
10,559 Pasir Ris Street 51,Fully Furnished HDB Apartment,1119 sqft ,559 Pasir Ris Street 51, S$ 1.74 psf,3,2,"S$ 1,950 /mo",EW1 Pasir Ris MRT Station,0.72 km
11,Elias Green,Fully Furnished Condominium,1550 sqft ,1 Elias Road, Ready to move,3,3,"S$ 3,000 /mo",EW1 Pasir Ris MRT Station,0.95 km
12,406 Pasir Ris Drive 6,HDB Apartment,100 sqft ,406 Pasir Ris Drive 6, Ready to move,1,1,S$ 700 /mo,EW1 Pasir Ris MRT Station,0.64 km
13,614 Elias Road,Partially Furnished HDB Apartment,1442 sqft ,614 Elias Road, Ready to move,3,2,"S$ 2,300 /mo",EW1 Pasir Ris MRT Station,0.98 km
14,129 Pasir Ris Street 11,Fully Furnished HDB Apartment,1528 sqft ,129 Pasir Ris Street 11, Ready to move,3,2,"S$ 2,900 /mo",EW1 Pasir Ris MRT Station,0.93 km
15,Le Loyang,Condominium,1400 sqft ,43 Jalan Loyang Besar, Ready to move,3,3,"S$ 2,200 /mo",EW1 Pasir Ris MRT Station,0.97 km
16,Coco Palms,Condominium,743 sqft ,Pasir Ris Drive 1, Ready to move,2,1,"S$ 3,000 /mo",EW1 Pasir Ris MRT Station,0.42 km
17,532 Pasir Ris Drive 1,Partially Furnished HDB Apartment,1358 sqft ,532 Pasir Ris Drive 1, Available from 31 May,4,2,"S$ 2,600 /mo",EW1 Pasir Ris MRT Station,0.19 km
18,The Palette,Partially Furnished Condominium,1001 sqft ,103 Pasir Ris Grove, Ready to move,2,2,"S$ 2,600 /mo",EW1 Pasir Ris MRT Station,0.53 km
19,The Palette,Partially Furnished Condominium,1001 sqft ,103 Pasir Ris Grove, Ready to move,2,2,"S$ 2,300 /mo",EW1 Pasir Ris MRT Station,0.53 km
0,122 Pasir Ris Street 11,Fully Furnished HDB Apartment,100 sqft ,122 Pasir Ris Street 11, Ready to move,Room,0,S$ 600 /mo,EW1 Pasir Ris MRT Station,0.86 km
1,469 Pasir Ris Drive 6,Fully Furnished HDB Apartment,150 sqft ,469 Pasir Ris Drive 6, Ready to move,Room,0,S$ 900 /mo,EW1 Pasir Ris MRT Station,0.87 km
2,121 Pasir Ris Street 11,Fully Furnished HDB Apartment,1119 sqft ,121 Pasir Ris Street 11, Ready to move,3,2,"S$ 2,050 /mo",EW1 Pasir Ris MRT Station,0.85 km
3,530D Pasir Ris Drive 1,Fully Furnished HDB Apartment,150 sqft ,530D Pasir Ris Drive 1, Ready to move,Room,0,S$ 650 /mo,EW1 Pasir Ris MRT Station,0.12 km
4,NV Residences,Condominium,743 sqft ,83 Pasir Ris Grove, S$ 3.77 psf,2,2,"S$ 2,800 /mo",EW1 Pasir Ris MRT Station,0.54 km
5,Costa Ris,Fully Furnished HDB Apartment,1022 sqft ,528c Pasir Ris St 51, Ready to move,Room,0,S$ 600 /mo,EW1 Pasir Ris MRT Station,0.25 km
6,429 Pasir Ris Drive 6,Fully Furnished HDB Apartment,728 sqft ,429 Pasir Ris Drive 6, Ready to move,2,2,"S$ 1,600 /mo",EW1 Pasir Ris MRT Station,0.82 km
7,Coco Palms,Partially Furnished Condominium,462 sqft ,Pasir Ris Drive 1, Ready to move,1,1,"S$ 1,960 /mo",EW1 Pasir Ris MRT Station,0.42 km
8,NV Residences,Partially Furnished Condominium,1184 sqft ,99 Pasir Ris Grove, Ready to move,3,3,"S$ 2,700 /mo",EW1 Pasir Ris MRT Station,0.54 km
9,NV Residences,Fully Furnished Condominium,1087 sqft ,87 Pasir Ris Grove, Ready to move,3,2,"S$ 2,850 /mo",EW1 Pasir Ris MRT Station,0.54 km
10,NV Residences,Fully Furnished Condominium,904 sqft ,87 Pasir Ris Grove, Ready to move,2,2,"S$ 2,500 /mo",EW1 Pasir Ris MRT Station,0.54 km
11,NV Residences,Partially Furnished Condominium,1227 sqft ,87 Pasir Ris Grove, Ready to move,3,3,"S$ 3,668 /mo",EW1 Pasir Ris MRT Station,0.54 km
12,NV Residences,Partially Furnished Condominium,796 sqft ,87 Pasir Ris Grove, Ready to move,2,2,"S$ 2,288 /mo",EW1 Pasir Ris MRT Station,0.54 km
13,575 Pasir Ris Street 53,Fully Furnished HDB Apartment,100 sqft ,575 Pasir Ris Street 53, S$ 5.50 psf,Room,0,S$ 550 /mo,EW1 Pasir Ris MRT Station,0.40 km
14,Elias Green,Fully Furnished Condominium,1550 sqft ,1 Elias Road, Ready to move,3,2,"S$ 2,600 /mo",EW1 Pasir Ris MRT Station,0.95 km
15,The Palette,Unfurnished Condominium,743 sqft ,103 Pasir Ris Grove, Ready to move,2,2,"S$ 2,188 /mo",EW1 Pasir Ris MRT Station,0.53 km
16,D'Nest,Fully Furnished Condominium,754 sqft ,131 Pasir Ris Grove, Ready to move,2,2,"S$ 2,200 /mo",EW1 Pasir Ris MRT Station,0.53 km
17,Livia,Fully Furnished Condominium,1184 sqft ,75 Pasir Ris Grove, S$ 2.53 psf,3,3,"S$ 3,000 /mo",EW1 Pasir Ris MRT Station,0.82 km
18,D'Nest,Fully Furnished Condominium,484 sqft ,Pasir Ris Grove, Ready to move,1,1,"S$ 1,900 /mo",EW1 Pasir Ris MRT Station,0.53 km
19,429 Pasir Ris Drive 6,Fully Furnished HDB Apartment,50 sqft ,429 Pasir Ris Drive 6, Ready to move,Room,0,S$ 750 /mo,EW1 Pasir Ris MRT Station,0.82 km
0,D'Nest,Partially Furnished Condominium,968 sqft ,129 Pasir Ris Grove, Ready to move,3,2,"S$ 2,900 /mo",EW1 Pasir Ris MRT Station,0.53 km
1,NV Residences,Fully Furnished Condominium,743 sqft ,87 Pasir Ris Grove, S$ 3.10 psf,2,2,"S$ 2,300 /mo",EW1 Pasir Ris MRT Station,0.54 km
2,D'Nest,Fully Furnished Condominium,484 sqft ,Pasir Ris Grove, Ready to move,1,1,"S$ 1,999 /mo",EW1 Pasir Ris MRT Station,0.53 km
3,569 Pasir Ris Street 51,Fully Furnished HDB Apartment,1200 sqft ,569 Pasir Ris Street 51, S$ 1.67 psf,4,2,"S$ 2,000 /mo",EW1 Pasir Ris MRT Station,0.33 km
4,427 Pasir Ris Drive 6,Fully Furnished HDB Apartment,1100 sqft ,427 Pasir Ris Drive 6, S$ 1.91 psf,3,2,"S$ 2,100 /mo",EW1 Pasir Ris MRT Station,0.73 km
5,122 Pasir Ris Street 11,Fully Furnished HDB Apartment,200 sqft ,122 Pasir Ris Street 11, S$ 3.50 psf,Room,0,S$ 700 /mo,EW1 Pasir Ris MRT Station,0.86 km
6,Livia,Fully Furnished Condominium,915 sqft ,71 Pasir Ris Grove, S$ 2.73 psf,2,2,"S$ 2,500 /mo",EW1 Pasir Ris MRT Station,0.82 km
7,129 Pasir Ris Street 11,Fully Furnished HDB Apartment,200 sqft ,129 Pasir Ris Street 11, S$ 4.45 psf,Room,0,S$ 890 /mo,EW1 Pasir Ris MRT Station,0.93 km
