0,The Sanctuary @ Geylang,Fully Furnished Apartment,646 sqft ,1 Geylang Lorong 30, Ready to move,1,1,"S$ 2,800 /mo",EW9 Aljunied MRT Station,0.51 km
1,123 Paya Lebar Way,Fully Furnished HDB Apartment,1291 sqft ,123 Paya Lebar Way, Ready to move,3,2,"S$ 2,300 /mo",EW9 Aljunied MRT Station,0.70 km
2,Le Regal,Partially Furnished Condominium,990 sqft ,340 Geylang Road, Ready to move,2,2,"S$ 2,900 /mo",EW9 Aljunied MRT Station,0.53 km
3,Green Court,Fully Furnished Walk-up,120 sqft ,498A Geylang Road, Ready to move,Room,0,"S$ 1,000 /mo",EW9 Aljunied MRT Station,0.41 km
4,The Sunny Spring,Partially Furnished Condominium,1195 sqft ,50 Lorong 40 Geylang, Ready to move,3,2,"S$ 3,500 /mo",EW9 Aljunied MRT Station,0.85 km
5,Rezi 26,Partially Furnished Condominium,797 sqft ,5 Lorong 26 Geylang, Ready to move,2,2,"S$ 2,600 /mo",EW9 Aljunied MRT Station,0.46 km
6,Suites @ Sims,Fully Furnished Condominium,377 sqft ,468 Sims Ave, S$ 5.04 psf,1,1,"S$ 1,900 /mo",EW9 Aljunied MRT Station,0.48 km
7,Sims Urban Oasis,Partially Furnished Condominium,700 sqft ,10 Sims Drive, Ready to move,2,1,"S$ 2,600 /mo",EW9 Aljunied MRT Station,0.32 km
8,Sims Urban Oasis,Fully Furnished Condominium,624 sqft ,Sims Drive, Ready to move,2,2,"S$ 3,500 /mo",EW9 Aljunied MRT Station,0.32 km
9,53 Sims Place,HDB Apartment,800 sqft ,53 Sims Place, Ready to move,2,2,"S$ 1,900 /mo",EW9 Aljunied MRT Station,0.35 km
10,The Waterina,Partially Furnished Apartment,1001 sqft ,53 Lorong 40 Geylang, Available from 8 Jun,2,3,"S$ 3,200 /mo",EW9 Aljunied MRT Station,0.90 km
11,Camellia Lodge,Fully Furnished Condominium,1249 sqft ,31 Lor 31 Geylang, Ready to move,3,2,"S$ 2,900 /mo",EW9 Aljunied MRT Station,0.42 km
12,Cassia View,Fully Furnished Condominium,80 sqft ,320 Guillemard Road, Ready to move,5,2,S$ 950 /mo,EW9 Aljunied MRT Station,0.70 km
13,Cassia View,Fully Furnished Condominium,80 sqft ,320 Guillemard Road, Ready to move,Room,0,S$ 950 /mo,EW9 Aljunied MRT Station,0.70 km
14,Sims Urban Oasis,Condominium,624 sqft ,Sims Drive, Ready to move,2,1,"S$ 2,500 /mo",EW9 Aljunied MRT Station,0.32 km
15,Casa Aerata,Fully Furnished Apartment,603 sqft ,9 Lorong 26 Geylang, Ready to move,2,1,"S$ 2,350 /mo",EW9 Aljunied MRT Station,0.52 km
16,Guillemard Edge,Fully Furnished Condominium,560 sqft ,38 Lorong 30 Geylang, Ready to move,2,1,"S$ 2,400 /mo",EW9 Aljunied MRT Station,0.60 km
17,Sims Urban Oasis,Fully Furnished Condominium,624 sqft ,Sims Drive, Ready to move,2,2,"S$ 2,800 /mo",EW9 Aljunied MRT Station,0.32 km
18,93 Jalan Dua,HDB Apartment,667 sqft ,93 Jalan Dua, Ready to move,2,2,"S$ 2,199 /mo",EW9 Aljunied MRT Station,0.99 km
19,Sims Urban Oasis,Condominium,300 sqft ,10 Sims Drive, Ready to move,1,1,"S$ 1,900 /mo",EW9 Aljunied MRT Station,0.32 km
0,Centra Loft,Fully Furnished Condominium,431 sqft ,3 Lorong 35 Geylang, Ready to move,1,1,"S$ 2,000 /mo",EW9 Aljunied MRT Station,0.67 km
1,Guillemard Edge,Partially Furnished Condominium,441 sqft ,30 Lorong 30 Geylang, S$ 4.54 psf,1,1,"S$ 2,000 /mo",EW9 Aljunied MRT Station,0.59 km
2,The Waterina,Fully Furnished Apartment,1400 sqft ,51 Lorong 40 Geylang, S$ 2.71 psf,3,3,"S$ 3,800 /mo",EW9 Aljunied MRT Station,0.90 km
3,Central Grove,Condominium,150 sqft ,1 Geylang East Avenue 1, Available from 1 May,Room,0,S$ 950 /mo,EW9 Aljunied MRT Station,0.18 km
4,Central Grove,Condominium,80 sqft ,1 Geylang East Avenue 1, Available from 30 Apr,Room,0,S$ 480 /mo,EW9 Aljunied MRT Station,0.18 km
5,Simsville,Condominium,150 sqft ,2 Geylang East Avenue 2, Available from 20 Apr,Room,0,S$ 950 /mo,EW9 Aljunied MRT Station,0.76 km
6,Prime Residence,Fully Furnished Condominium,538 sqft ,41 Lorong 22 Geylang, Ready to move,1,1,"S$ 2,200 /mo",EW9 Aljunied MRT Station,0.59 km
7,Viento,Partially Furnished Condominium,452 sqft ,29 Lorong 30 Geylang, Ready to move,1,1,"S$ 1,800 /mo",EW9 Aljunied MRT Station,0.62 km
8,Sunflower Lodge,Fully Furnished Condominium,250 sqft ,9 Lorong 34 Geylang, Ready to move,Room,0,S$ 850 /mo,EW9 Aljunied MRT Station,0.64 km
9,Atrium Residences,Fully Furnished Condominium,210 sqft ,15 Lorong 28 Geylang, Ready to move,Room,0,"S$ 1,500 /mo",EW9 Aljunied MRT Station,0.53 km
10,132 Geylang East Avenue 1,Fully Furnished HDB Apartment,1550 sqft ,132 Geylang East Avenue 1, Ready to move,3,3,"S$ 2,750 /mo",EW9 Aljunied MRT Station,0.32 km
11,119 Aljunied Avenue 2,Partially Furnished HDB Apartment,925 sqft ,119 Aljunied Avenue 2, Ready to move,2,2,"S$ 2,300 /mo",EW9 Aljunied MRT Station,0.52 km
12,D'Weave,Fully Furnished Condominium,420 sqft ,5 Lorong 39 Geylang, Ready to move,1,1,"S$ 1,700 /mo",EW9 Aljunied MRT Station,0.88 km
13,La Brisa,Fully Furnished Condominium,527 sqft ,50 Lorong 28 Geylang, S$ 4.17 psf,2,2,"S$ 2,200 /mo",EW9 Aljunied MRT Station,0.59 km
14,38 Upper Boon Keng Road,Fully Furnished HDB Apartment,1280 sqft ,38 Upper Boon Keng Road, Ready to move,3,2,"S$ 2,350 /mo",EW9 Aljunied MRT Station,0.97 km
15,Sims Edge,Partially Furnished Condominium,409 sqft ,1 Geylang East Avenue 2, Ready to move,1,1,"S$ 1,980 /mo",EW9 Aljunied MRT Station,0.56 km
16,Sims Urban Oasis,Partially Furnished Condominium,624 sqft ,Sims Drive, Ready to move,2,1,"S$ 2,600 /mo",EW9 Aljunied MRT Station,0.32 km
17,Sims Urban Oasis,Fully Furnished Condominium,667 sqft ,10 Sims Drive, Ready to move,2,1,"S$ 3,000 /mo",EW9 Aljunied MRT Station,0.32 km
18,Sims Urban Oasis,Condominium,250 sqft ,Sims Drive, Ready to move,Studio,0,"S$ 1,600 /mo",EW9 Aljunied MRT Station,0.32 km
19,Wing Fong Mansions,Partially Furnished Apartment,990 sqft ,12 Lorong 14 Geylang, S$ 2.53 psf,3,2,"S$ 2,500 /mo",EW9 Aljunied MRT Station,0.78 km
0,Sims Urban Oasis,Partially Furnished Condominium,736 sqft ,10 Sims Drive, Ready to move,2,1,"S$ 2,400 /mo",EW9 Aljunied MRT Station,0.32 km
1,Balmy Court,Partially Furnished Condominium,200 sqft ,6 Lorong 27A Geylang, Ready to move,Room,0,"S$ 1,200 /mo",EW9 Aljunied MRT Station,0.34 km
2,The Sunny Spring,Partially Furnished Apartment,1510 sqft ,50 Lorong 40 Geylang, Ready to move,3,2,"S$ 3,300 /mo",EW9 Aljunied MRT Station,0.85 km
3,Prime Residence,Partially Furnished Condominium,538 sqft ,41 Lorong 22 Geylang, Ready to move,1,1,"S$ 2,200 /mo",EW9 Aljunied MRT Station,0.59 km
4,Casa Aerata,Fully Furnished Apartment,603 sqft ,9 Lorong 26 Geylang, Ready to move,2,1,"S$ 2,400 /mo",EW9 Aljunied MRT Station,0.52 km
5,The Waterina,Partially Furnished Apartment,1130 sqft ,71 Lorong 40 Geylang, Ready to move,2,2,"S$ 2,899 /mo",EW9 Aljunied MRT Station,0.90 km
6,93 Jalan Dua,Fully Furnished HDB Apartment,171 sqft ,93 Jalan Dua, Ready to move,Room,0,S$ 700 /mo,EW9 Aljunied MRT Station,0.99 km
7,Sims Urban Oasis,Partially Furnished Condominium,462 sqft ,Sims Drive, S$ 4.98 psf,1,1,"S$ 2,300 /mo",EW9 Aljunied MRT Station,0.32 km
8,Sims Urban Oasis,Partially Furnished Condominium,667 sqft ,Sims Drive, Ready to move,2,1,"S$ 2,599 /mo",EW9 Aljunied MRT Station,0.32 km
9,Sims Urban Oasis,Partially Furnished Condominium,624 sqft ,Sims Drive, Ready to move,2,1,"S$ 2,599 /mo",EW9 Aljunied MRT Station,0.32 km
10,Guillemard Edge,Fully Furnished Condominium,409 sqft ,38 Lorong 30 Geylang, Ready to move,1,1,"S$ 1,850 /mo",EW9 Aljunied MRT Station,0.60 km
11,Edenz Loft,Partially Furnished Apartment,430 sqft ,11 Lorong 24 Geylang, Ready to move,1,1,"S$ 1,799 /mo",EW9 Aljunied MRT Station,0.53 km
12,Sims Urban Oasis,Partially Furnished Condominium,1033 sqft ,Sims Drive, Ready to move,3,2,"S$ 3,999 /mo",EW9 Aljunied MRT Station,0.32 km
13,Versailles,Fully Furnished Condominium,730 sqft ,133 Hemmant Road, Ready to move,2,2,"S$ 1,850 /mo",EW9 Aljunied MRT Station,0.97 km
14,111 Aljunied Crescent,Fully Furnished HDB Apartment,721 sqft ,111 Aljunied Crescent, Ready to move,2,2,"S$ 1,900 /mo",EW9 Aljunied MRT Station,0.46 km
15,Casa Aerata,Fully Furnished Apartment,420 sqft ,9 Lorong 26 Geylang, Ready to move,1,1,"S$ 1,800 /mo",EW9 Aljunied MRT Station,0.52 km
16,The Waterina,Fully Furnished Apartment,1251 sqft ,51 Lorong 40 Geylang, Available from 30 Apr,3,2,"S$ 3,800 /mo",EW9 Aljunied MRT Station,0.90 km
17,Treasures @ G19,Fully Furnished Condominium,376 sqft ,33 Lorong 19 Geylang, Ready to move,1,1,"S$ 1,900 /mo",EW9 Aljunied MRT Station,0.53 km
18,Cassia Edge,Fully Furnished Apartment,300 sqft ,343 Guillemard Road, Ready to move,Studio,0,"S$ 1,400 /mo",EW9 Aljunied MRT Station,0.62 km
19,Sims Urban Oasis,Condominium,485 sqft ,12 Sims Drive, Ready to move,1,1,"S$ 2,150 /mo",EW9 Aljunied MRT Station,0.32 km
0,Central Grove,Fully Furnished Condominium,120 sqft ,1 Geylang East Avenue 1, Ready to move,Room,0,"S$ 1,100 /mo",EW9 Aljunied MRT Station,0.18 km
1,Atrium Residences,Partially Furnished Apartment,1302 sqft ,7 Lorong 28 Geylang, Ready to move,3,3,"S$ 3,600 /mo",EW9 Aljunied MRT Station,0.53 km
2,Suites @ Sims,Fully Furnished Condominium,699 sqft ,468 Sims Ave, Ready to move,2,2,"S$ 2,400 /mo",EW9 Aljunied MRT Station,0.48 km
3,Rare Refurbished Conservation 1 Bedroom At Paya Lebar,Fully Furnished Condominium,570 sqft ,(within 0.97 km), S$ 5.79 psf,1,1,"S$ 3,300 /mo",EW9 Aljunied MRT Station,0.97 km
4,Yuen Sing Mansion,Partially Furnished Apartment,1075 sqft ,6A Lorong 13 Geylang, Ready to move,3,2,"S$ 2,600 /mo",EW9 Aljunied MRT Station,0.70 km
5,Sims Urban Oasis,Fully Furnished Condominium,700 sqft ,Sims Drive, Ready to move,2,1,"S$ 2,600 /mo",EW9 Aljunied MRT Station,0.32 km
6,Cassia View,Fully Furnished Condominium,90 sqft ,320 Guillemard Road, Ready to move,Room,0,S$ 960 /mo,EW9 Aljunied MRT Station,0.70 km
7,44 Sims Drive,Partially Furnished HDB Apartment,50 sqft ,44 Sims Drive, S$ 12.00 psf,Room,0,S$ 600 /mo,EW9 Aljunied MRT Station,0.65 km
8,D'Weave,Partially Furnished Condominium,420 sqft ,5 Lorong 39 Geylang, Ready to move,1,1,"S$ 1,900 /mo",EW9 Aljunied MRT Station,0.88 km
9,Smart Suites,Fully Furnished Condominium,936 sqft ,302 Sims Avenue, Ready to move,3,2,"S$ 2,800 /mo",EW9 Aljunied MRT Station,0.18 km
10,Guillemard Edge,Fully Furnished Condominium,549 sqft ,38 Lorong 30 Geylang, Ready to move,2,1,"S$ 2,400 /mo",EW9 Aljunied MRT Station,0.60 km
11,Wing Fong Court,Condominium,1030 sqft ,10 Lorong 14 Geylang, Ready to move,3,2,"S$ 2,500 /mo",EW9 Aljunied MRT Station,0.69 km
12,Central Grove,Fully Furnished Condominium,1205 sqft ,1 Geylang East Avenue 1, Ready to move,3,3,"S$ 3,400 /mo",EW9 Aljunied MRT Station,0.18 km
13,Rezi 26,Partially Furnished Condominium,431 sqft ,5 Lorong 26 Geylang, Ready to move,1,1,"S$ 1,800 /mo",EW9 Aljunied MRT Station,0.46 km
14,Nicole Green,Partially Furnished Apartment,1238 sqft ,68 Guillemard Road, Ready to move,3,3,"S$ 3,200 /mo",EW9 Aljunied MRT Station,0.87 km
15,102 Aljunied Crescent,Fully Furnished HDB Apartment,990 sqft ,102 Aljunied Crescent, S$ 2.63 psf,3,2,"S$ 2,600 /mo",EW9 Aljunied MRT Station,0.43 km
16,Sims Urban Oasis,Fully Furnished Condominium,250 sqft ,Sims Drive, Ready to move,1,1,"S$ 1,650 /mo",EW9 Aljunied MRT Station,0.32 km
17,Cosmo,Fully Furnished Condominium,710 sqft ,18 Guillemard Crescent, Ready to move,2,2,"S$ 2,900 /mo",EW9 Aljunied MRT Station,0.82 km
18,Centro Mansions,Fully Furnished Condominium,1119 sqft ,20 Lorong 32 Geylang, Available from 14 Apr,3,2,"S$ 2,950 /mo",EW9 Aljunied MRT Station,0.58 km
19,Sims Edge,Condominium,600 sqft ,1 Geylang East Avenue 2, Ready to move,2,1,"S$ 2,500 /mo",EW9 Aljunied MRT Station,0.56 km
0,Palm Lodge,Fully Furnished Condominium,300 sqft ,6 Lorong 37 Geylang, Ready to move,Studio,0,"S$ 1,450 /mo",EW9 Aljunied MRT Station,0.80 km
1,Chen Fang Mansions,Fully Furnished Condominium,936 sqft ,26 Lorong 33 Geylang, Ready to move,2,2,"S$ 2,700 /mo",EW9 Aljunied MRT Station,0.57 km
2,Treasures @ G19,Fully Furnished Condominium,409 sqft ,33 Lorong 19 Geylang, Ready to move,1,1,"S$ 2,100 /mo",EW9 Aljunied MRT Station,0.53 km
3,42 Cassia Crescent,Fully Furnished HDB Apartment,120 sqft ,42 Cassia Crescent, Ready to move,Room,0,S$ 750 /mo,EW9 Aljunied MRT Station,0.77 km
4,#1 Loft,Fully Furnished Apartment,592 sqft ,1 Lorong 24 Geylang, Ready to move,1,2,"S$ 2,350 /mo",EW9 Aljunied MRT Station,0.39 km
5,120 Paya Lebar Way,Fully Furnished HDB Apartment,120 sqft ,120 Paya Lebar Way, Ready to move,Room,0,S$ 650 /mo,EW9 Aljunied MRT Station,0.70 km
6,Casa Aerata,Fully Furnished Apartment,592 sqft ,9 Lorong 26 Geylang, Ready to move,2,1,"S$ 2,400 /mo",EW9 Aljunied MRT Station,0.52 km
7,Aston Mansions,Partially Furnished Apartment,1302 sqft ,3 Lorong 42 Geylang, Ready to move,3,3,"S$ 3,200 /mo",EW9 Aljunied MRT Station,0.90 km
8,Aston Mansions,Fully Furnished Apartment,1227 sqft ,3 Lorong 42 Geylang, Ready to move,3,3,"S$ 3,400 /mo",EW9 Aljunied MRT Station,0.90 km
9,#1 Loft,Fully Furnished Apartment,100 sqft ,1 Lorong 24 Geylang, Ready to move,1,1,"S$ 1,400 /mo",EW9 Aljunied MRT Station,0.39 km
10,47 Jalan Tiga,Partially Furnished HDB Apartment,1001 sqft ,47 Jalan Tiga, Ready to move,3,2,"S$ 2,500 /mo",EW9 Aljunied MRT Station,0.88 km
11,The Sunny Spring,Fully Furnished Apartment,200 sqft ,50 Lorong 40 Geylang, Ready to move,Room,0,"S$ 1,200 /mo",EW9 Aljunied MRT Station,0.85 km
12,Centra Suites,Apartment,420 sqft ,38 Geylang Lorong 25A, Ready to move,1,1,"S$ 1,900 /mo",EW9 Aljunied MRT Station,0.20 km
13,Simsville,Fully Furnished Condominium,980 sqft ,10 Geylang East Avenue 2, Ready to move,2,2,"S$ 3,000 /mo",EW9 Aljunied MRT Station,0.76 km
14,Grandview Suites @ Geylang,Partially Furnished Condominium,935 sqft ,1 Geylang Lorong 22, Ready to move,1,2,"S$ 2,500 /mo",EW9 Aljunied MRT Station,0.41 km
15,Central Grove,Fully Furnished Condominium,150 sqft ,1 Geylang East Avenue 1, Ready to move,Room,0,"S$ 1,300 /mo",EW9 Aljunied MRT Station,0.18 km
16,"8, Lor 33 Geylang Sims Meadow",Unfurnished Apartment,1000 sqft ,8 Lor 33 Geylang, S$ 2.50 psf,3,2,"S$ 2,500 /mo",EW9 Aljunied MRT Station,0.61 km
17,41 Sims Drive,Partially Furnished HDB Apartment,650 sqft ,41 Sims Drive, Ready to move,3,1,"S$ 1,900 /mo",EW9 Aljunied MRT Station,0.81 km
18,122 Paya Lebar Way,Fully Furnished HDB Apartment,284 sqft ,122 Paya Lebar Way, Ready to move,Room,0,"S$ 1,000 /mo",EW9 Aljunied MRT Station,0.68 km
19,43 Sims Drive,Fully Furnished HDB Apartment,1000 sqft ,43 Sims Drive, Ready to move,3,2,"S$ 2,300 /mo",EW9 Aljunied MRT Station,0.72 km
0,Edenz Suites,Fully Furnished Apartment,484 sqft ,21 Lorong 28 Geylang, Ready to move,1,1,"S$ 2,000 /mo",EW9 Aljunied MRT Station,0.52 km
1,Rezi 26,Fully Furnished Condominium,150 sqft ,5 Lorong 26 Geylang, Ready to move,Room,0,"S$ 1,250 /mo",EW9 Aljunied MRT Station,0.46 km
2,Geylang Conservation,Partially Furnished Shophouse,"1300 sqft, 1300 sqft (land) ",Lorong 13 geylang road, Ready to move,4,2,"S$ 4,500 /mo",EW9 Aljunied MRT Station,0.67 km
3,Athena Ville,Partially Furnished Apartment,1195 sqft ,25 Lorong 29 Geylang, Ready to move,3,2,"S$ 2,600 /mo",EW9 Aljunied MRT Station,0.38 km
4,Sims Urban Oasis,Partially Furnished Condominium,957 sqft ,10 Sims Drive, Ready to move,3,2,"S$ 3,600 /mo",EW9 Aljunied MRT Station,0.32 km
5,The Waterina,Partially Furnished Apartment,1259 sqft ,51 Lorong 40 Geylang, Ready to move,3,2,"S$ 4,300 /mo",EW9 Aljunied MRT Station,0.90 km
6,Guillemard Edge,Fully Furnished Condominium,409 sqft ,38 Lorong 30 Geylang, Available from 15 Apr,1,1,"S$ 1,800 /mo",EW9 Aljunied MRT Station,0.60 km
7,Sims Urban Oasis,Partially Furnished Condominium,700 sqft ,10 Sims Drive, Ready to move,2,1,"S$ 2,650 /mo",EW9 Aljunied MRT Station,0.32 km
8,Room Rental For Construction Workers At Lorong 8 Geylang,Unfurnished Walk-up,150 sqft ,9B Lorong 8 Geylang, S$ 2.53 psf,Room,0,S$ 380 /mo,EW9 Aljunied MRT Station,0.85 km
9,Palm Lodge,Fully Furnished Condominium,180 sqft ,6 Lorong 37 Geylang, Ready to move,Room,0,S$ 950 /mo,EW9 Aljunied MRT Station,0.80 km
10,9 Pine Close,Fully Furnished HDB Apartment,160 sqft ,9 Pine Close, Ready to move,Room,0,S$ 680 /mo,EW9 Aljunied MRT Station,0.80 km
11,Sunflower Court,Partially Furnished Condominium,1140 sqft ,30 Lorong 6 Geylang, S$ 2.46 psf,3,2,"S$ 2,800 /mo",EW9 Aljunied MRT Station,0.97 km
12,Rezi 3Two,Partially Furnished Apartment,495 sqft ,(within 0.64 km), Ready to move,2,1,"S$ 2,000 /mo",EW9 Aljunied MRT Station,0.64 km
13,24 Lorong 34 Geylang,Fully Furnished Apartment,1100 sqft ,24 Lorong 34 Geylang, Ready to move,3,2,"S$ 2,600 /mo",EW9 Aljunied MRT Station,0.66 km
14,Sims Edge,Fully Furnished Condominium,506 sqft ,1 Geylang East Avenue 2, Ready to move,2,1,"S$ 2,500 /mo",EW9 Aljunied MRT Station,0.56 km
15,La Brisa,Partially Furnished Condominium,527 sqft ,50 Lorong 28 Geylang, Ready to move,2,1,"S$ 2,299 /mo",EW9 Aljunied MRT Station,0.59 km
16,Sims Urban Oasis,Condominium,958 sqft ,Sims Drive, Ready to move,3,2,"S$ 3,888 /mo",EW9 Aljunied MRT Station,0.32 km
17,126 Geylang East Avenue 1,Fully Furnished HDB Apartment,828 sqft ,126 Geylang East Avenue 1, Available from 2 Jun,2,2,"S$ 2,300 /mo",EW9 Aljunied MRT Station,0.47 km
18,The Sunny Spring,Fully Furnished Apartment,1109 sqft ,50 Lorong 40 Geylang, Ready to move,3,3,"S$ 2,600 /mo",EW9 Aljunied MRT Station,0.85 km
19,Casa Aerata,Partially Furnished Apartment,592 sqft ,9 Lorong 26 Geylang, Ready to move,2,1,"S$ 2,400 /mo",EW9 Aljunied MRT Station,0.52 km
0,30 Cassia Crescent,Fully Furnished HDB Apartment,1097 sqft ,30 Cassia Crescent, Ready to move,3,2,"S$ 2,600 /mo",EW9 Aljunied MRT Station,0.78 km
1,"Worker Stay Apt At Geylang, Call Me Fast",Partially Furnished Apartment,1000 sqft ,Lor 24 Geylang, Ready to move,3,2,"S$ 2,600 /mo",EW9 Aljunied MRT Station,0.50 km
2,93 Jalan Dua,Fully Furnished HDB Apartment,667 sqft ,93 Jalan Dua, Ready to move,2,1,"S$ 2,200 /mo",EW9 Aljunied MRT Station,0.99 km
3,La Brisa,Partially Furnished Condominium,527 sqft ,50 Lorong 28 Geylang, Ready to move,2,1,"S$ 2,300 /mo",EW9 Aljunied MRT Station,0.59 km
4,Geylang Lor 41,Fully Furnished Conservation House,990 sqft ,Geylang Lor 41, Ready to move,2,2,"S$ 4,300 /mo",EW9 Aljunied MRT Station,0.92 km
5,Sims Urban Oasis,Partially Furnished Condominium,624 sqft ,16 Sims Drive, Ready to move,2,1,"S$ 2,600 /mo",EW9 Aljunied MRT Station,0.32 km
6,Crystal Lodge,Fully Furnished Apartment,1184 sqft ,30 Geylang Lor 16, Available from 1 Jun,3,4,"S$ 2,800 /mo",EW9 Aljunied MRT Station,0.67 km
7,#1 Suites (One Suites),Partially Furnished Condominium,250 sqft ,1 Lorong 20 Geylang, S$ 5.20 psf,Room,0,"S$ 1,300 /mo",EW9 Aljunied MRT Station,0.48 km
8,Suites 28,Fully Furnished Apartment,861 sqft ,28 Lorong 30 Geylang, Ready to move,2,2,"S$ 3,300 /mo",EW9 Aljunied MRT Station,0.55 km
9,Centra Residence,Fully Furnished Condominium,441 sqft ,8 Lorong 7 Geylang, Ready to move,1,1,"S$ 2,000 /mo",EW9 Aljunied MRT Station,0.88 km
10,Smart Suites,Partially Furnished Condominium,578 sqft ,302 Sims Avenue, Ready to move,2,1,"S$ 2,200 /mo",EW9 Aljunied MRT Station,0.18 km
11,Sims Urban Oasis,Fully Furnished Condominium,699 sqft ,Sims Drive, Ready to move,2,1,"S$ 2,599 /mo",EW9 Aljunied MRT Station,0.32 km
12,Sims Urban Oasis,Fully Furnished Condominium,463 sqft ,Sims Drive, Ready to move,1,1,"S$ 2,300 /mo",EW9 Aljunied MRT Station,0.32 km
13,Calin Mansions,Fully Furnished Apartment,110 sqft ,30 Lorong 33 Geylang, Ready to move,Room,0,"S$ 1,100 /mo",EW9 Aljunied MRT Station,0.57 km
14,87 Circuit Road,Partially Furnished HDB Apartment,645 sqft ,87 Circuit Road, Ready to move,2,2,"S$ 1,900 /mo",EW9 Aljunied MRT Station,0.81 km
15,Aston Mansions,Fully Furnished Apartment,1302 sqft ,7 Lorong 42 Geylang, Ready to move,3,3,"S$ 3,800 /mo",EW9 Aljunied MRT Station,0.90 km
16,Prime Residence,Fully Furnished Condominium,538 sqft ,41 Lorong 22 Geylang, Ready to move,1,1,"S$ 2,200 /mo",EW9 Aljunied MRT Station,0.59 km
17,Guillemard Edge,Fully Furnished Condominium,409 sqft ,38 Lorong 30 Geylang, Ready to move,1,1,"S$ 1,850 /mo",EW9 Aljunied MRT Station,0.60 km
18,Prime Residence,Partially Furnished Condominium,409 sqft ,41 Lorong 22 Geylang, Ready to move,1,1,"S$ 1,800 /mo",EW9 Aljunied MRT Station,0.59 km
19,Includes Utilities Fibre Internet Only $1000,Fully Furnished Apartment,175 sqft ,11 Lorong 4 Geylang, Ready to move,Room,0,"S$ 1,000 /mo",EW9 Aljunied MRT Station,0.98 km
0,Near Kallang MRT And JCU Studio Apt Includes Utilities @ $1600,Fully Furnished Apartment,272 sqft ,11 Lorong 4 Geylang, Ready to move,Studio,0,"S$ 1,600 /mo",EW9 Aljunied MRT Station,0.98 km
1,Rezi 3Two,Fully Furnished Apartment,494 sqft ,48 Lorong 32 Geylang, Ready to move,1,1,"S$ 2,000 /mo",EW9 Aljunied MRT Station,0.64 km
2,La Fleur,Fully Furnished Condominium,441 sqft ,8 Lorong 26 Geylang, Available from 24 Apr,1,1,"S$ 1,899 /mo",EW9 Aljunied MRT Station,0.48 km
3,Guillemard Edge,Fully Furnished Condominium,860 sqft ,38 Lorong 30 Geylang, Ready to move,1,1,"S$ 2,400 /mo",EW9 Aljunied MRT Station,0.60 km
4,Palm Lodge,Fully Furnished Apartment,120 sqft ,4 Geylang Lor 37, Ready to move,Room,0,"S$ 1,000 /mo",EW9 Aljunied MRT Station,0.80 km
5,Palm Lodge,Fully Furnished Apartment,250 sqft ,4 Geylang Lor 37, Ready to move,Room,0,"S$ 1,350 /mo",EW9 Aljunied MRT Station,0.80 km
6,The Sunny Spring,Fully Furnished Apartment,150 sqft ,50 Lorong 40 Geylang, Ready to move,Room,0,"S$ 1,000 /mo",EW9 Aljunied MRT Station,0.85 km
7,Simsville,Fully Furnished Condominium,1249 sqft ,10 Geylang East Avenue 2, Ready to move,3,2,"S$ 3,600 /mo",EW9 Aljunied MRT Station,0.76 km
8,Simsville,Fully Furnished Condominium,1238 sqft ,2 Geylang East Avenue 2, Ready to move,3,2,"S$ 3,450 /mo",EW9 Aljunied MRT Station,0.76 km
9,Simsville,Fully Furnished Condominium,180 sqft ,2 Geylang East Avenue 2, Ready to move,Room,0,"S$ 1,150 /mo",EW9 Aljunied MRT Station,0.76 km
10,124 Geylang East Avenue 1,Fully Furnished HDB Apartment,1421 sqft ,124 Geylang East Avenue 1, Available from 20 Apr,3,2,"S$ 2,700 /mo",EW9 Aljunied MRT Station,0.44 km
11,Sims Urban Oasis,Partially Furnished Condominium,624 sqft ,Sims Drive, Ready to move,2,1,"S$ 2,600 /mo",EW9 Aljunied MRT Station,0.32 km
12,Balmy Court,Condominium,1200 sqft ,6 Lorong 27A Geylang, Ready to move,3,2,"S$ 3,000 /mo",EW9 Aljunied MRT Station,0.34 km
13,95 Aljunied Crescent,Fully Furnished HDB Apartment,200 sqft ,95 Aljunied Crescent, Ready to move,Room,0,S$ 600 /mo,EW9 Aljunied MRT Station,0.66 km
14,Shophouse,Walk-up,1250 sqft ,136 Sims Ave, Ready to move,3,2,"S$ 2,800 /mo",EW9 Aljunied MRT Station,0.52 km
15,35 LORONG 33 GEYLANG,Fully Furnished Apartment,550 sqft ,35 LORONG 33 GEYLANG, Ready to move,1,1,"S$ 1,500 /mo",EW9 Aljunied MRT Station,0.55 km
16,Regal 35,Fully Furnished Apartment,1120 sqft ,15 Lorong 35 Geylang, Ready to move,3,2,"S$ 3,200 /mo",EW9 Aljunied MRT Station,0.61 km
17,Treasures @ G19,Partially Furnished Condominium,388 sqft ,33 Lorong 19 Geylang, Ready to move,1,1,"S$ 1,900 /mo",EW9 Aljunied MRT Station,0.53 km
18,Sims Urban Oasis,Fully Furnished Condominium,463 sqft ,Sims Drive, Ready to move,1,1,"S$ 2,000 /mo",EW9 Aljunied MRT Station,0.32 km
19,Smart Suites,Condominium,452 sqft ,302 Sims Avenue, Ready to move,1,1,"S$ 2,000 /mo",EW9 Aljunied MRT Station,0.18 km
0,The Water Edge @ Geylang,Fully Furnished Condominium,500 sqft ,8 Lorong 38 Geylang, Ready to move,1,1,"S$ 2,000 /mo",EW9 Aljunied MRT Station,0.72 km
1,120 Paya Lebar Way,Fully Furnished HDB Apartment,129 sqft ,120 Paya Lebar Way, Ready to move,Room,0,S$ 700 /mo,EW9 Aljunied MRT Station,0.70 km
2,Aston Mansions,Fully Furnished Apartment,1227 sqft ,3 Lorong 42 Geylang, Ready to move,2,2,"S$ 3,600 /mo",EW9 Aljunied MRT Station,0.90 km
3,Casa Aerata,Fully Furnished Apartment,550 sqft ,9 Lorong 26 Geylang, S$ 3.64 psf,2,1,"S$ 2,000 /mo",EW9 Aljunied MRT Station,0.52 km
4,1 Bedrm @ Guillmard Edge Wif Pool,Partially Furnished HDB Apartment,409 sqft ,1 Bedrm @ Guillmard Edge wif Pool, Available from 15 Apr,1,1,"S$ 1,900 /mo",EW9 Aljunied MRT Station,0.60 km
5,Guillemard Suites,Partially Furnished Apartment,300 sqft ,213 Guillemard Road, Ready to move,Studio,0,"S$ 1,560 /mo",EW9 Aljunied MRT Station,0.65 km
6,Rezi 3Two,Apartment,250 sqft ,48 Lorong 32 Geylang, Ready to move,1,1,"S$ 1,400 /mo",EW9 Aljunied MRT Station,0.64 km
7,Guillemard Edge,Fully Furnished Condominium,1001 sqft ,38 Lorong 30 Geylang, Ready to move,1,1,"S$ 2,280 /mo",EW9 Aljunied MRT Station,0.60 km
8,Suites @ Sims,Fully Furnished Condominium,344 sqft ,468 Sims Ave, S$ 5.81 psf,1,1,"S$ 1,999 /mo",EW9 Aljunied MRT Station,0.48 km
9,The Waterina,Partially Furnished Apartment,1355 sqft ,63 Lorong 40 Geylang, Available from 25 May,3,3,"S$ 4,300 /mo",EW9 Aljunied MRT Station,0.90 km
10,Aston Mansions,Fully Furnished Apartment,1302 sqft ,3 Lorong 42 Geylang, Ready to move,3,2,"S$ 3,300 /mo",EW9 Aljunied MRT Station,0.90 km
11,Nicole Green,Partially Furnished Apartment,2300 sqft ,68 Guillemard Road, Ready to move,3,2,"S$ 6,000 /mo",EW9 Aljunied MRT Station,0.87 km
12,Rare Conservation Shophouse,Unfurnished Shophouse,1200 sqft ,Lorong 13 Geylang, Ready to move,2,2,"S$ 2,000 /mo",EW9 Aljunied MRT Station,0.73 km
13,Le Regal,Partially Furnished Condominium,336 sqft ,340 Geylang Road, Available from 31 May,Studio,0,"S$ 1,800 /mo",EW9 Aljunied MRT Station,0.53 km
14,#1 Loft,Fully Furnished Condominium,1020 sqft ,1 Lorong 24 Geylang, Available from 14 Apr,3,4,"S$ 3,200 /mo",EW9 Aljunied MRT Station,0.39 km
15,Crystal Lodge,Partially Furnished Condominium,1184 sqft ,30 Geylang Lor 16, Ready to move,3,3,"S$ 2,800 /mo",EW9 Aljunied MRT Station,0.67 km
16,Treasures @ G6,Partially Furnished Apartment,452 sqft ,35 Lorong 6 Geylang, Ready to move,1,1,"S$ 1,800 /mo",EW9 Aljunied MRT Station,0.98 km
17,MODERN ! ! BEAUTIFUL Great With Facilities !,Fully Furnished Conservation House,"600 sqft, 600 sqft (land) ",Paya Lebar M R T, Ready to move,1,1,"S$ 3,000 /mo",EW9 Aljunied MRT Station,0.90 km
18,CHARACTER CONSERVATION LOFT SHOPHOUSE,Partially Furnished Shophouse,1608 sqft ,Paya lebar MRT /Sims Drive /One KM, Ready to move,2,2,"S$ 4,480 /mo",EW9 Aljunied MRT Station,0.97 km
19,42A Sims Drive,Fully Furnished HDB Apartment,100 sqft ,42A Sims Drive, Ready to move,Room,0,S$ 400 /mo,EW9 Aljunied MRT Station,0.77 km
0,Casa Aerata,Fully Furnished Apartment,550 sqft ,9 Lorong 26 Geylang, S$ 4.18 psf,2,1,"S$ 2,300 /mo",EW9 Aljunied MRT Station,0.52 km
1,Treasures @ G6,Partially Furnished Apartment,431 sqft ,35 Lorong 6 Geylang, Ready to move,1,1,"S$ 1,800 /mo",EW9 Aljunied MRT Station,0.98 km
2,Advance Apartments,Fully Furnished Walk-up,105 sqft ,8 Lorong 25A Geylang, Ready to move,Room,0,S$ 800 /mo,EW9 Aljunied MRT Station,0.29 km
3,The Water Edge @ Geylang,Fully Furnished Condominium,538 sqft ,8 Lorong 38 Geylang, Ready to move,1,1,"S$ 2,300 /mo",EW9 Aljunied MRT Station,0.72 km
4,89 Circuit Road,Partially Furnished HDB Apartment,150 sqft ,89 Circuit Road, Ready to move,Room,0,S$ 600 /mo,EW9 Aljunied MRT Station,0.85 km
5,D'Weave,Fully Furnished Condominium,581 sqft ,5 Lorong 39 Geylang, Ready to move,2,1,"S$ 2,500 /mo",EW9 Aljunied MRT Station,0.88 km
6,Sims Urban Oasis,Partially Furnished Condominium,200 sqft ,Sims Drive, Ready to move,Studio,0,"S$ 1,850 /mo",EW9 Aljunied MRT Station,0.32 km
7,Sims Urban Oasis,Fully Furnished Condominium,624 sqft ,Sims Drive, Ready to move,2,1,"S$ 2,500 /mo",EW9 Aljunied MRT Station,0.32 km
8,Aston Mansions,Apartment,1011 sqft ,3 Lorong 42 Geylang, Available from 15 May,2,2,"S$ 2,700 /mo",EW9 Aljunied MRT Station,0.90 km
9,7 Pine Close,Fully Furnished HDB Apartment,150 sqft ,7 Pine Close, S$ 4.67 psf,Room,0,S$ 700 /mo,EW9 Aljunied MRT Station,0.98 km
10,Simsville,Fully Furnished Condominium,200 sqft ,8 Geylang East Avenue 2, Ready to move,Room,0,"S$ 1,200 /mo",EW9 Aljunied MRT Station,0.76 km
11,The Sunny Spring,Fully Furnished Apartment,1106 sqft ,50 Lorong 40 Geylang, Ready to move,3,3,"S$ 3,000 /mo",EW9 Aljunied MRT Station,0.85 km
12,Lor8,Partially Furnished Apartment,1700 sqft ,Lorong 8 geylang road, Ready to move,5,2,"S$ 3,000 /mo",EW9 Aljunied MRT Station,0.97 km
13,Suites 28,Fully Furnished Apartment,1033 sqft ,28 Lorong 30 Geylang, Available from 1 May,1,1,"S$ 2,299 /mo",EW9 Aljunied MRT Station,0.55 km
14,The Waterina,Fully Furnished Condominium,1294 sqft ,51 Lorong 40 Geylang, Ready to move,3,2,"S$ 3,600 /mo",EW9 Aljunied MRT Station,0.90 km
15,Simsville,Partially Furnished Condominium,1238 sqft ,8 Geylang East Avenue 2, S$ 2.91 psf,3,2,"S$ 3,600 /mo",EW9 Aljunied MRT Station,0.76 km
16,Paya Lebar Residences,Fully Furnished Apartment,1280 sqft ,27 Paya Lebar Road, S$ 2.81 psf,3,2,"S$ 3,600 /mo",EW9 Aljunied MRT Station,0.97 km
17,Central Grove,Fully Furnished Condominium,1205 sqft ,1 Geylang East Avenue 1, Ready to move,3,2,"S$ 3,400 /mo",EW9 Aljunied MRT Station,0.18 km
18,Guillemard Edge,Fully Furnished Condominium,442 sqft ,38 Lorong 30 Geylang, S$ 4.75 psf,1,1,"S$ 2,100 /mo",EW9 Aljunied MRT Station,0.60 km
19,Sims Residences,Apartment,200 sqft ,8 Lorong 39 Geylang, Ready to move,Room,0,S$ 950 /mo,EW9 Aljunied MRT Station,0.90 km
0,Le Regal,Fully Furnished Apartment,689 sqft ,340 Geylang Road, Ready to move,1,2,"S$ 2,400 /mo",EW9 Aljunied MRT Station,0.53 km
1,Centra Loft,Fully Furnished Condominium,474 sqft ,3 Lorong 35 Geylang, S$ 4.22 psf,1,1,"S$ 2,000 /mo",EW9 Aljunied MRT Station,0.67 km
2,La Brisa,Partially Furnished Condominium,527 sqft ,50 Lorong 28 Geylang, Ready to move,2,1,"S$ 2,300 /mo",EW9 Aljunied MRT Station,0.59 km
3,356 Geylang Road,Unfurnished Walk-up,1200 sqft ,Geylang Road, S$ 2.17 psf,3,2,"S$ 2,600 /mo",EW9 Aljunied MRT Station,0.44 km
4,Cosmo,Fully Furnished Condominium,398 sqft ,18 Guillemard Crescent, Available from 1 May,1,1,"S$ 2,000 /mo",EW9 Aljunied MRT Station,0.82 km
5,60A Lor 25A Geylang,Shophouse,1200 sqft ,(within 0.12 km), Ready to move,4,2,"S$ 3,500 /mo",EW9 Aljunied MRT Station,0.12 km
6,108 Aljunied Crescent,Fully Furnished HDB Apartment,120 sqft ,108 Aljunied Crescent, Ready to move,Room,0,S$ 700 /mo,EW9 Aljunied MRT Station,0.39 km
7,The Waterina,Fully Furnished Apartment,635 sqft ,51 Lorong 40 Geylang, S$ 4.09 psf,1,1,"S$ 2,600 /mo",EW9 Aljunied MRT Station,0.90 km
8,Simsville,Condominium,1528 sqft ,10 Geylang East Avenue 2, Ready to move,4,2,"S$ 4,500 /mo",EW9 Aljunied MRT Station,0.76 km
9,Guillemard Edge,Partially Furnished Condominium,549 sqft ,38 Lorong 30 Geylang, Ready to move,2,1,"S$ 2,500 /mo",EW9 Aljunied MRT Station,0.60 km
10,Treasures @ G20,Fully Furnished Condominium,420 sqft ,35 Lorong 20 Geylang, Ready to move,1,1,"S$ 1,800 /mo",EW9 Aljunied MRT Station,0.60 km
11,#1 Suites (One Suites),Partially Furnished Condominium,613 sqft ,1 Lorong 20 Geylang, Ready to move,2,2,"S$ 2,200 /mo",EW9 Aljunied MRT Station,0.48 km
12,#1 Suites (One Suites),Partially Furnished Condominium,560 sqft ,1 Lorong 20 Geylang, S$ 3.93 psf,1,2,"S$ 2,200 /mo",EW9 Aljunied MRT Station,0.48 km
13,#1 Suites (One Suites),Fully Furnished Condominium,560 sqft ,1 Lorong 20 Geylang, S$ 3.75 psf,1,2,"S$ 2,100 /mo",EW9 Aljunied MRT Station,0.48 km
14,Guillemard Suites,Fully Furnished Apartment,200 sqft ,213 Guillemard Road, Ready to move,Room,0,"S$ 1,350 /mo",EW9 Aljunied MRT Station,0.65 km
15,464A Geylang Road,Unfurnished Shophouse,1200 sqft ,464A Geylang Road, Ready to move,3,1,"S$ 2,200 /mo",EW9 Aljunied MRT Station,0.36 km
16,Aston Mansions,Fully Furnished Apartment,140 sqft ,3 Lorong 42 Geylang, Ready to move,Room,0,"S$ 1,200 /mo",EW9 Aljunied MRT Station,0.90 km
17,The Waterina,Partially Furnished Apartment,1044 sqft ,51 Lorong 40 Geylang, Ready to move,2,2,"S$ 3,200 /mo",EW9 Aljunied MRT Station,0.90 km
18,The Octet,Fully Furnished Apartment,420 sqft ,23 Lorong 24 Geylang, Ready to move,1,1,"S$ 1,800 /mo",EW9 Aljunied MRT Station,0.49 km
19,La Fleur,Fully Furnished Condominium,441 sqft ,8 Lorong 26 Geylang, Available from 1 May,1,1,"S$ 1,750 /mo",EW9 Aljunied MRT Station,0.48 km
0,Ness,Partially Furnished Condominium,441 sqft ,38 Lorong 32 Geylang, Ready to move,2,1,"S$ 1,700 /mo",EW9 Aljunied MRT Station,0.60 km
1,Central Grove,Condominium,1173 sqft ,1 Geylang East Avenue 1, Ready to move,3,3,"S$ 4,200 /mo",EW9 Aljunied MRT Station,0.18 km
2,41A Lorong 24A Geylang,Fully Furnished Terraced House,"150 sqft, 150 sqft (land) ",41A Lorong 24a Geylang, Ready to move,Room,0,S$ 750 /mo,EW9 Aljunied MRT Station,0.52 km
3,Guilin Court,Fully Furnished Apartment,200 sqft ,10 Geylang Lorong 26, Ready to move,Room,0,S$ 880 /mo,EW9 Aljunied MRT Station,0.51 km
4,Central Grove,Fully Furnished Condominium,1205 sqft ,1 Geylang East Avenue 1, Ready to move,3,2,"S$ 3,400 /mo",EW9 Aljunied MRT Station,0.18 km
5,Melosa,Fully Furnished Condominium,506 sqft ,28 Lorong 28 Geylang, Ready to move,2,1,"S$ 2,000 /mo",EW9 Aljunied MRT Station,0.52 km
6,Cassia Edge,Partially Furnished Apartment,667 sqft ,343 Guillemard Road, Available from 1 May,2,2,"S$ 2,500 /mo",EW9 Aljunied MRT Station,0.62 km
7,Sims Urban Oasis,Partially Furnished Condominium,647 sqft ,10 Sims Drive, Ready to move,2,1,"S$ 2,999 /mo",EW9 Aljunied MRT Station,0.32 km
8,2-Storey Shophouse @ Lorong 10 Geylang,Unfurnished Shophouse,2000 sqft ,Lorong 10 Geylang, Ready to move,6,4,"S$ 4,800 /mo",EW9 Aljunied MRT Station,0.81 km
9,The Octet,Apartment,420 sqft ,25 Lorong 24 Geylang, Ready to move,1,1,"S$ 1,700 /mo",EW9 Aljunied MRT Station,0.49 km
10,Simsville,Fully Furnished Condominium,1249 sqft ,2 Geylang East Avenue 2, Ready to move,3,3,"S$ 3,500 /mo",EW9 Aljunied MRT Station,0.76 km
11,Aston Mansions,Fully Furnished Apartment,70 sqft ,3 Lorong 42 Geylang, Ready to move,Room,0,S$ 800 /mo,EW9 Aljunied MRT Station,0.90 km
12,Sims Residences,Fully Furnished Apartment,1421 sqft ,8 Lorong 39 Geylang, Ready to move,4,2,"S$ 4,300 /mo",EW9 Aljunied MRT Station,0.90 km
13,RARE GEM: TIP TOP CONDITION CONSERVATION SHOPHOUSE DUPLEX W PATIO NEXT TO PAYA LEBAR MRT,Partially Furnished Shophouse,"2500 sqft, 2500 sqft (land) ","Paya Lebar MRT, Joo Chiat, East Coast", Ready to move,3,2,"S$ 5,750 /mo",EW9 Aljunied MRT Station,0.90 km
14,Central Imperial,Fully Furnished Condominium,420 sqft ,3 Lorong 14 Geylang, Ready to move,2,2,"S$ 1,850 /mo",EW9 Aljunied MRT Station,0.64 km
15,Sims Urban Oasis,Partially Furnished Condominium,624 sqft ,Sims Drive, Ready to move,2,1,"S$ 2,600 /mo",EW9 Aljunied MRT Station,0.32 km
16,Crystal Lodge,Condominium,1184 sqft ,30 Geylang Lor 16, Ready to move,3,3,"S$ 2,800 /mo",EW9 Aljunied MRT Station,0.67 km
17,Grandview Suites @ Geylang,Partially Furnished Condominium,915 sqft ,1 Geylang Lorong 22, Ready to move,1,2,"S$ 3,200 /mo",EW9 Aljunied MRT Station,0.41 km
18,Whole Unit For Rent @ Aljunied Blk 113,Fully Furnished HDB Apartment,721 sqft ,113 Aljunied Avenue 2, S$ 3.47 psf,3,2,"S$ 2,500 /mo",EW9 Aljunied MRT Station,0.58 km
19,Simsville,Fully Furnished Condominium,1249 sqft ,6 Geylang East Avenue 2, Available from 1 May,3,3,"S$ 3,600 /mo",EW9 Aljunied MRT Station,0.76 km
0,Guillemard Edge,Partially Furnished Condominium,861 sqft ,38 Lorong 30 Geylang, Available from 15 Apr,1,1,"S$ 2,500 /mo",EW9 Aljunied MRT Station,0.60 km
1,The Alcove,Fully Furnished Condominium,450 sqft ,10 Lorong 27 Geylang Singapore, Available from 1 May,1,1,"S$ 1,600 /mo",EW9 Aljunied MRT Station,0.24 km
2,Summer View,Fully Furnished Apartment,210 sqft ,5 Geylang Lor 12, Ready to move,Room,0,S$ 350 /mo,EW9 Aljunied MRT Station,0.72 km
3,44 Sims Drive,Fully Furnished HDB Apartment,171 sqft ,44 Sims Drive, Ready to move,Room,0,S$ 700 /mo,EW9 Aljunied MRT Station,0.65 km
4,Wing Fong Court,Partially Furnished Condominium,1162 sqft ,10 Lorong 14 Geylang, Ready to move,3,2,"S$ 3,100 /mo",EW9 Aljunied MRT Station,0.69 km
5,Le Regal,Apartment,420 sqft ,340 Geylang Road, Ready to move,1,1,"S$ 1,600 /mo",EW9 Aljunied MRT Station,0.53 km
6,124 Paya Lebar Way,Partially Furnished HDB Apartment,1300 sqft ,124 Paya Lebar Way, Ready to move,3,2,"S$ 2,600 /mo",EW9 Aljunied MRT Station,0.74 km
7,42A Sims Drive,Partially Furnished HDB Apartment,1119 sqft ,42A Sims Drive, Ready to move,3,2,"S$ 2,400 /mo",EW9 Aljunied MRT Station,0.77 km
8,Centra Suites,Fully Furnished Condominium,463 sqft ,38 Geylang Lorong 25A, Available from 30 May,1,1,"S$ 1,900 /mo",EW9 Aljunied MRT Station,0.20 km
9,Simsville,Fully Furnished Condominium,140 sqft ,2 Geylang East Avenue 2, Ready to move,Room,0,"S$ 1,550 /mo",EW9 Aljunied MRT Station,0.76 km
10,121 Paya Lebar Way,Unfurnished HDB Apartment,968 sqft ,121 Paya Lebar Way, Ready to move,3,2,"S$ 2,200 /mo",EW9 Aljunied MRT Station,0.65 km
11,Wing Fong Court,Partially Furnished Condominium,1162 sqft ,10 Lorong 14 Geylang, Ready to move,Room,0,S$ 800 /mo,EW9 Aljunied MRT Station,0.69 km
12,Ness,Partially Furnished Condominium,441 sqft ,38 Lorong 32 Geylang, Ready to move,1,1,"S$ 2,000 /mo",EW9 Aljunied MRT Station,0.60 km
13,The Sunny Spring,Fully Furnished Apartment,1119 sqft ,50 Lorong 40 Geylang, Ready to move,3,2,"S$ 2,800 /mo",EW9 Aljunied MRT Station,0.85 km
14,Loft 33 @ Geylang,Partially Furnished Condominium,200 sqft ,33 Geylang Lorong 32, Ready to move,Studio,0,"S$ 1,400 /mo",EW9 Aljunied MRT Station,0.62 km
15,Guillemard Edge,Condominium,721 sqft ,38 Lorong 30 Geylang, Ready to move,1,1,"S$ 2,350 /mo",EW9 Aljunied MRT Station,0.60 km
16,#1 Loft,Fully Furnished Apartment,200 sqft ,1 Lorong 24 Geylang, Ready to move,Room,0,"S$ 1,150 /mo",EW9 Aljunied MRT Station,0.39 km
17,Sims Urban Oasis,Fully Furnished Condominium,624 sqft ,Sims Drive, Ready to move,2,1,"S$ 2,500 /mo",EW9 Aljunied MRT Station,0.32 km
18,Geylang,Unfurnished Walk-up,1200 sqft ,Lorong 15 geylang road, Available from 20 May,3,2,"S$ 2,400 /mo",EW9 Aljunied MRT Station,0.67 km
19,Sims Urban Oasis,Partially Furnished Condominium,710 sqft ,Sims Drive, Ready to move,2,1,"S$ 2,500 /mo",EW9 Aljunied MRT Station,0.32 km
0,Sims Urban Oasis,Partially Furnished Condominium,300 sqft ,Sims Drive, Ready to move,Studio,0,"S$ 1,850 /mo",EW9 Aljunied MRT Station,0.32 km
1,Sims Urban Oasis,Partially Furnished Condominium,658 sqft ,Sims Drive, Ready to move,2,1,"S$ 2,500 /mo",EW9 Aljunied MRT Station,0.32 km
2,Guillemard Suites,Apartment,300 sqft ,213 Guillemard Road, Ready to move,Studio,0,"S$ 1,600 /mo",EW9 Aljunied MRT Station,0.65 km
3,Sims Residences,Apartment,130 sqft ,8 Lorong 39 Geylang, S$ 8.46 psf,Room,0,"S$ 1,100 /mo",EW9 Aljunied MRT Station,0.90 km
4,Leshan Gardens,Fully Furnished Condominium,200 sqft ,1 Lorong 32 Geylang, Ready to move,Room,0,"S$ 1,050 /mo",EW9 Aljunied MRT Station,0.52 km
5,38 Upper Boon Keng Road,Fully Furnished HDB Apartment,1184 sqft ,38 Upper Boon Keng Road, S$ 1.01 psf,1,1,"S$ 1,200 /mo",EW9 Aljunied MRT Station,0.97 km
6,Guillemard Road,Partially Furnished Terraced House,"100 sqft, 2200 sqft (land) ",Guillemard Road, Ready to move,Room,0,S$ 850 /mo,EW9 Aljunied MRT Station,0.70 km
7,Ness,Partially Furnished Condominium,452 sqft ,38 Lorong 32 Geylang, Ready to move,1,1,"S$ 2,000 /mo",EW9 Aljunied MRT Station,0.60 km
8,Avant At Aljunied,Fully Furnished Apartment,550 sqft ,10 Aljunied Road, Ready to move,2,1,"S$ 4,600 /mo",EW9 Aljunied MRT Station,0.33 km
9,Guillemard Edge,Fully Furnished Condominium,441 sqft ,38 Lorong 30 Geylang, Ready to move,1,1,"S$ 1,950 /mo",EW9 Aljunied MRT Station,0.60 km
10,Simsville,Fully Furnished Condominium,1528 sqft ,2 Geylang East Avenue 2, Ready to move,4,2,"S$ 4,000 /mo",EW9 Aljunied MRT Station,0.76 km
11,Sims Urban Oasis,Partially Furnished Condominium,350 sqft ,10 Sims Drive, Ready to move,Studio,0,"S$ 1,800 /mo",EW9 Aljunied MRT Station,0.32 km
12,1 Pine Close,Fully Furnished HDB Apartment,1184 sqft ,1 Pine Close, Ready to move,3,2,"S$ 3,000 /mo",EW9 Aljunied MRT Station,0.94 km
13,Sims Urban Oasis,Partially Furnished Condominium,678 sqft ,Sims Drive, Ready to move,2,1,"S$ 2,600 /mo",EW9 Aljunied MRT Station,0.32 km
14,Centra Studios,Fully Furnished Apartment,355 sqft ,36 Cassia Crescent, Ready to move,1,1,"S$ 2,000 /mo",EW9 Aljunied MRT Station,0.78 km
15,Eng Apartments,Partially Furnished Apartment,1200 sqft ,25 Lorong 25A Geylang, Ready to move,4,2,"S$ 3,500 /mo",EW9 Aljunied MRT Station,0.25 km
16,Sims Urban Oasis,Fully Furnished Condominium,700 sqft ,Sims Drive, Ready to move,2,1,"S$ 2,550 /mo",EW9 Aljunied MRT Station,0.32 km
17,Yuen Sing Mansion,Unfurnished Apartment,1076 sqft ,6A Lorong 13 Geylang, Ready to move,4,3,"S$ 2,600 /mo",EW9 Aljunied MRT Station,0.70 km
18,44 Sims Drive,Fully Furnished HDB Apartment,150 sqft ,44 Sims Drive, S$ 4.00 psf,Room,0,S$ 600 /mo,EW9 Aljunied MRT Station,0.65 km
19,Wing Fong Mansions,Fully Furnished Apartment,1237 sqft ,12 Lorong 14 Geylang, Ready to move,3,2,"S$ 2,600 /mo",EW9 Aljunied MRT Station,0.78 km
0,#1 Loft,Apartment,200 sqft ,1 Lorong 24 Geylang, S$ 6.00 psf,Room,0,"S$ 1,200 /mo",EW9 Aljunied MRT Station,0.39 km
1,Prime Residence,Partially Furnished Condominium,400 sqft ,41 Lorong 22 Geylang, Ready to move,1,1,"S$ 1,700 /mo",EW9 Aljunied MRT Station,0.59 km
2,Cosmo,Fully Furnished Condominium,667 sqft ,18 Guillemard Crescent, Available from 1 May,2,2,"S$ 2,600 /mo",EW9 Aljunied MRT Station,0.82 km
3,The Water Edge @ Geylang,Fully Furnished Condominium,500 sqft ,8 Lorong 38 Geylang, Ready to move,1,1,"S$ 2,000 /mo",EW9 Aljunied MRT Station,0.72 km
4,87 Circuit Road,Partially Furnished HDB Apartment,200 sqft ,87 Circuit Road, Available from 16 Apr,Room,0,S$ 700 /mo,EW9 Aljunied MRT Station,0.81 km
5,Treasures @ G20,Partially Furnished Apartment,500 sqft ,Geylang Lorong 20, Available from 1 Jun,1,1,"S$ 1,700 /mo",EW9 Aljunied MRT Station,0.61 km
6,Suites 28,Partially Furnished Apartment,430 sqft ,28 Lorong 30 Geylang, Ready to move,Studio,0,"S$ 1,800 /mo",EW9 Aljunied MRT Station,0.55 km
7,28 Cassia Crescent,Fully Furnished HDB Apartment,200 sqft ,28 Cassia Crescent, Ready to move,Room,0,S$ 850 /mo,EW9 Aljunied MRT Station,0.84 km
8,Sims Urban Oasis,Partially Furnished Condominium,667 sqft ,Sims Drive, Ready to move,2,1,"S$ 2,800 /mo",EW9 Aljunied MRT Station,0.32 km
9,Athena Ville,Unfurnished Apartment,980 sqft ,25 Lorong 29 Geylang, S$ 2.55 psf,2,2,"S$ 2,500 /mo",EW9 Aljunied MRT Station,0.38 km
10,Sims Urban Oasis,Condominium,400 sqft ,10 Sims Drive, Ready to move,1,1,"S$ 1,800 /mo",EW9 Aljunied MRT Station,0.32 km
11,Sims Urban Oasis,Condominium,670 sqft ,10 Sims Drive, Ready to move,2,1,"S$ 2,500 /mo",EW9 Aljunied MRT Station,0.32 km
12,Chen Fang Mansions,Fully Furnished Condominium,936 sqft ,26 Lorong 33 Geylang, Ready to move,2,2,"S$ 2,800 /mo",EW9 Aljunied MRT Station,0.57 km
13,Cassia View,Partially Furnished Condominium,1206 sqft ,320 Guillemard Road, Ready to move,3,2,"S$ 3,200 /mo",EW9 Aljunied MRT Station,0.70 km
14,The Sunny Spring,Fully Furnished Apartment,150 sqft ,50 Lorong 40 Geylang, Ready to move,Room,0,"S$ 1,000 /mo",EW9 Aljunied MRT Station,0.85 km
15,Sims Urban Oasis,Partially Furnished Condominium,958 sqft ,Sims Drive, Ready to move,3,2,"S$ 4,000 /mo",EW9 Aljunied MRT Station,0.32 km
16,La Brisa,Fully Furnished Condominium,517 sqft ,50 Lorong 28 Geylang, Ready to move,2,1,"S$ 1,950 /mo",EW9 Aljunied MRT Station,0.59 km
17,Geylang Heritage,Fully Furnished Condominium,180 sqft ,34 Lorong 34 Geylang, Ready to move,Room,0,S$ 900 /mo,EW9 Aljunied MRT Station,0.65 km
18,Guillemard Edge,Partially Furnished Condominium,453 sqft ,38 Lorong 30 Geylang, Ready to move,1,1,"S$ 1,900 /mo",EW9 Aljunied MRT Station,0.60 km
19,Central Grove,Partially Furnished Condominium,1205 sqft ,3 Geylang East Avenue 1, S$ 2.90 psf,3,2,"S$ 3,500 /mo",EW9 Aljunied MRT Station,0.18 km
0,La Brisa,Partially Furnished Condominium,527 sqft ,50 Lorong 28 Geylang, Ready to move,2,2,"S$ 2,300 /mo",EW9 Aljunied MRT Station,0.59 km
1,Le Regal,Partially Furnished Condominium,366 sqft ,340 Geylang Road, Available from 1 Jun,Studio,0,"S$ 1,800 /mo",EW9 Aljunied MRT Station,0.53 km
2,Sims Urban Oasis,Partially Furnished Condominium,667 sqft ,Sims Drive, Ready to move,2,1,"S$ 2,500 /mo",EW9 Aljunied MRT Station,0.32 km
3,Centra Loft,Partially Furnished Condominium,936 sqft ,3 Lorong 35 Geylang, Ready to move,2,2,"S$ 2,800 /mo",EW9 Aljunied MRT Station,0.67 km
4,Sims Urban Oasis,Partially Furnished Condominium,500 sqft ,Sims Drive, Ready to move,1,1,"S$ 2,300 /mo",EW9 Aljunied MRT Station,0.32 km
5,Guillemard Edge,Condominium,441 sqft ,38 Lorong 30 Geylang, Ready to move,1,1,"S$ 2,300 /mo",EW9 Aljunied MRT Station,0.60 km
6,#1 Suites (One Suites),Fully Furnished Condominium,569 sqft ,1 Lorong 20 Geylang, Ready to move,2,2,"S$ 2,000 /mo",EW9 Aljunied MRT Station,0.48 km
7,The Alcove,Fully Furnished Condominium,50 sqft ,10 Lorong 27 Geylang Singapore, Ready to move,Room,0,"S$ 1,300 /mo",EW9 Aljunied MRT Station,0.24 km
8,1 Pine Close,Partially Furnished HDB Apartment,1097 sqft ,1 Pine Close, Available from 15 Apr,3,2,"S$ 2,800 /mo",EW9 Aljunied MRT Station,0.94 km
9,Atrium Residences,Partially Furnished Apartment,1302 sqft ,1 Lorong 28 Geylang, Ready to move,3,2,"S$ 3,500 /mo",EW9 Aljunied MRT Station,0.53 km
10,Cosmo,Fully Furnished Condominium,398 sqft ,18 Guillemard Crescent, Ready to move,1,1,"S$ 2,000 /mo",EW9 Aljunied MRT Station,0.82 km
11,Canberlin Apartments,Fully Furnished Condominium,120 sqft ,60 Lorong 16 Geylang, Ready to move,Room,0,S$ 600 /mo,EW9 Aljunied MRT Station,0.72 km
12,1 Suites (One Suites),Fully Furnished Condominium,614 sqft ,(within 0.44 km), Ready to move,Room,0,"S$ 1,400 /mo",EW9 Aljunied MRT Station,0.44 km
13,Guillemard Edge,Fully Furnished Condominium,409 sqft ,38 Lorong 30 Geylang, S$ 4.77 psf,1,1,"S$ 1,950 /mo",EW9 Aljunied MRT Station,0.60 km
14,Sims Urban Oasis,Partially Furnished Condominium,736 sqft ,Sims Drive, Ready to move,2,1,"S$ 2,399 /mo",EW9 Aljunied MRT Station,0.32 km
15,28 Cassia Crescent,Partially Furnished HDB Apartment,100 sqft ,28 Cassia Crescent, Ready to move,Room,0,S$ 750 /mo,EW9 Aljunied MRT Station,0.84 km
16,Balmy Court,Fully Furnished Condominium,150 sqft ,6 Lorong 27A Geylang, Ready to move,1,1,S$ 750 /mo,EW9 Aljunied MRT Station,0.34 km
17,Casa Aerata,Fully Furnished Apartment,431 sqft ,9 Lorong 26 Geylang, Ready to move,1,1,"S$ 2,000 /mo",EW9 Aljunied MRT Station,0.52 km
18,Sims Urban Oasis,Partially Furnished Condominium,485 sqft ,Sims Drive, Ready to move,Studio,0,"S$ 2,000 /mo",EW9 Aljunied MRT Station,0.32 km
19,Aston Mansions,Fully Furnished Condominium,1012 sqft ,7 Lorong 42 Geylang, Ready to move,Room,0,"S$ 1,800 /mo",EW9 Aljunied MRT Station,0.90 km
0,Royce Residences,Fully Furnished Condominium,419 sqft ,8 Lorong 6 Geylang, Ready to move,1,1,"S$ 1,700 /mo",EW9 Aljunied MRT Station,0.83 km
1,Silverscape,Fully Furnished Apartment,560 sqft ,39 LORONG 32 GEYLANG, Available from 1 May,2,1,"S$ 2,300 /mo",EW9 Aljunied MRT Station,0.64 km
2,28 Imperial Residences,Fully Furnished Condominium,592 sqft ,28 Lorong 26 Geylang, Available from 30 Jun,2,3,"S$ 2,600 /mo",EW9 Aljunied MRT Station,0.56 km
3,Sunflower Lodge,Fully Furnished Apartment,80 sqft ,9 Lorong 34 Geylang, S$ 9.38 psf,Room,0,S$ 750 /mo,EW9 Aljunied MRT Station,0.64 km
4,Rezi 26,Partially Furnished Condominium,700 sqft ,5 Lorong 26 Geylang, Ready to move,Room,0,"S$ 1,100 /mo",EW9 Aljunied MRT Station,0.46 km
5,87 Circuit Road,Fully Furnished HDB Apartment,70 sqft ,87 Circuit Road, Ready to move,Room,0,S$ 750 /mo,EW9 Aljunied MRT Station,0.81 km
6,Melosa,Partially Furnished Condominium,506 sqft ,28 Lorong 28 Geylang, Ready to move,2,1,"S$ 1,900 /mo",EW9 Aljunied MRT Station,0.52 km
7,Geylang Lorong 4,Apartment,100 sqft ,Geylang Lorong 4, S$ 6.50 psf,Room,0,S$ 650 /mo,EW9 Aljunied MRT Station,0.40 km
8,Sims Urban Oasis,Condominium,462 sqft ,12 Sims Drive, Ready to move,1,1,"S$ 2,188 /mo",EW9 Aljunied MRT Station,0.32 km
9,Sims Urban Oasis,Partially Furnished Condominium,680 sqft ,Sims Drive, Ready to move,2,1,"S$ 2,699 /mo",EW9 Aljunied MRT Station,0.32 km
10,Grandlink Square,Partially Furnished Condominium,80 sqft ,511 Guillemard Road, Ready to move,Room,0,S$ 500 /mo,EW9 Aljunied MRT Station,0.96 km
11,Guillemard Edge,Fully Furnished Condominium,441 sqft ,38 Lorong 30 Geylang, Ready to move,1,1,"S$ 1,938 /mo",EW9 Aljunied MRT Station,0.60 km
12,Simsville,Fully Furnished Condominium,969 sqft ,10 Geylang East Avenue 2, Ready to move,2,2,"S$ 2,700 /mo",EW9 Aljunied MRT Station,0.76 km
13,Grandlink Square,Fully Furnished Apartment,1367 sqft ,511 Guillemard Road, Ready to move,3,3,"S$ 3,300 /mo",EW9 Aljunied MRT Station,0.99 km
14,111 Aljunied Crescent,Fully Furnished HDB Apartment,721 sqft ,111 Aljunied Crescent, S$ 3.05 psf,2,2,"S$ 2,200 /mo",EW9 Aljunied MRT Station,0.46 km
15,Central Meadows,Partially Furnished Condominium,969 sqft ,51 Lorong 34 Geylang, Ready to move,3,2,"S$ 2,900 /mo",EW9 Aljunied MRT Station,0.66 km
16,93 Paya Lebar Way,HDB Apartment,180 sqft ,93 Paya Lebar Way, Ready to move,Room,0,S$ 650 /mo,EW9 Aljunied MRT Station,0.90 km
17,Camellia Lodge,Fully Furnished Condominium,150 sqft ,31 Lor 31 Geylang, Available from 20 Apr,Room,0,S$ 700 /mo,EW9 Aljunied MRT Station,0.42 km
18,Wing Fong Court,Condominium,1055 sqft ,10 Lorong 14 Geylang, Ready to move,3,2,"S$ 3,050 /mo",EW9 Aljunied MRT Station,0.69 km
19,The Water Edge @ Geylang,Fully Furnished Condominium,438 sqft ,8 Lorong 38 Geylang, Ready to move,1,1,"S$ 2,000 /mo",EW9 Aljunied MRT Station,0.72 km
0,177 Guillemard Rd,Fully Furnished Terraced House,"100 sqft, 2000 sqft (land) ",177 Guillemard rd, Ready to move,Room,0,S$ 800 /mo,EW9 Aljunied MRT Station,0.75 km
1,Sims Urban Oasis,Partially Furnished Condominium,667 sqft ,Sims Drive, Ready to move,2,1,"S$ 2,500 /mo",EW9 Aljunied MRT Station,0.32 km
2,The Midas,Fully Furnished Apartment,1400 sqft ,26 Lorong 30 Geylang, Ready to move,6,3,"S$ 3,300 /mo",EW9 Aljunied MRT Station,0.53 km
3,Smart Suites,Fully Furnished Condominium,150 sqft ,302 Sims Avenue, Available from 16 Apr,Room,0,"S$ 1,300 /mo",EW9 Aljunied MRT Station,0.18 km
4,Baode Apartment,Fully Furnished Apartment,200 sqft ,8 Geylong Lor 35, Ready to move,Room,0,"S$ 1,100 /mo",EW9 Aljunied MRT Station,0.69 km
5,Edenz Suites,Partially Furnished Apartment,527 sqft ,21 Lorong 28 Geylang, Ready to move,2,1,"S$ 2,150 /mo",EW9 Aljunied MRT Station,0.52 km
6,Suites 28,Fully Furnished Apartment,460 sqft ,28 Lorong 30 Geylang, Ready to move,1,1,"S$ 1,700 /mo",EW9 Aljunied MRT Station,0.55 km
7,Wing Fong Mansions,Apartment,100 sqft ,12 Lorong 14 Geylang, S$ 4.50 psf,Room,0,S$ 450 /mo,EW9 Aljunied MRT Station,0.78 km
8,The Water Edge @ Geylang,Fully Furnished Condominium,517 sqft ,8 Lorong 38 Geylang, Ready to move,1,1,"S$ 2,300 /mo",EW9 Aljunied MRT Station,0.72 km
9,The Waterina,Partially Furnished Apartment,969 sqft ,69 Lorong 40 Geylang, Ready to move,2,2,"S$ 2,830 /mo",EW9 Aljunied MRT Station,0.90 km
10,La Fleur,Fully Furnished Condominium,441 sqft ,8 Lorong 26 Geylang, Available from 25 Apr,1,1,"S$ 2,000 /mo",EW9 Aljunied MRT Station,0.48 km
11,Guilin Court,Partially Furnished Apartment,280 sqft ,10 Geylang Lorong 26, Ready to move,Room,0,"S$ 1,150 /mo",EW9 Aljunied MRT Station,0.51 km
12,#1 Suites (One Suites),Condominium,560 sqft ,1 Lorong 20 Geylang, S$ 4.11 psf,1,2,"S$ 2,300 /mo",EW9 Aljunied MRT Station,0.48 km
13,Calin Mansions,Fully Furnished Apartment,200 sqft ,30 Lorong 33 Geylang, Ready to move,1,2,"S$ 1,200 /mo",EW9 Aljunied MRT Station,0.57 km
14,Treasures @ G6,Fully Furnished Apartment,452 sqft ,35 Lorong 6 Geylang, Ready to move,1,1,"S$ 2,000 /mo",EW9 Aljunied MRT Station,0.98 km
15,Sims Residences,Fully Furnished Apartment,1442 sqft ,8 Lorong 39 Geylang, Ready to move,3,2,"S$ 4,300 /mo",EW9 Aljunied MRT Station,0.90 km
16,The Alcove,Fully Furnished Condominium,250 sqft ,10 Lorong 27 Geylang Singapore, S$ 5.20 psf,Room,0,"S$ 1,300 /mo",EW9 Aljunied MRT Station,0.24 km
17,51B Lorong 27 Geylang S388181,Partially Furnished Shophouse,80 sqft ,(within 0.14 km), S$ 8.12 psf,Room,0,S$ 650 /mo,EW9 Aljunied MRT Station,0.14 km
18,Sims Urban Oasis,Partially Furnished Condominium,624 sqft ,Sims Drive, Ready to move,2,1,"S$ 2,900 /mo",EW9 Aljunied MRT Station,0.32 km
19,Prime Residence,Fully Furnished Condominium,538 sqft ,41 Lorong 22 Geylang, Ready to move,1,1,"S$ 2,200 /mo",EW9 Aljunied MRT Station,0.59 km
0,Sims Urban Oasis,Condominium,1033 sqft ,Sims Drive, Ready to move,3,2,"S$ 3,900 /mo",EW9 Aljunied MRT Station,0.32 km
1,Edenz Loft,Partially Furnished Apartment,441 sqft ,11 Lorong 24 Geylang, Ready to move,1,1,"S$ 1,700 /mo",EW9 Aljunied MRT Station,0.53 km
2,Idyllic Suites,Fully Furnished Condominium,463 sqft ,21 Lorong 30 Geylang, Ready to move,1,1,"S$ 1,900 /mo",EW9 Aljunied MRT Station,0.58 km
3,Camellia Lodge,Fully Furnished Condominium,100 sqft ,31 Lor 31 Geylang, Available from 12 Apr,Room,0,S$ 700 /mo,EW9 Aljunied MRT Station,0.42 km
4,110 Aljunied Crescent,Fully Furnished HDB Apartment,150 sqft ,110 Aljunied Crescent, Ready to move,Room,0,S$ 750 /mo,EW9 Aljunied MRT Station,0.42 km
5,30 Cassia Crescent,Fully Furnished HDB Apartment,150 sqft ,30 Cassia Crescent, Ready to move,Room,0,S$ 650 /mo,EW9 Aljunied MRT Station,0.78 km
6,The Water Edge @ Geylang,Fully Furnished Condominium,431 sqft ,8 Lorong 38 Geylang, Available from 21 May,1,1,"S$ 2,000 /mo",EW9 Aljunied MRT Station,0.72 km
7,Central Imperial,Partially Furnished Condominium,936 sqft ,3 Lorong 14 Geylang, Ready to move,3,2,"S$ 3,200 /mo",EW9 Aljunied MRT Station,0.64 km
8,Cassia Edge,Fully Furnished Apartment,120 sqft ,343 Guillemard Road, S$ 12.08 psf,Room,0,"S$ 1,450 /mo",EW9 Aljunied MRT Station,0.62 km
9,Sims Urban Oasis,Partially Furnished Condominium,624 sqft ,Sims Drive, Ready to move,2,1,"S$ 2,800 /mo",EW9 Aljunied MRT Station,0.32 km
10,Sims Urban Oasis,Condominium,958 sqft ,Sims Drive, Ready to move,2,1,"S$ 4,100 /mo",EW9 Aljunied MRT Station,0.32 km
11,Sims Urban Oasis,Condominium,958 sqft ,Sims Drive, Ready to move,3,2,"S$ 4,000 /mo",EW9 Aljunied MRT Station,0.32 km
12,Sims Urban Oasis,Condominium,958 sqft ,6 Sims Drive, Ready to move,3,2,"S$ 3,800 /mo",EW9 Aljunied MRT Station,0.32 km
13,Sim Avenue Walk Up Apartment,Unfurnished Walk-up,1100 sqft ,Sims Avenue, Ready to move,3,1,"S$ 2,000 /mo",EW9 Aljunied MRT Station,0.22 km
14,Centra Studios,Fully Furnished Apartment,400 sqft ,25 Lorong 25 Geylang, Ready to move,1,1,"S$ 2,000 /mo",EW9 Aljunied MRT Station,0.23 km
15,Loft 33 @ Geylang,Partially Furnished Condominium,300 sqft ,33 Geylang Lorong 32, Ready to move,Studio,0,"S$ 1,300 /mo",EW9 Aljunied MRT Station,0.62 km
16,98 Aljunied Crescent,Fully Furnished HDB Apartment,667 sqft ,98 Aljunied Crescent, Ready to move,2,1,"S$ 2,000 /mo",EW9 Aljunied MRT Station,0.57 km
17,Wing Fong Mansions,Fully Furnished Apartment,200 sqft ,12 Lorong 14 Geylang, Ready to move,Room,0,S$ 850 /mo,EW9 Aljunied MRT Station,0.78 km
18,Prime Residence,Fully Furnished Condominium,550 sqft ,41 Lorong 22 Geylang, Ready to move,1,1,"S$ 1,800 /mo",EW9 Aljunied MRT Station,0.59 km
19,Sims Urban Oasis,Fully Furnished Condominium,463 sqft ,Sims Drive, Ready to move,1,1,"S$ 2,300 /mo",EW9 Aljunied MRT Station,0.32 km
0,Casa Aerata,Fully Furnished Apartment,532 sqft ,9 Lorong 26 Geylang, Ready to move,2,1,"S$ 2,100 /mo",EW9 Aljunied MRT Station,0.52 km
1,99 Aljunied Crescent,Partially Furnished HDB Apartment,721 sqft ,99 Aljunied Crescent, S$ 2.77 psf,2,1,"S$ 2,000 /mo",EW9 Aljunied MRT Station,0.56 km
2,Suites 28,Fully Furnished Apartment,550 sqft ,28 Lorong 30 Geylang, Ready to move,1,1,"S$ 1,900 /mo",EW9 Aljunied MRT Station,0.55 km
3,Smart Suites,Fully Furnished Condominium,452 sqft ,302 Sims Avenue, Ready to move,1,1,"S$ 2,000 /mo",EW9 Aljunied MRT Station,0.18 km
4,Atrium Residences,Partially Furnished Apartment,1604 sqft ,1 Lorong 28 Geylang, Ready to move,2,2,"S$ 3,000 /mo",EW9 Aljunied MRT Station,0.53 km
5,Wing Fong Court,Condominium,1033 sqft ,10 Lorong 14 Geylang, Available from 23 Apr,3,2,"S$ 2,500 /mo",EW9 Aljunied MRT Station,0.69 km
6,Guilin Court,Partially Furnished Apartment,1163 sqft ,10 Geylang Lorong 26, Ready to move,3,3,"S$ 2,900 /mo",EW9 Aljunied MRT Station,0.51 km
7,Cassia Edge,Fully Furnished Apartment,200 sqft ,343 Guillemard Road, Ready to move,Studio,0,"S$ 1,500 /mo",EW9 Aljunied MRT Station,0.62 km
8,Sims Residences,Fully Furnished Apartment,130 sqft ,8 Lorong 39 Geylang, Ready to move,Room,0,S$ 900 /mo,EW9 Aljunied MRT Station,0.90 km
9,The Water Edge @ Geylang,Fully Furnished Condominium,495 sqft ,8 Lorong 38 Geylang, Ready to move,1,1,"S$ 2,000 /mo",EW9 Aljunied MRT Station,0.72 km
10,Central Grove,Partially Furnished Condominium,1173 sqft ,1 Geylang East Avenue 1, Ready to move,3,3,"S$ 3,900 /mo",EW9 Aljunied MRT Station,0.18 km
11,Silverscape,Fully Furnished Apartment,409 sqft ,39 LORONG 32 GEYLANG, Ready to move,1,1,"S$ 2,000 /mo",EW9 Aljunied MRT Station,0.64 km
12,Geylang Mansion,Unfurnished Apartment,1119 sqft ,2 Lorong 26, Ready to move,3,3,"S$ 3,100 /mo",EW9 Aljunied MRT Station,0.44 km
13,The Water Edge @ Geylang,Fully Furnished Condominium,431 sqft ,8 Lorong 38 Geylang, Ready to move,1,1,"S$ 2,100 /mo",EW9 Aljunied MRT Station,0.72 km
14,Rezi 26,Fully Furnished Condominium,495 sqft ,5 Lorong 26 Geylang, Ready to move,2,1,"S$ 2,300 /mo",EW9 Aljunied MRT Station,0.46 km
15,Sims Urban Oasis,Fully Furnished Condominium,624 sqft ,Sims Drive, Ready to move,2,1,"S$ 2,700 /mo",EW9 Aljunied MRT Station,0.32 km
16,Sims Urban Oasis,Partially Furnished Condominium,484 sqft ,12 Sims Drive, Ready to move,1,1,"S$ 2,200 /mo",EW9 Aljunied MRT Station,0.32 km
17,Sims Urban Oasis,Partially Furnished Condominium,1033 sqft ,18 Sims Drive, Ready to move,3,2,"S$ 3,950 /mo",EW9 Aljunied MRT Station,0.32 km
18,Sims Urban Oasis,Partially Furnished Condominium,958 sqft ,10 Sims Drive, Ready to move,3,2,"S$ 3,900 /mo",EW9 Aljunied MRT Station,0.32 km
19,Sims Urban Oasis,Partially Furnished Condominium,667 sqft ,12 Sims Drive, S$ 3.75 psf,2,1,"S$ 2,500 /mo",EW9 Aljunied MRT Station,0.32 km
0,Treasures @ G19,Apartment,452 sqft ,33 Lorong 19 Geylang, Ready to move,1,1,"S$ 1,800 /mo",EW9 Aljunied MRT Station,0.51 km
1,Sims Urban Oasis,Partially Furnished Condominium,623 sqft ,Sims Drive, Ready to move,2,1,"S$ 2,300 /mo",EW9 Aljunied MRT Station,0.32 km
2,Sims Urban Oasis,Partially Furnished Condominium,624 sqft ,Sims Drive, Ready to move,2,1,"S$ 2,588 /mo",EW9 Aljunied MRT Station,0.32 km
3,Centra Suites,Fully Furnished Apartment,452 sqft ,38 Geylang Lorong 25A, Ready to move,1,1,"S$ 2,000 /mo",EW9 Aljunied MRT Station,0.20 km
4,Lorong 17 Geylang,Unfurnished Apartment,1000 sqft ,Lorong 17 Geylang, Ready to move,3,2,"S$ 2,100 /mo",EW9 Aljunied MRT Station,0.57 km
5,Balmy Court,Fully Furnished Apartment,130 sqft ,6 Lorong 27A Geylang, S$ 5.69 psf,Room,0,S$ 740 /mo,EW9 Aljunied MRT Station,0.34 km
6,111 Aljunied Crescent,HDB Apartment,150 sqft ,111 Aljunied Crescent, Ready to move,Room,0,S$ 700 /mo,EW9 Aljunied MRT Station,0.46 km
7,Centra Residence,Partially Furnished Condominium,452 sqft ,8 Lorong 7 Geylang, Ready to move,1,1,"S$ 2,100 /mo",EW9 Aljunied MRT Station,0.88 km
8,Treasures @ G6,Fully Furnished Apartment,487 sqft ,35 Lorong 6 Geylang, Ready to move,1,1,"S$ 1,800 /mo",EW9 Aljunied MRT Station,0.98 km
9,50 Circuit Road,Fully Furnished HDB Apartment,100 sqft ,50 Circuit Road, Ready to move,Room,0,S$ 650 /mo,EW9 Aljunied MRT Station,0.98 km
10,Sims Urban Oasis,Fully Furnished Condominium,409 sqft ,Sims Drive, Ready to move,1,1,"S$ 2,000 /mo",EW9 Aljunied MRT Station,0.32 km
11,Centra Studios,Fully Furnished Apartment,484 sqft ,25 Lorong 25 Geylang, Ready to move,1,1,"S$ 1,900 /mo",EW9 Aljunied MRT Station,0.23 km
12,Ness,Partially Furnished Condominium,452 sqft ,38 Lorong 32 Geylang, Ready to move,1,1,"S$ 2,000 /mo",EW9 Aljunied MRT Station,0.60 km
13,Sims Green,Apartment,50 sqft ,7 Lorong 27A Geylang, Ready to move,Room,0,"S$ 1,100 /mo",EW9 Aljunied MRT Station,0.28 km
14,Geylang Living Quarter,Unfurnished Walk-up,1535 sqft ,Geylang Road, Ready to move,4,3,"S$ 2,500 /mo",EW9 Aljunied MRT Station,0.86 km
15,Loft 33 @ Geylang,Condominium,200 sqft ,33 Geylang Lorong 32, Ready to move,Room,0,"S$ 1,300 /mo",EW9 Aljunied MRT Station,0.62 km
16,Loft 33 @ Geylang,Condominium,452 sqft ,33 Geylang Lorong 32, Ready to move,1,1,"S$ 1,800 /mo",EW9 Aljunied MRT Station,0.62 km
17,Centra Loft,Partially Furnished Condominium,474 sqft ,3 Lorong 35 Geylang, Available from 28 Apr,1,1,"S$ 2,000 /mo",EW9 Aljunied MRT Station,0.67 km
18,The Sanctuary @ Geylang,Apartment,647 sqft ,1 Geylang Lorong 30, Ready to move,1,1,"S$ 2,799 /mo",EW9 Aljunied MRT Station,0.51 km
19,La Brisa,Fully Furnished Condominium,560 sqft ,50 Lorong 28 Geylang, Available from 11 Apr,2,1,"S$ 2,200 /mo",EW9 Aljunied MRT Station,0.59 km
0,La Brisa,Fully Furnished Condominium,603 sqft ,50 Lorong 28 Geylang, Available from 30 Apr,3,2,"S$ 2,500 /mo",EW9 Aljunied MRT Station,0.59 km
1,Sunflower Residence,Fully Furnished Condominium,1000 sqft ,47 Lorong 32 Geylang, Ready to move,3,2,"S$ 2,600 /mo",EW9 Aljunied MRT Station,0.65 km
2,Guillemard Edge,Fully Furnished Condominium,549 sqft ,38 Lorong 30 Geylang, Ready to move,2,1,"S$ 2,400 /mo",EW9 Aljunied MRT Station,0.60 km
3,Prime Residence,Condominium,583 sqft ,41 Lorong 22 Geylang, Ready to move,1,1,"S$ 2,200 /mo",EW9 Aljunied MRT Station,0.59 km
4,#1 Suites (One Suites),Fully Furnished Condominium,600 sqft ,1 Lorong 20 Geylang, Ready to move,1,2,"S$ 2,000 /mo",EW9 Aljunied MRT Station,0.48 km
5,74 Lorong 25A Geylang,Walk-up,150 sqft ,74 Lorong 25A Geylang, Ready to move,Room,0,S$ 550 /mo,EW9 Aljunied MRT Station,0.05 km
6,Centra Residence,Partially Furnished Condominium,452 sqft ,8 Lorong 7 Geylang, Ready to move,1,1,"S$ 2,100 /mo",EW9 Aljunied MRT Station,0.88 km
7,Idyllic Suites,Partially Furnished Condominium,689 sqft ,21 Lorong 30 Geylang, Ready to move,2,1,"S$ 2,200 /mo",EW9 Aljunied MRT Station,0.58 km
8,Sims Urban Oasis,Partially Furnished Condominium,829 sqft ,2 Sims Drive, Ready to move,2,1,"S$ 3,200 /mo",EW9 Aljunied MRT Station,0.32 km
9,40 Sims Drive,Fully Furnished HDB Apartment,315 sqft ,40 Sims Drive, Ready to move,Room,0,S$ 800 /mo,EW9 Aljunied MRT Station,0.75 km
10,Fuyuen Court,Fully Furnished Apartment,140 sqft ,22 Lorong 35 Geylang, S$ 2.43 psf,Room,0,S$ 340 /mo,EW9 Aljunied MRT Station,0.68 km
11,Rezi 3Two,Fully Furnished Apartment,200 sqft ,48 Lorong 32 Geylang, Ready to move,Room,0,"S$ 1,300 /mo",EW9 Aljunied MRT Station,0.64 km
12,Ness,Fully Furnished Condominium,570 sqft ,38 Lorong 32 Geylang, Ready to move,2,1,"S$ 2,050 /mo",EW9 Aljunied MRT Station,0.60 km
13,Baode Apartment,Partially Furnished Apartment,1216 sqft ,8 Geylong Lor 35, Ready to move,4,3,"S$ 3,600 /mo",EW9 Aljunied MRT Station,0.69 km
14,16 Geylang Lor 22,Partially Furnished Condominium,1600 sqft ,16 lorong 22 geylang, Ready to move,3,2,"S$ 3,000 /mo",EW9 Aljunied MRT Station,0.51 km
15,Smart Suites,Fully Furnished Condominium,452 sqft ,302 Sims Avenue, Ready to move,1,1,"S$ 1,980 /mo",EW9 Aljunied MRT Station,0.18 km
16,Sims Urban Oasis,Partially Furnished Condominium,404 sqft ,Sims Drive, Ready to move,1,1,"S$ 1,900 /mo",EW9 Aljunied MRT Station,0.32 km
17,44 Sims Drive,Fully Furnished HDB Apartment,200 sqft ,44 Sims Drive, Ready to move,Room,0,S$ 700 /mo,EW9 Aljunied MRT Station,0.65 km
18,Ness,Fully Furnished Condominium,452 sqft ,38 Lorong 32 Geylang, S$ 4.42 psf,1,1,"S$ 2,000 /mo",EW9 Aljunied MRT Station,0.60 km
19,Central Grove,Fully Furnished Condominium,1206 sqft ,1 Geylang East Avenue 1, Available from 1 May,3,3,"S$ 3,600 /mo",EW9 Aljunied MRT Station,0.18 km
0,GUILLEMARD EDGE,Partially Furnished Apartment,550 sqft ,(within 0.62 km), S$ 3.62 psf,2,1,"S$ 1,990 /mo",EW9 Aljunied MRT Station,0.62 km
1,The Sunny Spring,Fully Furnished Apartment,1109 sqft ,50 Lorong 40 Geylang, Ready to move,3,3,"S$ 2,990 /mo",EW9 Aljunied MRT Station,0.85 km
2,85 Circuit Road,Fully Furnished HDB Apartment,645 sqft ,85 Circuit Road, Ready to move,2,2,"S$ 2,000 /mo",EW9 Aljunied MRT Station,0.77 km
3,41 Geylang Lorong 8,Unfurnished Terraced House,"4000 sqft, 2207 sqft (land) ",41 Geylang Lorong 8, S$ 2.27 psf,7,2,"S$ 5,000 /mo",EW9 Aljunied MRT Station,0.91 km
4,Avant At Aljunied,Fully Furnished Apartment,500 sqft ,10 Aljunied Road, Ready to move,1,1,"S$ 3,800 /mo",EW9 Aljunied MRT Station,0.33 km
5,La Brisa,Fully Furnished Condominium,53 sqft ,50 Lorong 28 Geylang, Ready to move,Room,0,S$ 900 /mo,EW9 Aljunied MRT Station,0.59 km
6,Simsville,Fully Furnished Condominium,1210 sqft ,10 Geylang East Avenue 2, Ready to move,Room,0,"S$ 1,600 /mo",EW9 Aljunied MRT Station,0.76 km
7,28 Cassia Crescent,Fully Furnished HDB Apartment,110 sqft ,28 Cassia Crescent, Ready to move,Room,0,"S$ 1,050 /mo",EW9 Aljunied MRT Station,0.84 km
8,Rezi 26,Partially Furnished Condominium,495 sqft ,5A Lorong 26 Geylang, Ready to move,1,1,"S$ 1,850 /mo",EW9 Aljunied MRT Station,0.46 km
9,Simsville,Fully Furnished Condominium,1210 sqft ,10 Geylang East Avenue 2, Ready to move,Room,0,"S$ 1,200 /mo",EW9 Aljunied MRT Station,0.76 km
10,Sims Urban Oasis,Partially Furnished Condominium,425 sqft ,Sims Drive, Ready to move,Studio,0,"S$ 1,900 /mo",EW9 Aljunied MRT Station,0.32 km
11,122 Geylang East Central,Fully Furnished HDB Apartment,1100 sqft ,122 Geylang East Central, Ready to move,3,2,"S$ 2,980 /mo",EW9 Aljunied MRT Station,0.25 km
12,The Sanctuary @ Geylang,Fully Furnished Apartment,646 sqft ,1 Geylang Lorong 30, Ready to move,1,1,"S$ 2,799 /mo",EW9 Aljunied MRT Station,0.51 km
13,Sims Edge,Partially Furnished Condominium,581 sqft ,1 Geylang East Avenue 2, Ready to move,2,1,"S$ 2,400 /mo",EW9 Aljunied MRT Station,0.56 km
14,12 Pine Close,Partially Furnished HDB Apartment,140 sqft ,12 Pine Close, Ready to move,Room,0,S$ 800 /mo,EW9 Aljunied MRT Station,0.89 km
15,47 Jalan Tiga,Fully Furnished HDB Apartment,1100 sqft ,47 Jalan Tiga, S$ 2.27 psf,3,2,"S$ 2,500 /mo",EW9 Aljunied MRT Station,0.88 km
16,Guillemard Edge,Fully Furnished Condominium,1001 sqft ,38 Lorong 30 Geylang, Ready to move,1,1,"S$ 2,300 /mo",EW9 Aljunied MRT Station,0.60 km
17,Ness,Partially Furnished Condominium,452 sqft ,38 Lorong 32 Geylang, Ready to move,1,1,"S$ 2,000 /mo",EW9 Aljunied MRT Station,0.60 km
18,Sims Urban Oasis,Partially Furnished Condominium,1066 sqft ,(within 0.32 km), Ready to move,3,2,"S$ 4,000 /mo",EW9 Aljunied MRT Station,0.32 km
19,Guilin Court,Partially Furnished Apartment,1173 sqft ,10 Geylang Lorong 26, Ready to move,3,3,"S$ 3,000 /mo",EW9 Aljunied MRT Station,0.51 km
0,Guilin Court,Partially Furnished Apartment,1173 sqft ,10 Geylang Lorong 26, Ready to move,3,3,"S$ 3,000 /mo",EW9 Aljunied MRT Station,0.51 km
1,106 Aljunied Crescent,Fully Furnished HDB Apartment,775 sqft ,106 Aljunied Crescent, Ready to move,2,2,"S$ 2,000 /mo",EW9 Aljunied MRT Station,0.29 km
2,Centra Residence,Fully Furnished Condominium,452 sqft ,8 Lorong 7 Geylang, Ready to move,1,1,"S$ 1,800 /mo",EW9 Aljunied MRT Station,0.88 km
3,Atrium Residences,Apartment,85 sqft ,1 Lorong 28 Geylang, Ready to move,Room,0,S$ 900 /mo,EW9 Aljunied MRT Station,0.53 km
4,Torieview Mansions,Unfurnished Apartment,1370 sqft ,8 Lorong 29 Geylang, Ready to move,4,3,"S$ 2,500 /mo",EW9 Aljunied MRT Station,0.41 km
5,Edenz Loft,Partially Furnished Apartment,441 sqft ,11 Lorong 24 Geylang, Ready to move,1,1,"S$ 1,690 /mo",EW9 Aljunied MRT Station,0.53 km
6,85 Circuit Road,Fully Furnished HDB Apartment,645 sqft ,85 Circuit Road, Ready to move,2,1,"S$ 2,000 /mo",EW9 Aljunied MRT Station,0.77 km
7,49 Jalan Tiga,Fully Furnished HDB Apartment,1001 sqft ,49 Jalan Tiga, Ready to move,3,2,"S$ 2,600 /mo",EW9 Aljunied MRT Station,0.87 km
8,Central Imperial,Fully Furnished Condominium,100 sqft ,3 Lorong 14 Geylang, Ready to move,Room,0,S$ 900 /mo,EW9 Aljunied MRT Station,0.64 km
9,Central Grove,Fully Furnished Condominium,130 sqft ,1 Geylang East Avenue 1, S$ 8.46 psf,Room,0,"S$ 1,100 /mo",EW9 Aljunied MRT Station,0.18 km
10,Royce Residences,Fully Furnished Condominium,420 sqft ,8 Lorong 6 Geylang, Ready to move,1,1,"S$ 1,900 /mo",EW9 Aljunied MRT Station,0.83 km
11,Sims Urban Oasis,Fully Furnished Condominium,409 sqft ,10 Sims Drive, Ready to move,1,1,"S$ 2,500 /mo",EW9 Aljunied MRT Station,0.32 km
12,52 Sims Place,Unfurnished HDB Apartment,700 sqft ,52 Sims Place, Ready to move,3,1,"S$ 1,900 /mo",EW9 Aljunied MRT Station,0.29 km
13,Treasures @ G19,Fully Furnished Apartment,452 sqft ,33 Lorong 19 Geylang, Ready to move,1,1,"S$ 1,800 /mo",EW9 Aljunied MRT Station,0.51 km
14,The Diamond,Fully Furnished Apartment,538 sqft ,17 Lorong 9 Geylang, Ready to move,1,1,"S$ 1,900 /mo",EW9 Aljunied MRT Station,0.82 km
15,Sims Urban Oasis,Condominium,463 sqft ,12 Sims Drive, Ready to move,1,1,"S$ 2,300 /mo",EW9 Aljunied MRT Station,0.32 km
16,Sims Green,Fully Furnished Apartment,150 sqft ,7 Lorong 27A Geylang, Ready to move,Room,0,"S$ 1,000 /mo",EW9 Aljunied MRT Station,0.28 km
17,#1 Suites (One Suites),Fully Furnished Condominium,350 sqft ,1 Lorong 20 Geylang, Ready to move,Studio,0,"S$ 1,350 /mo",EW9 Aljunied MRT Station,0.48 km
18,Fuyuen Court,Fully Furnished Apartment,150 sqft ,22 Lorong 35 Geylang, Ready to move,1,1,"S$ 1,300 /mo",EW9 Aljunied MRT Station,0.68 km
19,Sims Urban Oasis,Partially Furnished Condominium,718 sqft ,10 Sims Drive, Ready to move,2,1,"S$ 2,400 /mo",EW9 Aljunied MRT Station,0.32 km
0,124 Geylang East Avenue 1,Fully Furnished HDB Apartment,700 sqft ,124 Geylang East Avenue 1, Ready to move,2,2,"S$ 1,900 /mo",EW9 Aljunied MRT Station,0.44 km
1,35 LORONG 33 GEYLANG,Fully Furnished Terraced House,"1529 sqft, 3000 sqft (land) ",35 LORONG 33 GEYLANG, Ready to move,3,3,"S$ 3,500 /mo",EW9 Aljunied MRT Station,0.55 km
2,30A Lorong Marican,Fully Furnished Walk-up,400 sqft ,30A Lorong Marican, S$ 3.25 psf,Room,0,"S$ 1,300 /mo",EW9 Aljunied MRT Station,0.58 km
3,Simsville,Fully Furnished Condominium,1528 sqft ,2 Geylang East Avenue 2, Ready to move,4,2,"S$ 3,900 /mo",EW9 Aljunied MRT Station,0.76 km
4,Ness,Partially Furnished Condominium,452 sqft ,38 Lorong 32 Geylang, Ready to move,1,1,"S$ 2,000 /mo",EW9 Aljunied MRT Station,0.60 km
5,130 Geylang East Avenue 1,Fully Furnished HDB Apartment,200 sqft ,130 Geylang East Avenue 1, Available from 1 Jun,Room,0,S$ 680 /mo,EW9 Aljunied MRT Station,0.54 km
6,#1 Suites,Fully Furnished Apartment,300 sqft ,Geylang, Ready to move,Room,0,"S$ 1,300 /mo",EW9 Aljunied MRT Station,0.44 km
7,Simsville,Condominium,970 sqft ,2 Geylang East Avenue 2, Ready to move,2,2,"S$ 2,900 /mo",EW9 Aljunied MRT Station,0.76 km
8,Grandlink Square,Apartment,1380 sqft ,511 Guillemard Road, Ready to move,3,2,"S$ 3,500 /mo",EW9 Aljunied MRT Station,0.99 km
9,La Fleur,Fully Furnished Condominium,420 sqft ,8 Lorong 26 Geylang, Ready to move,1,1,"S$ 1,800 /mo",EW9 Aljunied MRT Station,0.48 km
10,La Fleur,Fully Furnished Condominium,441 sqft ,8 Lorong 26 Geylang, Available from 24 Apr,1,1,"S$ 1,850 /mo",EW9 Aljunied MRT Station,0.48 km
11,Regal 35,Fully Furnished Apartment,1120 sqft ,15 Lorong 35 Geylang, Ready to move,3,2,"S$ 3,000 /mo",EW9 Aljunied MRT Station,0.61 km
12,"Lor 6 Geylang, Singapore 399190",Unfurnished Terraced House,"3000 sqft, 1200 sqft (land) ",(within 0.97 km), Ready to move,6,6,"S$ 10,000 /mo",EW9 Aljunied MRT Station,0.97 km
13,Sims Edge,Fully Furnished Condominium,409 sqft ,1 Geylang East Avenue 2, S$ 4.65 psf,1,1,"S$ 1,900 /mo",EW9 Aljunied MRT Station,0.56 km
14,Le Regal,Fully Furnished Apartment,990 sqft ,340 Geylang Road, Ready to move,2,2,"S$ 3,000 /mo",EW9 Aljunied MRT Station,0.53 km
15,Central Imperial,Fully Furnished Condominium,420 sqft ,3 Lorong 14 Geylang, Ready to move,2,2,"S$ 1,800 /mo",EW9 Aljunied MRT Station,0.64 km
16,Central Meadows,Partially Furnished Condominium,1001 sqft ,51 Lorong 34 Geylang, Ready to move,3,2,"S$ 2,999 /mo",EW9 Aljunied MRT Station,0.66 km
17,44 Sims Drive,Fully Furnished HDB Apartment,150 sqft ,44 Sims Drive, Ready to move,Room,0,S$ 680 /mo,EW9 Aljunied MRT Station,0.65 km
18,35 LORONG 33 GEYLANG,Fully Furnished HDB Apartment,1270 sqft ,35 LORONG 33 GEYLANG, Ready to move,3,3,"S$ 3,800 /mo",EW9 Aljunied MRT Station,0.55 km
19,Prime Residence,Fully Furnished Condominium,581 sqft ,41 Lorong 22 Geylang, S$ 3.44 psf,2,1,"S$ 2,000 /mo",EW9 Aljunied MRT Station,0.59 km
0,Sims Urban Oasis,Partially Furnished Condominium,624 sqft ,(within 0.32 km), Ready to move,2,1,"S$ 2,700 /mo",EW9 Aljunied MRT Station,0.32 km
1,Sims Urban Oasis,Partially Furnished Condominium,463 sqft ,Sims Drive, Ready to move,1,1,"S$ 2,200 /mo",EW9 Aljunied MRT Station,0.32 km
2,Sims Urban Oasis,Partially Furnished Condominium,1023 sqft ,Sims Drive, Ready to move,3,2,"S$ 3,900 /mo",EW9 Aljunied MRT Station,0.32 km
3,Treasures @ G6,Partially Furnished Apartment,452 sqft ,35 Lorong 6 Geylang, Ready to move,1,1,"S$ 1,800 /mo",EW9 Aljunied MRT Station,0.98 km
4,Cosmo,Fully Furnished Condominium,670 sqft ,18 Guillemard Crescent, Ready to move,2,2,"S$ 2,550 /mo",EW9 Aljunied MRT Station,0.82 km
5,*FOR WORKERS* Geylang Road,Unfurnished Walk-up,1100 sqft ,182 geylang road, Ready to move,3,3,"S$ 2,500 /mo",EW9 Aljunied MRT Station,0.97 km
6,Silverscape,Apartment,409 sqft ,39 LORONG 32 GEYLANG, Ready to move,1,1,"S$ 1,650 /mo",EW9 Aljunied MRT Station,0.64 km
7,Rezi 3Two,Partially Furnished Apartment,463 sqft ,48 Lorong 32 Geylang, Ready to move,1,1,"S$ 2,000 /mo",EW9 Aljunied MRT Station,0.64 km
8,Guillemard Edge,Fully Furnished Condominium,409 sqft ,38 Lorong 30 Geylang, Ready to move,1,1,"S$ 2,400 /mo",EW9 Aljunied MRT Station,0.60 km
9,Camellia Lodge,Partially Furnished Condominium,1195 sqft ,31 Lor 31 Geylang, Ready to move,3,2,"S$ 2,600 /mo",EW9 Aljunied MRT Station,0.42 km
10,Grandview Suites @ Geylang,Fully Furnished Condominium,410 sqft ,1 Geylang Lorong 22, Ready to move,Studio,0,"S$ 1,650 /mo",EW9 Aljunied MRT Station,0.41 km
11,Sims Urban Oasis,Fully Furnished Condominium,624 sqft ,Sims Drive, Ready to move,2,1,"S$ 2,700 /mo",EW9 Aljunied MRT Station,0.32 km
12,Sims Urban Oasis,Partially Furnished Condominium,668 sqft ,10 Sims Drive, Ready to move,2,1,"S$ 2,600 /mo",EW9 Aljunied MRT Station,0.32 km
13,Viento,Fully Furnished Condominium,474 sqft ,29 Lorong 30 Geylang, S$ 4.11 psf,1,1,"S$ 1,950 /mo",EW9 Aljunied MRT Station,0.62 km
14,Guillemard Suites,Fully Furnished Apartment,250 sqft ,213 Guillemard Road, Ready to move,Studio,0,"S$ 1,650 /mo",EW9 Aljunied MRT Station,0.65 km
15,Sims Urban Oasis,Fully Furnished Condominium,206 sqft ,Sims Drive, Ready to move,Studio,0,"S$ 1,600 /mo",EW9 Aljunied MRT Station,0.32 km
16,Simsville,Fully Furnished Condominium,150 sqft ,2 Geylang East Avenue 2, Ready to move,Room,0,"S$ 1,200 /mo",EW9 Aljunied MRT Station,0.76 km
17,Sims Urban Oasis,Fully Furnished Condominium,624 sqft ,Sims Drive, Ready to move,2,1,"S$ 2,700 /mo",EW9 Aljunied MRT Station,0.32 km
18,Centra Loft,Fully Furnished Condominium,420 sqft ,3 Lorong 35 Geylang, Ready to move,1,1,"S$ 1,850 /mo",EW9 Aljunied MRT Station,0.67 km
19,Guillemard Edge,Partially Furnished Condominium,560 sqft ,38 Lorong 30 Geylang, Ready to move,2,1,"S$ 2,200 /mo",EW9 Aljunied MRT Station,0.60 km
0,108 Aljunied Crescent,Fully Furnished HDB Apartment,120 sqft ,108 Aljunied Crescent, S$ 5.83 psf,Room,0,S$ 700 /mo,EW9 Aljunied MRT Station,0.39 km
1,Centra Suites,Apartment,440 sqft ,38 Geylang Lorong 25A, Ready to move,1,1,"S$ 1,900 /mo",EW9 Aljunied MRT Station,0.20 km
2,Suites @ Sims,Fully Furnished Condominium,377 sqft ,468 Sims Ave, Ready to move,1,1,"S$ 2,000 /mo",EW9 Aljunied MRT Station,0.48 km
3,Wing Fong Mansions,Partially Furnished Apartment,1129 sqft ,12 Lorong 14 Geylang, Ready to move,3,2,"S$ 2,499 /mo",EW9 Aljunied MRT Station,0.78 km
4,Guillemard Edge,Fully Furnished Apartment,452 sqft ,38 Lorong 30 Geylang, Ready to move,2,1,"S$ 2,100 /mo",EW9 Aljunied MRT Station,0.60 km
5,Rental Apartment Sims Ave,Partially Furnished Apartment,350 sqft ,Sims Avenue, Ready to move,1,1,"S$ 1,500 /mo",EW9 Aljunied MRT Station,0.34 km
6,Casa Aerata,Fully Furnished Apartment,300 sqft ,9 Lorong 26 Geylang, Ready to move,Room,0,"S$ 1,300 /mo",EW9 Aljunied MRT Station,0.52 km
7,130 Geylang East Avenue 1,Fully Furnished HDB Apartment,230 sqft ,130 Geylang East Avenue 1, S$ 4.78 psf,Room,0,"S$ 1,100 /mo",EW9 Aljunied MRT Station,0.54 km
8,130 Geylang East Avenue 1,Fully Furnished HDB Apartment,1521 sqft ,130 Geylang East Avenue 1, S$ 1.78 psf,3,2,"S$ 2,700 /mo",EW9 Aljunied MRT Station,0.54 km
9,47 Jalan Tiga,Fully Furnished HDB Apartment,1001 sqft ,47 Jalan Tiga, S$ 2.50 psf,3,2,"S$ 2,500 /mo",EW9 Aljunied MRT Station,0.88 km
10,Guillemard Edge,Partially Furnished Condominium,517 sqft ,38 Lorong 30 Geylang, S$ 4.64 psf,1,1,"S$ 2,400 /mo",EW9 Aljunied MRT Station,0.60 km
11,Viento,Partially Furnished Condominium,463 sqft ,29 Lorong 30 Geylang, S$ 4.75 psf,1,1,"S$ 2,200 /mo",EW9 Aljunied MRT Station,0.62 km
12,Suites @ Sims,Partially Furnished Condominium,344 sqft ,468 Sims Ave, S$ 5.81 psf,1,1,"S$ 2,000 /mo",EW9 Aljunied MRT Station,0.48 km
13,Ness,Fully Furnished Condominium,816 sqft ,38 Lorong 32 Geylang, S$ 2.94 psf,2,1,"S$ 2,400 /mo",EW9 Aljunied MRT Station,0.60 km
14,Centra Residence,Partially Furnished Condominium,463 sqft ,8 Lorong 7 Geylang, S$ 4.10 psf,1,1,"S$ 1,900 /mo",EW9 Aljunied MRT Station,0.88 km
15,Smart Suites,Partially Furnished Condominium,441 sqft ,302 Sims Avenue, S$ 4.54 psf,1,2,"S$ 2,000 /mo",EW9 Aljunied MRT Station,0.18 km
16,Smart Suites,Fully Furnished Condominium,420 sqft ,302 Sims Avenue, S$ 4.29 psf,1,1,"S$ 1,800 /mo",EW9 Aljunied MRT Station,0.18 km
17,Centra Residence,Fully Furnished Condominium,398 sqft ,8 Lorong 7 Geylang, S$ 4.77 psf,1,1,"S$ 1,900 /mo",EW9 Aljunied MRT Station,0.88 km
18,Centra Residence,Fully Furnished Condominium,431 sqft ,8 Lorong 7 Geylang, S$ 4.18 psf,1,1,"S$ 1,800 /mo",EW9 Aljunied MRT Station,0.88 km
19,The Waterina,Partially Furnished Apartment,1227 sqft ,51 Lorong 40 Geylang, S$ 3.10 psf,3,3,"S$ 3,800 /mo",EW9 Aljunied MRT Station,0.90 km
0,109 Aljunied Crescent,Partially Furnished HDB Apartment,721 sqft ,109 Aljunied Crescent, S$ 2.77 psf,2,2,"S$ 2,000 /mo",EW9 Aljunied MRT Station,0.36 km
1,99 Aljunied Crescent,HDB Apartment,721 sqft ,99 Aljunied Crescent, S$ 2.77 psf,2,2,"S$ 2,000 /mo",EW9 Aljunied MRT Station,0.56 km
2,Centra Suites,Partially Furnished Apartment,463 sqft ,38 Geylang Lorong 25A, S$ 4.32 psf,1,1,"S$ 2,000 /mo",EW9 Aljunied MRT Station,0.20 km
3,Centra Residence,Fully Furnished Condominium,420 sqft ,8 Lorong 7 Geylang, S$ 4.76 psf,1,1,"S$ 2,000 /mo",EW9 Aljunied MRT Station,0.88 km
4,Guillemard Edge,Fully Furnished Condominium,1356 sqft ,38 Lorong 30 Geylang, S$ 2.58 psf,2,1,"S$ 3,500 /mo",EW9 Aljunied MRT Station,0.60 km
5,Guillemard Suites,Apartment,624 sqft ,213 Guillemard Road, S$ 4.01 psf,2,2,"S$ 2,500 /mo",EW9 Aljunied MRT Station,0.65 km
6,Sims Edge,Fully Furnished Condominium,409 sqft ,1 Geylang East Avenue 2, S$ 4.40 psf,1,1,"S$ 1,800 /mo",EW9 Aljunied MRT Station,0.56 km
7,The Waterina,Partially Furnished Apartment,1570 sqft ,51 Lorong 40 Geylang, S$ 3.18 psf,4,4,"S$ 5,000 /mo",EW9 Aljunied MRT Station,0.90 km
8,Paya Lebar Residences,Partially Furnished Condominium,1280 sqft ,27 Paya Lebar Road, S$ 2.66 psf,3,2,"S$ 3,400 /mo",EW9 Aljunied MRT Station,0.97 km
9,#1 Loft,Fully Furnished Apartment,140 sqft ,1 Lorong 24 Geylang, S$ 11.07 psf,Room,0,"S$ 1,550 /mo",EW9 Aljunied MRT Station,0.39 km
10,Sims Green,Fully Furnished Apartment,947 sqft ,7 Lorong 27A Geylang, S$ 1.58 psf,Room,0,"S$ 1,500 /mo",EW9 Aljunied MRT Station,0.28 km
11,Simsville,Fully Furnished Condominium,980 sqft ,10 Geylang East Avenue 2, S$ 2.70 psf,2,2,"S$ 2,649 /mo",EW9 Aljunied MRT Station,0.76 km
12,Simsville,Fully Furnished Condominium,200 sqft ,2 Geylang East Avenue 2, S$ 6.00 psf,Room,0,"S$ 1,200 /mo",EW9 Aljunied MRT Station,0.76 km
