0,Euhabitat,Partially Furnished Condominium,624 sqft ,194 Jalan Eunos, S$ 3.21 psf,1,1,"S$ 2,000 /mo",EW7 Eunos MRT Station,0.97 km
1,The Bale,Fully Furnished Apartment,1780 sqft ,8 Lorong H Telok Kurau, Ready to move,3,3,"S$ 4,300 /mo",EW7 Eunos MRT Station,0.63 km
2,333 Ubi Avenue 1,Fully Furnished HDB Apartment,200 sqft ,333 Ubi Avenue 1, S$ 5.00 psf,Room,0,"S$ 1,000 /mo",EW7 Eunos MRT Station,0.77 km
3,Kembangan Court,Fully Furnished Apartment,800 sqft ,5 Jalan Masjid, Ready to move,2,2,"S$ 2,200 /mo",EW7 Eunos MRT Station,0.99 km
4,Grand Residence,Fully Furnished Condominium,1937 sqft ,54 Lorong G Telok Kurau, Ready to move,4,2,"S$ 3,800 /mo",EW7 Eunos MRT Station,0.88 km
5,Walk Up Apartment - NEW Aircon 3+1 Rental,Partially Furnished Walk-up,1100 sqft ,Changi Road, Ready to move,3,2,"S$ 2,500 /mo",EW7 Eunos MRT Station,0.44 km
6,Euhabitat,Partially Furnished Condominium,537 sqft ,Jalan Eunos, S$ 3.72 psf,1,1,"S$ 2,000 /mo",EW7 Eunos MRT Station,0.97 km
7,Euhabitat,Partially Furnished Condominium,818 sqft ,Jalan Eunos, S$ 3.06 psf,2,2,"S$ 2,500 /mo",EW7 Eunos MRT Station,0.97 km
8,Euhabitat,Condominium,539 sqft ,Jalan Eunos, Ready to move,1,1,"S$ 2,100 /mo",EW7 Eunos MRT Station,0.97 km
9,24 Eunos Crescent,Fully Furnished HDB Apartment,635 sqft ,24 Eunos Crescent, Ready to move,2,1,"S$ 1,800 /mo",EW7 Eunos MRT Station,0.46 km
10,The Ebony,Fully Furnished Condominium,344 sqft ,35 Lorong Marican, Available from 15 Apr,1,1,"S$ 1,850 /mo",EW7 Eunos MRT Station,0.58 km
11,Euhabitat,Partially Furnished Condominium,614 sqft ,Jalan Eunos, Ready to move,1,1,"S$ 2,000 /mo",EW7 Eunos MRT Station,0.97 km
12,Suites@Changi,Fully Furnished Apartment,463 sqft ,226 Changi Road, Ready to move,1,1,"S$ 1,800 /mo",EW7 Eunos MRT Station,0.34 km
13,Sunshine Regency,Fully Furnished Apartment,603 sqft ,9 Rambai Road, Ready to move,1,2,"S$ 2,000 /mo",EW7 Eunos MRT Station,0.97 km
14,The Ebony,Fully Furnished Condominium,344 sqft ,35 Lorong Marican, Ready to move,1,1,"S$ 1,700 /mo",EW7 Eunos MRT Station,0.58 km
15,East Shine,Unfurnished Apartment,1023 sqft ,57 Lorong Melayu, Ready to move,3,2,"S$ 3,000 /mo",EW7 Eunos MRT Station,0.77 km
16,Lotus At Joo Chiat,Partially Furnished Conservation House,2740 sqft ,Joo Chiat Place, Ready to move,3,4,"S$ 7,950 /mo",EW7 Eunos MRT Station,0.68 km
17,Parc Bleu,Fully Furnished Condominium,1119 sqft ,262 Joo Chiat Place, Ready to move,2,2,"S$ 2,800 /mo",EW7 Eunos MRT Station,0.76 km
18,1A Jalan Awang,Fully Furnished Semi-Detached House,"5000 sqft, 3910 sqft (land) ",(within 0.53 km), Ready to move,7,5,"S$ 6,000 /mo",EW7 Eunos MRT Station,0.53 km
19,Parc Bleu,Partially Furnished Condominium,463 sqft ,262 Joo Chiat Place, Ready to move,1,1,"S$ 1,900 /mo",EW7 Eunos MRT Station,0.76 km
0,Tivoli Grande,Partially Furnished Condominium,797 sqft ,126 Koon Seng Road, Available from 20 May,2,2,"S$ 2,300 /mo",EW7 Eunos MRT Station,0.83 km
1,One @ Pulasan,Fully Furnished Apartment,1034 sqft ,1 Pulasan Road, Ready to move,3,2,"S$ 2,499 /mo",EW7 Eunos MRT Station,0.87 km
2,16 Eunos Crescent,Fully Furnished HDB Apartment,180 sqft ,16 Eunos Crescent, Ready to move,Room,0,S$ 800 /mo,EW7 Eunos MRT Station,0.37 km
3,16 Eunos Crescent,Unfurnished HDB Apartment,150 sqft ,16 Eunos Crescent, S$ 5.20 psf,Room,0,S$ 780 /mo,EW7 Eunos MRT Station,0.37 km
4,Straits Residences,Fully Furnished Apartment,517 sqft ,156 Joo Chiat Place, Ready to move,2,1,"S$ 2,300 /mo",EW7 Eunos MRT Station,0.70 km
5,Aspen Loft,Fully Furnished Condominium,829 sqft ,170 Joo Chiat Terrace, Ready to move,1,1,"S$ 2,350 /mo",EW7 Eunos MRT Station,0.57 km
6,The Ebony,Fully Furnished Condominium,334 sqft ,35 Lorong Marican, Ready to move,1,1,"S$ 1,700 /mo",EW7 Eunos MRT Station,0.58 km
7,Suites@Changi,Fully Furnished Apartment,409 sqft ,226 Changi Road, Ready to move,Studio,0,"S$ 1,700 /mo",EW7 Eunos MRT Station,0.34 km
8,The Amery,Partially Furnished Condominium,1357 sqft ,18 Lorong K Telok Kurau, S$ 2.87 psf,3,3,"S$ 3,900 /mo",EW7 Eunos MRT Station,0.99 km
9,East Shine,Fully Furnished Apartment,980 sqft ,57 Lorong Melayu, Available from 1 May,3,2,"S$ 2,950 /mo",EW7 Eunos MRT Station,0.77 km
10,Tivoli Grande,Partially Furnished Condominium,797 sqft ,126 Koon Seng Road, Available from 17 May,2,2,"S$ 2,400 /mo",EW7 Eunos MRT Station,0.83 km
11,9 Eunos Crescent,Fully Furnished HDB Apartment,150 sqft ,9 Eunos Crescent, Ready to move,Room,0,S$ 750 /mo,EW7 Eunos MRT Station,0.24 km
12,Euhabitat,Partially Furnished Condominium,560 sqft ,208 Jalan Eunos, Ready to move,1,1,"S$ 2,100 /mo",EW7 Eunos MRT Station,0.97 km
13,Maya,Fully Furnished Condominium,980 sqft ,9 Still Road, Ready to move,2,2,"S$ 3,000 /mo",EW7 Eunos MRT Station,0.55 km
14,Euhabitat,Fully Furnished Condominium,904 sqft ,Jalan Eunos, Ready to move,2,2,"S$ 2,800 /mo",EW7 Eunos MRT Station,0.97 km
15,Euhabitat,Partially Furnished Condominium,1027 sqft ,Jalan Eunos, S$ 2.73 psf,2,2,"S$ 2,800 /mo",EW7 Eunos MRT Station,0.97 km
16,415 Eunos Road 5,Fully Furnished HDB Apartment,120 sqft ,415 Eunos Road 5, Ready to move,Room,0,S$ 800 /mo,EW7 Eunos MRT Station,0.66 km
17,17 Lorong 104 Changi,Fully Furnished Semi-Detached House,"3800 sqft, 2500 sqft (land) ",17 Lorong 104 Changi, Ready to move,Room,0,"S$ 1,400 /mo",EW7 Eunos MRT Station,0.42 km
18,Envio,Fully Furnished Condominium,1033 sqft ,281 Joo Chiat Place, Ready to move,2,2,"S$ 3,200 /mo",EW7 Eunos MRT Station,0.83 km
19,Joo Chiat Heritage Colonial Conservation Home With Pool & Gym,Fully Furnished Apartment,1684 sqft ,Joo Chiat Place, Available from 15 May,3,2,"S$ 4,660 /mo",EW7 Eunos MRT Station,0.63 km
0,Suites Twenty Two,Partially Furnished Condominium,893 sqft ,25 Lorong G Telok Kurau, Ready to move,3,3,"S$ 2,980 /mo",EW7 Eunos MRT Station,0.60 km
1,Kembangan Court,Fully Furnished Apartment,800 sqft ,5 Jalan Masjid, Ready to move,2,2,"S$ 2,300 /mo",EW7 Eunos MRT Station,0.99 km
2,The Ebony,Fully Furnished Condominium,334 sqft ,35 Lorong Marican, Ready to move,1,1,"S$ 1,700 /mo",EW7 Eunos MRT Station,0.58 km
3,Parc Bleu,Fully Furnished Condominium,1281 sqft ,262 Joo Chiat Place, Available from 1 May,3,2,"S$ 3,500 /mo",EW7 Eunos MRT Station,0.76 km
4,Tivoli Grande,Fully Furnished Condominium,700 sqft ,126 Koon Seng Road, Ready to move,2,1,"S$ 2,350 /mo",EW7 Eunos MRT Station,0.83 km
5,Joo Chiat Place,Fully Furnished Apartment,786 sqft ,(within 0.81 km), Ready to move,1,2,"S$ 2,050 /mo",EW7 Eunos MRT Station,0.81 km
6,Euhabitat,Partially Furnished Condominium,527 sqft ,Jalan Eunos, Ready to move,1,1,"S$ 2,000 /mo",EW7 Eunos MRT Station,0.97 km
7,Euhabitat,Partially Furnished Condominium,1044 sqft ,Jalan Eunos, Ready to move,2,2,"S$ 3,001 /mo",EW7 Eunos MRT Station,0.97 km
8,Casa Sarina,Fully Furnished Condominium,150 sqft ,101 Lorong Sarina, Ready to move,Room,0,S$ 900 /mo,EW7 Eunos MRT Station,0.42 km
9,East Shine,Fully Furnished Apartment,1054 sqft ,57 Lorong Melayu, Ready to move,3,2,"S$ 2,950 /mo",EW7 Eunos MRT Station,0.77 km
10,Tivoli Grande,Partially Furnished Condominium,850 sqft ,128 Koon Seng Road, Available from 21 Jun,2,2,"S$ 2,600 /mo",EW7 Eunos MRT Station,0.83 km
11,25 Eunos Crescent,Partially Furnished HDB Apartment,630 sqft ,25 Eunos Crescent, Available from 1 May,2,2,"S$ 1,800 /mo",EW7 Eunos MRT Station,0.41 km
12,The Lenox,Fully Furnished Apartment,850 sqft ,398 Changi Road, S$ 3.36 psf,3,3,"S$ 2,858 /mo",EW7 Eunos MRT Station,0.89 km
13,Astoria Park,Fully Furnished Condominium,1174 sqft ,32 Lorong Mydin, Available from 20 Apr,3,2,"S$ 3,400 /mo",EW7 Eunos MRT Station,0.96 km
14,Lotus @ Joo Chiat,Fully Furnished Conservation House,2739 sqft ,89 Joo Chiat Place, Ready to move,3,4,"S$ 8,650 /mo",EW7 Eunos MRT Station,0.69 km
15,Mera East,Partially Furnished Apartment,2077 sqft ,336 Changi Road, Ready to move,3,3,"S$ 4,500 /mo",EW7 Eunos MRT Station,0.62 km
16,Parc Bleu,Fully Furnished Condominium,1141 sqft ,262 Joo Chiat Place, Ready to move,2,2,"S$ 3,000 /mo",EW7 Eunos MRT Station,0.76 km
17,10 Eunos Crescent,Fully Furnished HDB Apartment,150 sqft ,10 Eunos Crescent, S$ 5.67 psf,Room,0,S$ 850 /mo,EW7 Eunos MRT Station,0.29 km
18,Parc Elegance,Fully Furnished Condominium,431 sqft ,15 Telok Kurau Road, Ready to move,Studio,0,"S$ 1,800 /mo",EW7 Eunos MRT Station,0.63 km
19,Astoria Park,Fully Furnished Condominium,958 sqft ,32 Lorong Mydin, Available from 10 May,2,3,"S$ 2,850 /mo",EW7 Eunos MRT Station,0.96 km
0,Galaxy Towers,Partially Furnished Apartment,1421 sqft ,32 Onan Road, Ready to move,3,2,"S$ 2,700 /mo",EW7 Eunos MRT Station,0.87 km
1,Suites@Changi,Fully Furnished Apartment,958 sqft ,226 Changi Road, Ready to move,2,3,"S$ 2,600 /mo",EW7 Eunos MRT Station,0.34 km
2,The Ebony,Fully Furnished Condominium,333 sqft ,35 Lorong Marican, Ready to move,1,1,"S$ 1,700 /mo",EW7 Eunos MRT Station,0.58 km
3,Palmera East,Fully Furnished Apartment,1184 sqft ,29 Lorong Melayu, Available from 1 May,2,2,"S$ 3,000 /mo",EW7 Eunos MRT Station,0.76 km
4,Euhabitat,Unfurnished Condominium,1142 sqft ,Jalan Eunos, Ready to move,3,2,"S$ 3,300 /mo",EW7 Eunos MRT Station,0.97 km
5,Kembangan Court,Partially Furnished Apartment,893 sqft ,5 Jalan Masjid, Ready to move,2,2,"S$ 2,300 /mo",EW7 Eunos MRT Station,0.99 km
6,Euhabitat,Partially Furnished Condominium,527 sqft ,Jalan Eunos, S$ 3.80 psf,Studio,0,"S$ 2,000 /mo",EW7 Eunos MRT Station,0.97 km
7,Lotus @ Joo Chiat,Fully Furnished Apartment,743 sqft ,89 Joo Chiat Place, Ready to move,1,1,"S$ 3,150 /mo",EW7 Eunos MRT Station,0.69 km
8,123 Langsat Road,Fully Furnished Apartment,1280 sqft ,123 Langsat Road, Ready to move,3,2,"S$ 2,799 /mo",EW7 Eunos MRT Station,0.48 km
9,Astoria Park,Fully Furnished Condominium,200 sqft ,34 Lorong Mydin, Ready to move,Room,0,"S$ 1,600 /mo",EW7 Eunos MRT Station,0.96 km
10,Casa Sarina,Fully Furnished Condominium,1200 sqft ,101 Lorong Sarina, Ready to move,3,3,"S$ 3,300 /mo",EW7 Eunos MRT Station,0.42 km
11,Lotus @ Joo Chiat,Fully Furnished Apartment,2740 sqft ,89 Joo Chiat Place, Ready to move,3,2,"S$ 7,950 /mo",EW7 Eunos MRT Station,0.69 km
12,Euro-Asia Lodge,Partially Furnished Apartment,1346 sqft ,96 Joo Chiat Terrace, Ready to move,3,2,"S$ 2,700 /mo",EW7 Eunos MRT Station,0.61 km
13,Residences 88,Partially Furnished Apartment,1001 sqft ,88 Lorong Marican, Ready to move,2,2,"S$ 2,500 /mo",EW7 Eunos MRT Station,0.88 km
14,Deng Fu Ville,Partially Furnished Condominium,1131 sqft ,30 Kampong Eunos, S$ 3.01 psf,3,3,"S$ 3,400 /mo",EW7 Eunos MRT Station,0.35 km
15,Ventura View,Fully Furnished Condominium,861 sqft ,16 Rambutan Road, Ready to move,2,2,"S$ 2,600 /mo",EW7 Eunos MRT Station,0.68 km
16,24 Eunos Crescent,Fully Furnished HDB Apartment,200 sqft ,24 Eunos Crescent, Ready to move,Room,0,S$ 850 /mo,EW7 Eunos MRT Station,0.46 km
17,The Serennia,Fully Furnished Condominium,850 sqft ,16 Pulasan Road, Ready to move,2,1,"S$ 2,580 /mo",EW7 Eunos MRT Station,0.87 km
18,Suites@Changi,Fully Furnished Apartment,409 sqft ,226 Changi Road, Ready to move,1,1,"S$ 1,600 /mo",EW7 Eunos MRT Station,0.34 km
19,Torie Mansion,Unfurnished Condominium,1356 sqft ,77A Everitt Road, Ready to move,3,2,"S$ 2,600 /mo",EW7 Eunos MRT Station,0.87 km
0,Parc Elegance,Fully Furnished Condominium,409 sqft ,15 Telok Kurau Road, Ready to move,Studio,0,"S$ 1,650 /mo",EW7 Eunos MRT Station,0.63 km
1,The Mint Residences,Fully Furnished Condominium,150 sqft ,178 Joo Chiat Terrace, Ready to move,Room,0,S$ 850 /mo,EW7 Eunos MRT Station,0.56 km
2,Shiro,Fully Furnished Apartment,900 sqft ,38 Lorong H Telok Kurau, Available from 15 Jun,2,2,"S$ 2,800 /mo",EW7 Eunos MRT Station,0.63 km
3,11 Haig Road,Partially Furnished HDB Apartment,150 sqft ,11 Haig Road, Ready to move,Room,0,S$ 600 /mo,EW7 Eunos MRT Station,0.93 km
4,346 Ubi Avenue 1,Partially Furnished HDB Apartment,100 sqft ,346 Ubi Avenue 1, Ready to move,Room,0,S$ 650 /mo,EW7 Eunos MRT Station,0.80 km
5,The Lenox,Fully Furnished Apartment,775 sqft ,398 Changi Road, Ready to move,2,2,"S$ 2,400 /mo",EW7 Eunos MRT Station,0.89 km
6,One @ Pulasan,Fully Furnished Apartment,1034 sqft ,1 Pulasan Road, Ready to move,3,3,"S$ 2,699 /mo",EW7 Eunos MRT Station,0.87 km
7,Straits Residences,Partially Furnished Condominium,872 sqft ,156 Joo Chiat Place, Available from 2 May,3,2,"S$ 2,300 /mo",EW7 Eunos MRT Station,0.70 km
8,333 Ubi Avenue 1,Partially Furnished HDB Apartment,1500 sqft ,333 Ubi Avenue 1, S$ 1.87 psf,4,3,"S$ 2,800 /mo",EW7 Eunos MRT Station,0.77 km
9,Astoria Park,Fully Furnished Condominium,958 sqft ,28 Lorong Mydin, Ready to move,2,3,"S$ 2,980 /mo",EW7 Eunos MRT Station,0.96 km
10,Euhabitat,Partially Furnished Condominium,517 sqft ,Jalan Eunos, Ready to move,Studio,0,"S$ 1,900 /mo",EW7 Eunos MRT Station,0.97 km
11,Straits Residences,Fully Furnished Apartment,506 sqft ,156 Joo Chiat Place, Ready to move,2,1,"S$ 2,300 /mo",EW7 Eunos MRT Station,0.70 km
12,110 Lengkong Tiga,Fully Furnished HDB Apartment,150 sqft ,110 Lengkong Tiga, Ready to move,Room,0,S$ 620 /mo,EW7 Eunos MRT Station,0.94 km
13,"Cheapest Common Room At Kembagan, Female Preferred",Fully Furnished Terraced House,200 sqft ,44 Lorong J Telok Kurau, Ready to move,1,1,S$ 800 /mo,EW7 Eunos MRT Station,0.92 km
14,343 Ubi Avenue 1,Fully Furnished HDB Apartment,120 sqft ,343 Ubi Avenue 1, S$ 7.50 psf,Room,0,S$ 900 /mo,EW7 Eunos MRT Station,0.81 km
15,Euhabitat,Fully Furnished Condominium,1302 sqft ,Jalan Eunos, Ready to move,4,3,"S$ 3,900 /mo",EW7 Eunos MRT Station,0.97 km
16,Suites Twenty Two,Fully Furnished Condominium,1200 sqft ,25 Lorong G Telok Kurau, Ready to move,3,3,"S$ 2,800 /mo",EW7 Eunos MRT Station,0.60 km
17,IR53 - Expat Family Dream In The East! Shophouse 3BR!,Partially Furnished Conservation House,2900 sqft ,"Near by Joo Chiat Place, Everitt Rd", Ready to move,3,3,"S$ 8,000 /mo",EW7 Eunos MRT Station,0.75 km
18,IR14 - Sweet Dreams East Coast Heritage Home,Unfurnished Conservation House,866 sqft ,(within 0.74 km), Ready to move,3,2,"S$ 6,000 /mo",EW7 Eunos MRT Station,0.74 km
19,IR25 - It’s A Real Home Our 3 +1 East Colonial Shophouse For Living,Fully Furnished Terraced House,"2800 sqft, 1100 sqft (land) ","Near By Everitt Rd, Joo Chiat Terrace", Ready to move,3,3,"S$ 7,500 /mo",EW7 Eunos MRT Station,0.70 km
0,Casa Sarina,Partially Furnished Condominium,1324 sqft ,101 Lorong Sarina, Ready to move,3,3,"S$ 3,200 /mo",EW7 Eunos MRT Station,0.42 km
1,11 Joo Chiat Place,Partially Furnished Shophouse,150 sqft ,11 Joo Chiat Place, Ready to move,Room,0,"S$ 1,150 /mo",EW7 Eunos MRT Station,0.81 km
2,Parc Bleu,Condominium,1141 sqft ,262 Joo Chiat Place, Ready to move,2,2,"S$ 3,210 /mo",EW7 Eunos MRT Station,0.76 km
3,Le Reve,Partially Furnished Condominium,1669 sqft ,33 Kampong Eunos, Ready to move,3,3,"S$ 4,800 /mo",EW7 Eunos MRT Station,0.33 km
4,Residences 88,Fully Furnished Apartment,1021 sqft ,88 Lorong Marican, Ready to move,2,3,"S$ 2,300 /mo",EW7 Eunos MRT Station,0.88 km
5,Astoria Park,Fully Furnished Condominium,1001 sqft ,28 Lorong Mydin, Available from 1 May,2,3,"S$ 3,000 /mo",EW7 Eunos MRT Station,0.96 km
6,Katong Apartments,Fully Furnished Apartment,1500 sqft ,36A Mangis Road, Ready to move,3,3,"S$ 3,500 /mo",EW7 Eunos MRT Station,0.77 km
7,The Bale,Fully Furnished Apartment,1216 sqft ,10 Lorong H Telok Kurau, Ready to move,3,3,"S$ 3,100 /mo",EW7 Eunos MRT Station,0.63 km
8,The Geranium,Partially Furnished Apartment,1001 sqft ,33 Mangis Road, Ready to move,3,3,"S$ 2,800 /mo",EW7 Eunos MRT Station,0.69 km
9,109 Lengkong Tiga,Fully Furnished HDB Apartment,1120 sqft ,109 Lengkong Tiga, Ready to move,3,2,"S$ 2,400 /mo",EW7 Eunos MRT Station,0.99 km
10,Everitt Edge,Fully Furnished Condominium,431 sqft ,83 Joo Chiat Place, S$ 4.41 psf,1,1,"S$ 1,900 /mo",EW7 Eunos MRT Station,0.69 km
11,Grand Residence,Unfurnished Apartment,1950 sqft ,54 Lorong G Telok Kurau, Ready to move,4,2,"S$ 3,800 /mo",EW7 Eunos MRT Station,0.88 km
12,33 Eunos Crescent,Fully Furnished HDB Apartment,150 sqft ,33 Eunos Crescent, Available from 11 Apr,Room,0,S$ 800 /mo,EW7 Eunos MRT Station,0.30 km
13,Euhabitat,Fully Furnished Condominium,516 sqft ,Jalan Eunos, Available from 1 May,1,1,"S$ 2,200 /mo",EW7 Eunos MRT Station,0.97 km
14,Changi Road,Unfurnished Corner Terrace,"3200 sqft, 3624 sqft (land) ",102 Changi Road, Ready to move,4,2,"S$ 3,499 /mo",EW7 Eunos MRT Station,0.55 km
15,Euhabitat,Partially Furnished Condominium,624 sqft ,206 Jalan Eunos, Ready to move,1,1,"S$ 2,200 /mo",EW7 Eunos MRT Station,0.97 km
16,Suites Twenty Two,Fully Furnished Condominium,893 sqft ,25 Lorong G Telok Kurau, Ready to move,3,2,"S$ 2,700 /mo",EW7 Eunos MRT Station,0.60 km
17,Suites@Changi,Fully Furnished Apartment,409 sqft ,226 Changi Road, Ready to move,Studio,0,"S$ 1,700 /mo",EW7 Eunos MRT Station,0.34 km
18,IR53 - Joo Chiat With Pool And Gym And Parking,Partially Furnished Conservation House,2900 sqft ,"Near by Joo Chiat Place, Everitt Rd", Ready to move,3,3,"S$ 8,000 /mo",EW7 Eunos MRT Station,0.70 km
19,IR14 - On A Little Street In Heritage Singapore,Unfurnished Conservation House,866 sqft ,"Near By Joo Chiat Terrace, Tembeling Rd", Ready to move,3,2,"S$ 6,000 /mo",EW7 Eunos MRT Station,0.74 km
0,IR25 - East! The Mood Is Colonial… Conservation House - Space To Spare,Fully Furnished Conservation House,"2800 sqft, 1100 sqft (land) ","Near By Everitt Rd, Joo Chiat Terrace", Ready to move,3,3,"S$ 7,500 /mo",EW7 Eunos MRT Station,0.69 km
1,Astoria Park,Fully Furnished Condominium,220 sqft ,28 Lorong Mydin, Available from 1 May,Studio,0,"S$ 1,700 /mo",EW7 Eunos MRT Station,0.96 km
2,Langsat Road,Partially Furnished Corner Terrace,"4050 sqft, 2300 sqft (land) ",Langsat Road, Ready to move,6,7,"S$ 9,500 /mo",EW7 Eunos MRT Station,0.53 km
3,Telok Kurau Bungalow,Partially Furnished Bungalow House,"6100 sqft, 7700 sqft (land) ",Lorong G Telok Kurau, Ready to move,6,5,"S$ 13,000 /mo",EW7 Eunos MRT Station,0.81 km
4,The Amery,Partially Furnished Condominium,1357 sqft ,16 Lorong K Telok Kurau, Ready to move,3,3,"S$ 3,900 /mo",EW7 Eunos MRT Station,0.99 km
5,330 Ubi Avenue 1,Fully Furnished HDB Apartment,161 sqft ,330 Ubi Avenue 1, S$ 4.66 psf,Room,0,S$ 750 /mo,EW7 Eunos MRT Station,0.74 km
6,348 Ubi Avenue 1,Fully Furnished HDB Apartment,129 sqft ,348 Ubi Avenue 1, S$ 5.81 psf,Room,0,S$ 750 /mo,EW7 Eunos MRT Station,0.77 km
7,The Heliconia,Partially Furnished Condominium,2145 sqft ,30 Jalan Daud, Ready to move,3,3,"S$ 4,488 /mo",EW7 Eunos MRT Station,0.96 km
8,Euhabitat,Fully Furnished Condominium,517 sqft ,Jalan Eunos, Ready to move,1,1,"S$ 2,100 /mo",EW7 Eunos MRT Station,0.97 km
9,33 Eunos Crescent,Fully Furnished HDB Apartment,150 sqft ,33 Eunos Crescent, Ready to move,Room,0,"S$ 1,000 /mo",EW7 Eunos MRT Station,0.30 km
10,Tivoli Grande,Fully Furnished Condominium,797 sqft ,126 Koon Seng Road, Available from 31 May,2,2,"S$ 2,400 /mo",EW7 Eunos MRT Station,0.83 km
11,Casa Sarina,Partially Furnished Condominium,1109 sqft ,101 Lorong Sarina, Ready to move,3,3,"S$ 3,300 /mo",EW7 Eunos MRT Station,0.42 km
12,SUNSTONE RESIDENCES,Apartment,978 sqft ,51 Jalan Daud, S$ 2.97 psf,3,2,"S$ 2,900 /mo",EW7 Eunos MRT Station,0.95 km
13,Eastellar,Partially Furnished Apartment,1000 sqft ,4 Carpmael Road, Ready to move,3,2,"S$ 2,650 /mo",EW7 Eunos MRT Station,0.90 km
14,Euhabitat,Partially Furnished Condominium,560 sqft ,210 Jalan Eunos, Ready to move,2,1,"S$ 2,150 /mo",EW7 Eunos MRT Station,0.97 km
15,Le Reve,Partially Furnished Condominium,806 sqft ,33 Kampong Eunos, Available from 15 May,2,2,"S$ 2,700 /mo",EW7 Eunos MRT Station,0.33 km
16,Palmera East,Fully Furnished Apartment,431 sqft ,29 Lorong Melayu, Ready to move,1,1,"S$ 1,800 /mo",EW7 Eunos MRT Station,0.76 km
17,The Geranium,Fully Furnished Apartment,980 sqft ,31 Mangis Road, Ready to move,3,3,"S$ 2,800 /mo",EW7 Eunos MRT Station,0.69 km
18,Astoria Park,Fully Furnished Condominium,1195 sqft ,32 Lorong Mydin, Ready to move,3,3,"S$ 3,200 /mo",EW7 Eunos MRT Station,0.96 km
19,D'Fresco,Partially Furnished Apartment,1539 sqft ,58 Joo Chiat Lane, Ready to move,2,2,"S$ 4,000 /mo",EW7 Eunos MRT Station,0.84 km
0,Fruition,Partially Furnished Condominium,1023 sqft ,3 Mangis Road, Ready to move,3,2,"S$ 2,700 /mo",EW7 Eunos MRT Station,0.59 km
1,Suites @ Eunos,Fully Furnished Apartment,721 sqft ,1 Jalan Yasin, Ready to move,2,2,"S$ 2,600 /mo",EW7 Eunos MRT Station,0.30 km
2,JC Ville,Partially Furnished Conservation House,"3300 sqft, 2400 sqft (land) ",Joo Chiat Place, Ready to move,4,4,"S$ 8,200 /mo",EW7 Eunos MRT Station,0.63 km
3,Astoria Park,Partially Furnished Condominium,1195 sqft ,28 Lorong Mydin, Ready to move,3,3,"S$ 3,500 /mo",EW7 Eunos MRT Station,0.96 km
4,Astoria Park,Fully Furnished Condominium,1195 sqft ,28 Lorong Mydin, Ready to move,3,3,"S$ 3,299 /mo",EW7 Eunos MRT Station,0.96 km
5,Euhabitat,Partially Furnished Condominium,905 sqft ,Jalan Eunos, Ready to move,2,2,"S$ 2,800 /mo",EW7 Eunos MRT Station,0.97 km
6,Parc Bleu,Partially Furnished Condominium,1141 sqft ,262 Joo Chiat Place, Ready to move,2,2,"S$ 3,000 /mo",EW7 Eunos MRT Station,0.76 km
7,Casa Sarina,Partially Furnished Condominium,1140 sqft ,101 Lorong Sarina, Ready to move,3,3,"S$ 3,100 /mo",EW7 Eunos MRT Station,0.42 km
8,The Heliconia,Fully Furnished Condominium,1335 sqft ,30 Jalan Daud, S$ 2.25 psf,3,3,"S$ 3,000 /mo",EW7 Eunos MRT Station,0.96 km
9,Euhabitat,Fully Furnished Condominium,818 sqft ,230 Jalan Eunos, Ready to move,2,2,"S$ 2,600 /mo",EW7 Eunos MRT Station,0.97 km
10,Parc Bleu,Fully Furnished Condominium,1141 sqft ,262 Joo Chiat Place, Ready to move,2,2,"S$ 3,000 /mo",EW7 Eunos MRT Station,0.76 km
11,Lotus @ Joo Chiat,Fully Furnished Apartment,1600 sqft ,89 Joo Chiat Place, Ready to move,3,2,"S$ 4,700 /mo",EW7 Eunos MRT Station,0.69 km
12,Gallery 8,Fully Furnished Apartment,560 sqft ,8 Pulasan Road, Available from 15 May,1,1,"S$ 2,100 /mo",EW7 Eunos MRT Station,0.99 km
13,Eunos Park,Fully Furnished Condominium,110 sqft ,5 Kampong Eunos, Ready to move,Room,0,S$ 850 /mo,EW7 Eunos MRT Station,0.35 km
14,Parc Elegance,Fully Furnished Condominium,840 sqft ,15 Telok Kurau Road, Ready to move,1,2,"S$ 2,400 /mo",EW7 Eunos MRT Station,0.63 km
15,Palm Oasis,Fully Furnished Apartment,883 sqft ,51 Lorong H Telok Kurau, Ready to move,2,2,"S$ 2,500 /mo",EW7 Eunos MRT Station,0.73 km
16,Suites Twenty Two,Partially Furnished Condominium,893 sqft ,25 Lorong G Telok Kurau, Ready to move,3,2,"S$ 2,980 /mo",EW7 Eunos MRT Station,0.60 km
17,The Lenox,Partially Furnished Apartment,662 sqft ,398 Changi Road, Ready to move,2,2,"S$ 2,400 /mo",EW7 Eunos MRT Station,0.89 km
18,8 Lorong G Telok Kurau,Partially Furnished Bungalow House,"6100 sqft, 7700 sqft (land) ",Telok Kurau, Ready to move,6,5,"S$ 15,000 /mo",EW7 Eunos MRT Station,0.51 km
19,83 Langsat Road,Partially Furnished Corner Terrace,"4050 sqft, 2300 sqft (land) ",83 Langsat Road, S$ 4.13 psf,6,7,"S$ 9,500 /mo",EW7 Eunos MRT Station,0.47 km
0,Parc Bleu,Fully Furnished Condominium,1141 sqft ,262 Joo Chiat Place, Ready to move,2,2,"S$ 3,000 /mo",EW7 Eunos MRT Station,0.76 km
1,Lorong Mydin,Partially Furnished Semi-Detached House,"3423 sqft, 3200 sqft (land) ",lorong mydin, Available from 28 Apr,4,3,"S$ 5,800 /mo",EW7 Eunos MRT Station,0.89 km
2,2D Geylang Serai,Partially Furnished HDB Apartment,1023 sqft ,2D Geylang Serai, Available from 1 Jul,3,2,"S$ 2,700 /mo",EW7 Eunos MRT Station,0.69 km
3,Sunshine Regency,Fully Furnished Apartment,1151 sqft ,9 Rambai Road, Ready to move,2,3,"S$ 2,800 /mo",EW7 Eunos MRT Station,0.97 km
4,Kembangan Court,Partially Furnished Apartment,850 sqft ,5 Jalan Masjid, Ready to move,2,2,"S$ 2,200 /mo",EW7 Eunos MRT Station,0.99 km
5,Suites@Changi,Fully Furnished Apartment,409 sqft ,226 Changi Road, Ready to move,Studio,0,"S$ 1,600 /mo",EW7 Eunos MRT Station,0.34 km
6,D'Palma,Fully Furnished Apartment,968 sqft ,18 Lorong Mydin, Available from 15 Apr,2,2,"S$ 2,700 /mo",EW7 Eunos MRT Station,0.94 km
7,Astoria Park,Fully Furnished Condominium,958 sqft ,36 Lorong Mydin, Ready to move,2,2,"S$ 3,000 /mo",EW7 Eunos MRT Station,0.96 km
8,Joo Chiat Terrace,Partially Furnished Terraced House,"1200 sqft, 1200 sqft (land) ",joo chiat terrace, Ready to move,3,2,"S$ 3,000 /mo",EW7 Eunos MRT Station,0.53 km
9,The Heliconia,Condominium,2133 sqft ,30 Jalan Daud, Ready to move,3,3,"S$ 4,488 /mo",EW7 Eunos MRT Station,0.96 km
10,Palm Oasis,Apartment,1000 sqft ,51 Lorong H Telok Kurau, Ready to move,3,2,"S$ 3,100 /mo",EW7 Eunos MRT Station,0.73 km
11,Ventura View,Fully Furnished Condominium,581 sqft ,16 Rambutan Road, Ready to move,1,1,"S$ 1,800 /mo",EW7 Eunos MRT Station,0.68 km
12,Lor 104 Changi Road,Unfurnished Walk-up,1400 sqft ,2A Lor 104 Changi Road, Available from 25 Apr,3,2,"S$ 2,700 /mo",EW7 Eunos MRT Station,0.41 km
13,The Ebony,Partially Furnished Condominium,334 sqft ,35 Lorong Marican, Ready to move,1,1,"S$ 1,700 /mo",EW7 Eunos MRT Station,0.58 km
14,Tivoli Grande,Partially Furnished Condominium,850 sqft ,126 Koon Seng Road, Ready to move,2,2,"S$ 2,800 /mo",EW7 Eunos MRT Station,0.83 km
15,Lotus @ Joo Chiat,Fully Furnished Apartment,438 sqft ,89 Joo Chiat Place, Ready to move,1,1,"S$ 2,110 /mo",EW7 Eunos MRT Station,0.69 km
16,Langsat Road,Partially Furnished Corner Terrace,"4050 sqft, 2300 sqft (land) ",Langsat Road, Ready to move,6,7,"S$ 9,500 /mo",EW7 Eunos MRT Station,0.49 km
17,Astoria Park,Fully Furnished Condominium,1195 sqft ,34 Lorong Mydin, Ready to move,Room,0,"S$ 1,100 /mo",EW7 Eunos MRT Station,0.96 km
18,Parc Elegance,Condominium,947 sqft ,15 Telok Kurau Road, Available from 16 May,3,2,"S$ 3,000 /mo",EW7 Eunos MRT Station,0.63 km
19,Crane Road,Fully Furnished Shophouse,"1200 sqft, 100 sqft (land) ",Crane road, Ready to move,3,1,"S$ 2,800 /mo",EW7 Eunos MRT Station,0.89 km
0,Everitt Edge,Fully Furnished Condominium,840 sqft ,83 Joo Chiat Place, S$ 2.98 psf,2,2,"S$ 2,500 /mo",EW7 Eunos MRT Station,0.69 km
1,Eunosville,Fully Furnished Apartment,160 sqft ,832 Sims Avenue, Ready to move,Room,0,S$ 800 /mo,EW7 Eunos MRT Station,0.26 km
2,J Court,Unfurnished Apartment,1185 sqft ,10 - 10F Lorong J Telok Kurau, Ready to move,3,2,"S$ 3,400 /mo",EW7 Eunos MRT Station,0.93 km
3,Kembangan Court,Fully Furnished Apartment,786 sqft ,5 Jalan Masjid, Ready to move,2,2,"S$ 2,400 /mo",EW7 Eunos MRT Station,0.99 km
4,Celestia,Fully Furnished Apartment,200 sqft ,160 Joo Chiat Terrace, S$ 4.50 psf,1,1,S$ 900 /mo,EW7 Eunos MRT Station,0.60 km
5,Joo Chiat Place,Partially Furnished Shophouse,"1300 sqft, 1337 sqft (land) ",(within 0.76 km), Ready to move,1,1,"S$ 3,100 /mo",EW7 Eunos MRT Station,0.76 km
6,Onan Suites,Fully Furnished Condominium,840 sqft ,215 Onan Road, Ready to move,3,2,"S$ 2,800 /mo",EW7 Eunos MRT Station,0.96 km
7,4 Joo Chiat Road,Fully Furnished HDB Apartment,200 sqft ,4 Joo Chiat Road, Ready to move,Room,0,S$ 850 /mo,EW7 Eunos MRT Station,0.74 km
8,Parc Elegance,Partially Furnished Condominium,452 sqft ,15 Telok Kurau Road, Ready to move,Studio,0,"S$ 1,900 /mo",EW7 Eunos MRT Station,0.63 km
9,Kembangan Court,Partially Furnished Apartment,850 sqft ,5 Jalan Masjid, Ready to move,2,2,"S$ 2,400 /mo",EW7 Eunos MRT Station,0.99 km
10,Joo Chiat Terrace Conservation House,Partially Furnished Conservation House,"2000 sqft, 861 sqft (land) ",Joo Chiat Terrace, Ready to move,4,2,"S$ 5,200 /mo",EW7 Eunos MRT Station,0.74 km
11,Stillz Residence,Fully Furnished Apartment,980 sqft ,15 Lorong 108 Changi, Available from 20 Apr,2,2,"S$ 3,000 /mo",EW7 Eunos MRT Station,0.42 km
12,Boon Court,Partially Furnished Walk-up,1450 sqft ,155 Still Road, Ready to move,3,2,"S$ 2,800 /mo",EW7 Eunos MRT Station,0.54 km
13,Palmera East,Fully Furnished Apartment,970 sqft ,29 Lorong Melayu, Ready to move,2,2,"S$ 2,850 /mo",EW7 Eunos MRT Station,0.76 km
14,On A Little Street In Heritage Singapore,Unfurnished Conservation House,866 sqft ,"Near By Joo Chiat Terrace, Tembeling Rd", Ready to move,3,2,"S$ 6,001 /mo",EW7 Eunos MRT Station,0.74 km
15,Super Large On The Inside! 3+1 Joo Chiat Home With Nice Terrace/ Huge Bedrooms,Fully Furnished Conservation House,"2800 sqft, 1100 sqft (land) ","Near By Everitt Rd, Joo Chiat Terrace", Ready to move,3,3,"S$ 7,501 /mo",EW7 Eunos MRT Station,0.70 km
16,Joo Chiat 3+1 W/ Pool And Gym And Parking ! (no Pets),Partially Furnished Shophouse,2900 sqft ,"Near by Joo Chiat Place, Everitt Rd", S$ 2.76 psf,3,3,"S$ 8,003 /mo",EW7 Eunos MRT Station,0.64 km
17,Everitt Edge,Fully Furnished Condominium,650 sqft ,83 Joo Chiat Place, Available from 1 Jul,2,2,"S$ 2,500 /mo",EW7 Eunos MRT Station,0.69 km
18,Celestia,Partially Furnished Apartment,1033 sqft ,160 Joo Chiat Terrace, Available from 7 Jul,2,3,"S$ 2,900 /mo",EW7 Eunos MRT Station,0.60 km
19,Parc Elegance,Partially Furnished Condominium,409 sqft ,15 Telok Kurau Road, S$ 4.89 psf,Studio,0,"S$ 1,999 /mo",EW7 Eunos MRT Station,0.63 km
0,415 Eunos Road 5,Partially Furnished HDB Apartment,1507 sqft ,415 Eunos Road 5, Ready to move,3,2,"S$ 2,700 /mo",EW7 Eunos MRT Station,0.66 km
1,Euhabitat,Partially Furnished Condominium,549 sqft ,Jalan Eunos, Ready to move,1,1,"S$ 2,000 /mo",EW7 Eunos MRT Station,0.97 km
2,Euhabitat,Partially Furnished Condominium,527 sqft ,202 Jalan Eunos, Ready to move,Studio,0,"S$ 1,900 /mo",EW7 Eunos MRT Station,0.97 km
3,Euhabitat,Partially Furnished Condominium,560 sqft ,202 Jalan Eunos, S$ 4.11 psf,1,1,"S$ 2,300 /mo",EW7 Eunos MRT Station,0.97 km
4,Euhabitat,Partially Furnished Condominium,517 sqft ,286 Jalan Eunos, Ready to move,Studio,0,"S$ 1,900 /mo",EW7 Eunos MRT Station,0.97 km
5,Astoria Park,Partially Furnished Condominium,1173 sqft ,28 Lorong Mydin, Available from 1 May,3,2,"S$ 3,400 /mo",EW7 Eunos MRT Station,0.96 km
6,415 Eunos Road 5,Fully Furnished HDB Apartment,171 sqft ,415 Eunos Road 5, Ready to move,Room,0,S$ 800 /mo,EW7 Eunos MRT Station,0.66 km
7,Suites Twenty Two,Partially Furnished Condominium,1206 sqft ,25 Lorong G Telok Kurau, Ready to move,3,2,"S$ 2,750 /mo",EW7 Eunos MRT Station,0.60 km
8,33 Eunos Crescent,Fully Furnished HDB Apartment,1000 sqft ,33 Eunos Crescent, Ready to move,2,2,"S$ 1,600 /mo",EW7 Eunos MRT Station,0.30 km
9,Apartment @ Mins To Paya Lebar/Dakota Mrt,Partially Furnished Apartment,1000 sqft ,Carpmael Road, Ready to move,3,2,"S$ 2,649 /mo",EW7 Eunos MRT Station,0.89 km
10,Astoria Park,Fully Furnished Condominium,200 sqft ,32 Lorong Mydin, Ready to move,Room,0,"S$ 1,300 /mo",EW7 Eunos MRT Station,0.96 km
11,Suites @ Eunos,Fully Furnished Condominium,366 sqft ,1 Jalan Yasin, Ready to move,1,1,"S$ 1,900 /mo",EW7 Eunos MRT Station,0.30 km
12,Parc Bleu,Partially Furnished Condominium,463 sqft ,262 Joo Chiat Place, Ready to move,1,1,"S$ 1,900 /mo",EW7 Eunos MRT Station,0.76 km
13,Parc Elegance,Fully Furnished Condominium,840 sqft ,15 Telok Kurau Road, Ready to move,1,1,"S$ 2,400 /mo",EW7 Eunos MRT Station,0.63 km
14,Stillz Residence,Fully Furnished Apartment,980 sqft ,15 Lorong 108 Changi, Ready to move,2,2,"S$ 2,999 /mo",EW7 Eunos MRT Station,0.42 km
15,Parc Elegance,Partially Furnished Condominium,398 sqft ,15 Telok Kurau Road, Ready to move,Studio,0,"S$ 1,700 /mo",EW7 Eunos MRT Station,0.63 km
16,Le Reve,Partially Furnished Condominium,807 sqft ,33 Kampong Eunos, Available from 15 May,2,2,"S$ 2,500 /mo",EW7 Eunos MRT Station,0.33 km
17,Suites @ Eunos,Fully Furnished Condominium,366 sqft ,1 Jalan Yasin, Ready to move,1,1,"S$ 1,799 /mo",EW7 Eunos MRT Station,0.30 km
18,Suites@Changi,Partially Furnished Apartment,441 sqft ,226 Changi Road, Ready to move,1,1,"S$ 1,800 /mo",EW7 Eunos MRT Station,0.34 km
19,Palmera East,Partially Furnished Apartment,431 sqft ,29 Lorong Melayu, Ready to move,1,1,"S$ 1,800 /mo",EW7 Eunos MRT Station,0.76 km
0,34 Lorong 105 Changi,Fully Furnished Terraced House,"4500 sqft, 2200 sqft (land) ",(within 0.39 km), S$ 0.45 psf,Room,0,"S$ 1,000 /mo",EW7 Eunos MRT Station,0.39 km
1,Lotus @ Joo Chiat,Partially Furnished Conservation House,"2740 sqft, 1000 sqft (land) ",89 Joo Chiat Place, Ready to move,3,4,"S$ 8,000 /mo",EW7 Eunos MRT Station,0.69 km
2,Eastellar,Partially Furnished Apartment,1000 sqft ,4 Carpmael Road, Ready to move,3,2,"S$ 2,699 /mo",EW7 Eunos MRT Station,0.90 km
3,Legenda @ Joo Chiat,Unfurnished Apartment,1464 sqft ,23 Joo Chiat Lane, Ready to move,3,3,"S$ 4,300 /mo",EW7 Eunos MRT Station,0.76 km
4,Lotus At Joo Chiat,Partially Furnished Shophouse,2740 sqft ,89 Joo Chiat Place, Ready to move,3,2,"S$ 7,950 /mo",EW7 Eunos MRT Station,0.68 km
5,Straits Residences,Fully Furnished Apartment,500 sqft ,154 Joo Chiat Place, Ready to move,1,1,"S$ 1,850 /mo",EW7 Eunos MRT Station,0.70 km
6,Ladies Environment - Aircon Room @ Eunos - Near MRT,Fully Furnished HDB Apartment,150 sqft ,Eunos Crescent, S$ 4.67 psf,Room,0,S$ 700 /mo,EW7 Eunos MRT Station,0.26 km
7,Residences 88,Partially Furnished Apartment,1021 sqft ,88 Lorong Marican, Ready to move,1,1,"S$ 2,500 /mo",EW7 Eunos MRT Station,0.88 km
8,"Conservation With Facilities! Pool. Playground, Gym, Parking 3+1",Partially Furnished Conservation House,2900 sqft ,"Near by Joo Chiat Place, Everitt Rd", S$ 2.76 psf,3,3,"S$ 8,002 /mo",EW7 Eunos MRT Station,0.64 km
9,Euhabitat,Fully Furnished Condominium,635 sqft ,208 Jalan Eunos, Ready to move,1,1,"S$ 2,600 /mo",EW7 Eunos MRT Station,0.97 km
10,That Thrilling 3 Bed Peranakan In Joo Chiat,Unfurnished Conservation House,866 sqft ,"Near By Joo Chiat Terrace, Tembeling Rd", Ready to move,3,2,"S$ 6,001 /mo",EW7 Eunos MRT Station,0.75 km
11,11 Joo Chiat Place,Fully Furnished Walk-up,250 sqft ,11 Joo Chiat Place, Available from 1 May,Studio,0,"S$ 1,300 /mo",EW7 Eunos MRT Station,0.81 km
12,Casa Sarina,Unfurnished Condominium,1141 sqft ,101 Lorong Sarina, Ready to move,3,3,"S$ 2,900 /mo",EW7 Eunos MRT Station,0.42 km
13,Casa Sarina,Fully Furnished Condominium,1141 sqft ,101 Lorong Sarina, Ready to move,3,3,"S$ 3,000 /mo",EW7 Eunos MRT Station,0.42 km
14,Suites@Changi,Partially Furnished Apartment,410 sqft ,226 Changi Road, Ready to move,Studio,0,"S$ 1,700 /mo",EW7 Eunos MRT Station,0.34 km
15,Parc Elegance,Fully Furnished Condominium,947 sqft ,15 Telok Kurau Road, Available from 20 May,3,2,"S$ 3,000 /mo",EW7 Eunos MRT Station,0.63 km
16,G Residences,Partially Furnished Condominium,786 sqft ,50 Lorong G Telok Kurau, Ready to move,2,2,"S$ 3,300 /mo",EW7 Eunos MRT Station,0.78 km
17,The Lenox,Fully Furnished Apartment,431 sqft ,398 Changi Road, Ready to move,1,1,"S$ 2,000 /mo",EW7 Eunos MRT Station,0.89 km
18,***** CONVENIENTLY LOCATED HOUSE IN JOO CHIAT ***** RECENTLY BUILT ***** WELL MAINTAINED IN D15,Fully Furnished Terraced House,"3194 sqft, 1281 sqft (land) ",joo chiat, Ready to move,4,5,"S$ 7,000 /mo",EW7 Eunos MRT Station,0.68 km
19,Suites Twenty Two,Partially Furnished Condominium,893 sqft ,25 Lorong G Telok Kurau, Ready to move,3,2,"S$ 2,950 /mo",EW7 Eunos MRT Station,0.60 km
0,"110 Changi Road, Singapore",Semi-Detached House,"450 sqft, 3000 sqft (land) ",(within 0.41 km), Available from 15 Apr,Room,0,"S$ 1,450 /mo",EW7 Eunos MRT Station,0.41 km
1,11 Eunos Crescent,Unfurnished HDB Apartment,200 sqft ,11 Eunos Crescent, Ready to move,Room,0,"S$ 1,100 /mo",EW7 Eunos MRT Station,0.25 km
2,11 Eunos Crescent,Unfurnished HDB Apartment,150 sqft ,11 Eunos Crescent, Ready to move,Room,0,S$ 700 /mo,EW7 Eunos MRT Station,0.25 km
3,34 Eunos Crescent,Partially Furnished HDB Apartment,900 sqft ,34 Eunos Crescent, Ready to move,3,2,"S$ 2,800 /mo",EW7 Eunos MRT Station,0.31 km
4,The Ebony,Partially Furnished Condominium,334 sqft ,35 Lorong Marican, Ready to move,1,1,"S$ 1,900 /mo",EW7 Eunos MRT Station,0.58 km
5,The Geranium,Partially Furnished Apartment,980 sqft ,31 Mangis Road, Available from 1 Jun,3,3,"S$ 3,000 /mo",EW7 Eunos MRT Station,0.69 km
6,Conservation House With Pool And Gym,Partially Furnished Conservation House,"2741 sqft, 1600 sqft (land) ",88 Joo Chiat Place, S$ 4.94 psf,3,4,"S$ 7,900 /mo",EW7 Eunos MRT Station,0.69 km
7,Suites @ Eunos,Fully Furnished Condominium,366 sqft ,1 Jalan Yasin, Ready to move,1,1,"S$ 1,800 /mo",EW7 Eunos MRT Station,0.30 km
8,Joo Chiat Place,Fully Furnished Walk-up,780 sqft ,11 Joo Chiat Place, Ready to move,1,1,"S$ 2,100 /mo",EW7 Eunos MRT Station,0.84 km
9,Euhabitat,Fully Furnished Condominium,1303 sqft ,Jalan Eunos, Ready to move,4,3,"S$ 4,300 /mo",EW7 Eunos MRT Station,0.97 km
10,D'Oasia,Fully Furnished Condominium,1100 sqft ,11 Lorong Melayu, Ready to move,3,2,"S$ 3,300 /mo",EW7 Eunos MRT Station,0.77 km
11,Deng Fu Ville,Fully Furnished Apartment,1378 sqft ,30 Kampong Eunos, Available from 1 Jul,3,3,"S$ 3,688 /mo",EW7 Eunos MRT Station,0.37 km
12,Newly Renovated Conservation House On Joo Chiat Place,Unfurnished Conservation House,3563 sqft ,Joo Chiat Place, Ready to move,4,4,"S$ 8,000 /mo",EW7 Eunos MRT Station,0.70 km
13,Jing Suites,Fully Furnished Apartment,559 sqft ,Changi Road, Ready to move,2,1,"S$ 2,588 /mo",EW7 Eunos MRT Station,0.41 km
14,"Jing Suites, 275 Changi Road",Fully Furnished Apartment,400 sqft ,(within 0.39 km), Ready to move,1,1,"S$ 2,188 /mo",EW7 Eunos MRT Station,0.39 km
15,Jing Suites,Fully Furnished Apartment,246 sqft ,275 Changi Road, Ready to move,Studio,0,"S$ 1,500 /mo",EW7 Eunos MRT Station,0.41 km
16,"Jing Suites, 275 Changi Road",Fully Furnished Apartment,382 sqft ,(within 0.39 km), Ready to move,Studio,0,"S$ 1,750 /mo",EW7 Eunos MRT Station,0.39 km
17,Deng Fu Ville,Partially Furnished Condominium,153 sqft ,30 Kampong Eunos, Ready to move,3,3,"S$ 3,600 /mo",EW7 Eunos MRT Station,0.35 km
18,The Ebony,Partially Furnished Condominium,344 sqft ,35 Lorong Marican, Ready to move,1,1,"S$ 1,750 /mo",EW7 Eunos MRT Station,0.58 km
19,Astoria Park,Fully Furnished Condominium,300 sqft ,28 Lorong Mydin, S$ 5.67 psf,Studio,0,"S$ 1,700 /mo",EW7 Eunos MRT Station,0.96 km
0,Kembangan Court,Partially Furnished Apartment,786 sqft ,5 Jalan Masjid, Ready to move,2,2,"S$ 2,200 /mo",EW7 Eunos MRT Station,0.99 km
1,Jupiter 18,Partially Furnished Condominium,431 sqft ,18 Lorong 102 Changi, Available from 1 May,1,1,"S$ 1,800 /mo",EW7 Eunos MRT Station,0.54 km
2,Astoria Park,Fully Furnished Condominium,1001 sqft ,34 Lorong Mydin, Ready to move,2,3,"S$ 2,950 /mo",EW7 Eunos MRT Station,0.96 km
3,Euhabitat,Partially Furnished Condominium,1184 sqft ,216 Jalan Eunos, Available from 1 May,3,2,"S$ 3,300 /mo",EW7 Eunos MRT Station,0.97 km
4,The Ebony,Fully Furnished Condominium,344 sqft ,35 Lorong Marican, Ready to move,1,1,"S$ 1,800 /mo",EW7 Eunos MRT Station,0.58 km
5,Eastern Residence,Partially Furnished Condominium,1054 sqft ,285 Joo Chiat Place, Ready to move,2,2,"S$ 3,000 /mo",EW7 Eunos MRT Station,0.76 km
6,The Ebony,Partially Furnished Condominium,366 sqft ,35 Lorong Marican, Available from 15 Apr,1,1,"S$ 1,750 /mo",EW7 Eunos MRT Station,0.58 km
7,Parc Bleu,Condominium,1141 sqft ,262 Joo Chiat Place, Ready to move,2,2,"S$ 2,988 /mo",EW7 Eunos MRT Station,0.76 km
8,Jing Suites,Fully Furnished Apartment,394 sqft ,(within 0.39 km), S$ 6.35 psf,1,1,"S$ 2,500 /mo",EW7 Eunos MRT Station,0.39 km
9,Parc Elegance,Partially Furnished Condominium,600 sqft ,15 Telok Kurau Road, Ready to move,2,1,"S$ 2,300 /mo",EW7 Eunos MRT Station,0.63 km
10,Ivory,Partially Furnished Apartment,1745 sqft ,15 Ceylon Lane, Ready to move,3,2,"S$ 3,800 /mo",EW7 Eunos MRT Station,0.98 km
11,343 Ubi Avenue 1,Fully Furnished HDB Apartment,175 sqft ,343 Ubi Avenue 1, Ready to move,1,1,"S$ 1,000 /mo",EW7 Eunos MRT Station,0.81 km
12,D15 Landed Carpmael Rd Terrace House,Fully Furnished Terraced House,"300 sqft, 1800 sqft (land) ",Carpmael road, Ready to move,Room,0,S$ 750 /mo,EW7 Eunos MRT Station,0.99 km
13,Sunshine Regency,Apartment,1151 sqft ,9 Rambai Road, Ready to move,2,3,"S$ 2,700 /mo",EW7 Eunos MRT Station,0.97 km
14,Lorong 110 Changi Road,Fully Furnished Semi-Detached House,"150 sqft, 3100 sqft (land) ",21 110 Changi Road, S$ 0.27 psf,Room,0,S$ 850 /mo,EW7 Eunos MRT Station,0.80 km
15,Suites Twenty Two,Partially Furnished Condominium,893 sqft ,25 Lorong G Telok Kurau, Ready to move,3,2,"S$ 2,980 /mo",EW7 Eunos MRT Station,0.60 km
16,10 Eunos Crescent,Fully Furnished HDB Apartment,150 sqft ,10 Eunos Crescent, Ready to move,Room,0,S$ 850 /mo,EW7 Eunos MRT Station,0.29 km
17,Astoria Park,Fully Furnished Condominium,1195 sqft ,32 Lorong Mydin, Ready to move,3,3,"S$ 3,400 /mo",EW7 Eunos MRT Station,0.96 km
18,Eunos Park,Partially Furnished Condominium,1700 sqft ,5 Kampong Eunos, S$ 2.12 psf,3,2,"S$ 3,600 /mo",EW7 Eunos MRT Station,0.35 km
19,Palmera East,Fully Furnished Apartment,560 sqft ,29 Lorong Melayu, Available from 1 May,2,1,"S$ 2,300 /mo",EW7 Eunos MRT Station,0.76 km
0,25 Eunos Crescent,Partially Furnished HDB Apartment,646 sqft ,25 Eunos Crescent, Ready to move,2,2,"S$ 2,200 /mo",EW7 Eunos MRT Station,0.41 km
1,Astoria Park,Condominium,1195 sqft ,32 Lorong Mydin, Ready to move,3,3,"S$ 3,500 /mo",EW7 Eunos MRT Station,0.96 km
2,Casa Sarina,Partially Furnished Condominium,1109 sqft ,101 Lorong Sarina, Ready to move,3,3,"S$ 3,200 /mo",EW7 Eunos MRT Station,0.42 km
3,Vicenta Lodge,Fully Furnished Condominium,1270 sqft ,20 Lorong Marzuki, Ready to move,3,2,"S$ 3,500 /mo",EW7 Eunos MRT Station,0.69 km
4,D'Oasia,Fully Furnished Condominium,1100 sqft ,13 Lorong Melayu, Ready to move,3,2,"S$ 3,300 /mo",EW7 Eunos MRT Station,0.77 km
5,16 Eunos Crescent,HDB Apartment,645 sqft ,16 Eunos Crescent, Ready to move,2,2,"S$ 1,850 /mo",EW7 Eunos MRT Station,0.37 km
6,Jln Ishak Landed For Rent,Partially Furnished Terraced House,"2800 sqft, 2800 sqft (land) ",Jln Ishak, Ready to move,5,4,"S$ 5,280 /mo",EW7 Eunos MRT Station,0.77 km
7,417 Eunos Road 5,Partially Furnished HDB Apartment,1120 sqft ,417 Eunos Road 5, Ready to move,3,2,"S$ 2,400 /mo",EW7 Eunos MRT Station,0.72 km
8,Shophouse Conservation Unit At Joo Chiat,Fully Furnished Conservation House,1400 sqft ,joo chiat place, Ready to move,2,1,"S$ 3,500 /mo",EW7 Eunos MRT Station,0.67 km
9,Tivoli Grande,Fully Furnished Condominium,797 sqft ,128 Koon Seng Road, Available from 20 May,2,2,"S$ 2,700 /mo",EW7 Eunos MRT Station,0.83 km
10,Parc Bleu,Fully Furnished Condominium,1148 sqft ,262 Joo Chiat Place, Ready to move,2,2,"S$ 3,200 /mo",EW7 Eunos MRT Station,0.76 km
11,33 Eunos Crescent,Fully Furnished HDB Apartment,200 sqft ,33 Eunos Crescent, Ready to move,Room,0,S$ 850 /mo,EW7 Eunos MRT Station,0.30 km
12,846 Sims Avenue,Fully Furnished HDB Apartment,130 sqft ,846 Sims Avenue, Available from 1 May,Room,0,S$ 700 /mo,EW7 Eunos MRT Station,0.30 km
13,Parc Bleu,Fully Furnished Condominium,463 sqft ,262 Joo Chiat Place, Available from 10 May,1,1,"S$ 2,000 /mo",EW7 Eunos MRT Station,0.76 km
14,Euhabitat,Partially Furnished Condominium,936 sqft ,Jalan Eunos, Ready to move,2,2,"S$ 2,800 /mo",EW7 Eunos MRT Station,0.97 km
15,Onan Suites,Fully Furnished Condominium,840 sqft ,215 Onan Road, Ready to move,3,2,"S$ 2,800 /mo",EW7 Eunos MRT Station,0.96 km
16,Lotus @ Joo Chiat,Partially Furnished Conservation House,"2700 sqft, 1500 sqft (land) ",89 Joo Chiat Place, Ready to move,3,4,"S$ 7,950 /mo",EW7 Eunos MRT Station,0.69 km
17,Lotus @ Joo Chiat,Fully Furnished Apartment,743 sqft ,89 Joo Chiat Place, Ready to move,1,1,"S$ 3,150 /mo",EW7 Eunos MRT Station,0.69 km
18,3 Rooms Eunos For Rent,Partially Furnished HDB Apartment,635 sqft ,400018, Available from 1 May,2,2,"S$ 1,780 /mo",EW7 Eunos MRT Station,0.48 km
19,Millage,Fully Furnished Condominium,506 sqft ,55 Changi Road, Available from 1 May,2,1,"S$ 2,500 /mo",EW7 Eunos MRT Station,0.58 km
0,Maya,Fully Furnished Condominium,538 sqft ,9 Still Road, Ready to move,1,1,"S$ 2,100 /mo",EW7 Eunos MRT Station,0.55 km
1,4 Joo Chiat Road,Fully Furnished HDB Apartment,1200 sqft ,(within 0.74 km), Available from 5 May,3,2,"S$ 2,500 /mo",EW7 Eunos MRT Station,0.74 km
2,D'Casita,Fully Furnished Condominium,539 sqft ,38 Lorong Marzuki, Ready to move,1,1,"S$ 2,000 /mo",EW7 Eunos MRT Station,0.69 km
3,36 Joo Chiat Place,Partially Furnished Conservation House,"1200 sqft, 1200 sqft (land) ",36 JOO CHIAT PLACE, S$ 2.50 psf,1,2,"S$ 3,000 /mo",EW7 Eunos MRT Station,0.76 km
4,The Ebony,Partially Furnished Condominium,345 sqft ,35 Lorong Marican, Ready to move,1,1,"S$ 1,700 /mo",EW7 Eunos MRT Station,0.58 km
5,"Still Rd, Singapore",Fully Furnished Condominium,400 sqft ,(within 0.87 km), S$ 4.25 psf,Studio,0,"S$ 1,700 /mo",EW7 Eunos MRT Station,0.87 km
6,1A Jalan Awang,Fully Furnished Semi-Detached House,"5000 sqft, 3910 sqft (land) ",1A Jalan Awang Singapore 419644, Ready to move,6,5,"S$ 6,000 /mo",EW7 Eunos MRT Station,0.56 km
7,20 Eunos Crescent,Unfurnished HDB Apartment,710 sqft ,20 Eunos Crescent, Ready to move,3,1,"S$ 1,980 /mo",EW7 Eunos MRT Station,0.54 km
8,G Residences,Partially Furnished Condominium,500 sqft ,50 Lorong G Telok Kurau, Ready to move,2,1,"S$ 2,200 /mo",EW7 Eunos MRT Station,0.78 km
9,Casa Sarina,Fully Furnished Condominium,1131 sqft ,103 Lorong Sarina, Ready to move,3,2,"S$ 3,300 /mo",EW7 Eunos MRT Station,0.42 km
10,The Ebony,Fully Furnished Condominium,480 sqft ,35 Lorong Marican, Ready to move,1,1,"S$ 1,750 /mo",EW7 Eunos MRT Station,0.58 km
11,17 Eunos Crescent,Fully Furnished HDB Apartment,635 sqft ,17 Eunos Crescent, Ready to move,2,1,"S$ 1,800 /mo",EW7 Eunos MRT Station,0.41 km
12,Walk Up Apartment,Fully Furnished Walk-up,1108 sqft ,35 lorong k telok kurau, Ready to move,3,2,"S$ 3,300 /mo",EW7 Eunos MRT Station,0.98 km
13,H Residences,Fully Furnished Condominium,400 sqft ,50A Lorong H Telok Kurau, Ready to move,Room,0,"S$ 1,100 /mo",EW7 Eunos MRT Station,0.65 km
14,D'Oasia,Fully Furnished Condominium,571 sqft ,11 Lorong Melayu, Ready to move,1,1,"S$ 2,200 /mo",EW7 Eunos MRT Station,0.77 km
15,Suites Twenty Two,Fully Furnished Condominium,1098 sqft ,25 Lorong G Telok Kurau, Ready to move,3,2,"S$ 3,300 /mo",EW7 Eunos MRT Station,0.60 km
16,Park Court,Fully Furnished Condominium,200 sqft ,9 Lorong 101 Changi, Ready to move,Room,0,S$ 850 /mo,EW7 Eunos MRT Station,0.59 km
17,The Ebony,Partially Furnished Condominium,334 sqft ,35 Lorong Marican, S$ 5.39 psf,1,1,"S$ 1,800 /mo",EW7 Eunos MRT Station,0.58 km
18,The Ebony,Partially Furnished Condominium,366 sqft ,35 Lorong Marican, Ready to move,1,1,"S$ 1,800 /mo",EW7 Eunos MRT Station,0.58 km
19,2B Geylang Serai,HDB Apartment,1000 sqft ,2B Geylang Serai, Ready to move,Room,0,S$ 650 /mo,EW7 Eunos MRT Station,0.69 km
0,The Champagne,Fully Furnished Apartment,1100 sqft ,380 Changi Road, Ready to move,3,2,"S$ 2,800 /mo",EW7 Eunos MRT Station,0.81 km
1,Parc Bleu,Fully Furnished Condominium,1142 sqft ,262 Joo Chiat Place, Ready to move,2,2,"S$ 3,500 /mo",EW7 Eunos MRT Station,0.76 km
2,11 Eunos Crescent,HDB Apartment,110 sqft ,11 Eunos Crescent, Ready to move,Room,0,S$ 650 /mo,EW7 Eunos MRT Station,0.25 km
3,Park Court,Fully Furnished Condominium,200 sqft ,9 Lorong 101 Changi, Ready to move,Room,0,S$ 800 /mo,EW7 Eunos MRT Station,0.59 km
4,Landed,Terraced House,"2787 sqft, 1453 sqft (land) ",Still road, Ready to move,5,6,"S$ 4,800 /mo",EW7 Eunos MRT Station,0.86 km
5,Tivoli Grande,Fully Furnished Condominium,851 sqft ,126 Koon Seng Road, Ready to move,2,2,"S$ 2,488 /mo",EW7 Eunos MRT Station,0.83 km
6,J Court,Partially Furnished Apartment,1180 sqft ,10 - 10F Lorong J Telok Kurau, Ready to move,3,2,"S$ 3,400 /mo",EW7 Eunos MRT Station,0.93 km
7,SUNSTONE RESIDENCES,Partially Furnished Apartment,452 sqft ,51 Jalan Daud, Ready to move,1,1,"S$ 1,700 /mo",EW7 Eunos MRT Station,0.95 km
8,3Brm Near Eunos MRT,Fully Furnished Walk-up,1300 sqft ,Changi Road, Ready to move,3,1,"S$ 2,800 /mo",EW7 Eunos MRT Station,0.56 km
9,SUNSTONE RESIDENCES,Fully Furnished Apartment,1324 sqft ,51 Jalan Daud, Ready to move,2,2,"S$ 2,800 /mo",EW7 Eunos MRT Station,0.95 km
10,SUNSTONE RESIDENCES,Partially Furnished Apartment,978 sqft ,51 Jalan Daud, Ready to move,3,2,"S$ 2,700 /mo",EW7 Eunos MRT Station,0.95 km
11,2C Geylang Serai,Fully Furnished HDB Apartment,1203 sqft ,2C Geylang Serai, Ready to move,3,2,"S$ 2,800 /mo",EW7 Eunos MRT Station,0.69 km
12,Euhabitat,Partially Furnished Condominium,550 sqft ,Jalan Eunos, Ready to move,Studio,0,"S$ 2,000 /mo",EW7 Eunos MRT Station,0.97 km
13,15 Eunos Crescent,Partially Furnished HDB Apartment,1259 sqft ,15 Eunos Crescent, Ready to move,3,2,"S$ 2,700 /mo",EW7 Eunos MRT Station,0.45 km
14,G Residences,Partially Furnished Condominium,350 sqft ,50 Lorong G Telok Kurau, Ready to move,Room,0,"S$ 1,800 /mo",EW7 Eunos MRT Station,0.78 km
15,Astoria Park,Fully Furnished Condominium,1174 sqft ,28 Lorong Mydin, Ready to move,3,2,"S$ 3,500 /mo",EW7 Eunos MRT Station,0.96 km
16,Casa Sarina,Fully Furnished Condominium,250 sqft ,101 Lorong Sarina, Ready to move,Room,0,S$ 950 /mo,EW7 Eunos MRT Station,0.42 km
17,Astoria Park,Fully Furnished Condominium,1195 sqft ,28 Lorong Mydin, Ready to move,3,2,"S$ 3,300 /mo",EW7 Eunos MRT Station,0.96 km
18,Onan Suites,Fully Furnished Condominium,1173 sqft ,215 Onan Road, Available from 1 Jun,3,2,"S$ 3,900 /mo",EW7 Eunos MRT Station,0.96 km
19,Parc Bleu,Fully Furnished Condominium,1141 sqft ,262 Joo Chiat Place, Ready to move,2,2,"S$ 3,210 /mo",EW7 Eunos MRT Station,0.76 km
0,The Lenox,Fully Furnished Condominium,699 sqft ,398 Changi Road, Available from 15 Apr,2,2,"S$ 2,350 /mo",EW7 Eunos MRT Station,0.89 km
1,The Amery,Fully Furnished Condominium,1377 sqft ,18 Lorong K Telok Kurau, Ready to move,3,2,"S$ 3,900 /mo",EW7 Eunos MRT Station,0.99 km
2,Lorong Mydin,Fully Furnished Terraced House,"160 sqft, 1800 sqft (land) ",Lorong Mydin, Ready to move,Room,0,S$ 900 /mo,EW7 Eunos MRT Station,0.97 km
3,Joo Chiat Conservation House With Pool & Rooftop Terrace,Partially Furnished Conservation House,"2700 sqft, 1500 sqft (land) ",Joo Chiat Place, S$ 5.27 psf,3,4,"S$ 7,900 /mo",EW7 Eunos MRT Station,0.76 km
4,Sunny Palms,Fully Furnished Condominium,150 sqft ,65 Lorong G Telok Kurau, S$ 9.33 psf,Room,0,"S$ 1,400 /mo",EW7 Eunos MRT Station,0.89 km
5,19 Eunos Crescent,Partially Furnished HDB Apartment,700 sqft ,19 Eunos Crescent, Ready to move,2,1,"S$ 2,100 /mo",EW7 Eunos MRT Station,0.50 km
6,Euhabitat,Fully Furnished Condominium,527 sqft ,Jalan Eunos, Available from 1 May,1,1,"S$ 2,050 /mo",EW7 Eunos MRT Station,0.97 km
7,Euhabitat,Partially Furnished Condominium,904 sqft ,Jalan Eunos, Available from 1 May,2,2,"S$ 2,800 /mo",EW7 Eunos MRT Station,0.97 km
8,Euhabitat,Partially Furnished Condominium,1173 sqft ,Jalan Eunos, S$ 2.98 psf,3,3,"S$ 3,500 /mo",EW7 Eunos MRT Station,0.97 km
9,Euhabitat,Fully Furnished Condominium,527 sqft ,Jalan Eunos, Ready to move,1,1,"S$ 2,000 /mo",EW7 Eunos MRT Station,0.97 km
10,Euhabitat,Condominium,1173 sqft ,Jalan Eunos, Ready to move,3,3,"S$ 3,400 /mo",EW7 Eunos MRT Station,0.97 km
11,Euhabitat,Partially Furnished Condominium,1141 sqft ,Jalan Eunos, Ready to move,3,2,"S$ 3,350 /mo",EW7 Eunos MRT Station,0.97 km
12,Euhabitat,Partially Furnished Condominium,1172 sqft ,Jalan Eunos, Ready to move,3,3,"S$ 3,500 /mo",EW7 Eunos MRT Station,0.97 km
13,Euhabitat,Fully Furnished Condominium,549 sqft ,Jalan Eunos, S$ 3.83 psf,1,1,"S$ 2,100 /mo",EW7 Eunos MRT Station,0.97 km
14,2D Geylang Serai,Fully Furnished HDB Apartment,1022 sqft ,2D Geylang Serai, Ready to move,Room,0,S$ 850 /mo,EW7 Eunos MRT Station,0.69 km
15,110 Lengkong Tiga,Fully Furnished HDB Apartment,1313 sqft ,110 Lengkong Tiga, Available from 23 May,3,2,"S$ 2,600 /mo",EW7 Eunos MRT Station,0.94 km
16,Telok Kurau Lor K,Partially Furnished Corner Terrace,"3000 sqft, 2488 sqft (land) ",(within 0.95 km), Ready to move,5,5,"S$ 4,300 /mo",EW7 Eunos MRT Station,0.95 km
17,The Bale,Fully Furnished Apartment,1744 sqft ,10 Lorong H Telok Kurau, S$ 2.58 psf,3,3,"S$ 4,500 /mo",EW7 Eunos MRT Station,0.63 km
18,Conservation Walk-Up Apt,Partially Furnished Walk-up,1338 sqft ,Joo Chiat PLace, Ready to move,1,2,"S$ 3,200 /mo",EW7 Eunos MRT Station,0.75 km
19,Joo Chiat Place,Partially Furnished Shophouse,1337 sqft ,Joo Chiat Place, Ready to move,1,1,"S$ 3,000 /mo",EW7 Eunos MRT Station,0.76 km
0,Parc Bleu,Partially Furnished Condominium,1141 sqft ,262 Joo Chiat Place, Ready to move,2,2,"S$ 2,800 /mo",EW7 Eunos MRT Station,0.76 km
1,Shophouse,Partially Furnished Walk-up,300 sqft ,19A Joo Chiat Place, Ready to move,Studio,0,"S$ 1,300 /mo",EW7 Eunos MRT Station,0.84 km
2,Astoria Park,Fully Furnished Condominium,1173 sqft ,28 Lorong Mydin, S$ 2.81 psf,3,2,"S$ 3,300 /mo",EW7 Eunos MRT Station,0.96 km
3,Parc Elegance,Partially Furnished Condominium,398 sqft ,15 Telok Kurau Road, Ready to move,Studio,0,"S$ 1,900 /mo",EW7 Eunos MRT Station,0.63 km
4,The Bale,Fully Furnished Apartment,1206 sqft ,10 Lorong H Telok Kurau, S$ 2.57 psf,3,2,"S$ 3,100 /mo",EW7 Eunos MRT Station,0.63 km
5,Lorong Melayu,Partially Furnished Semi-Detached House,"3500 sqft, 5600 sqft (land) ",54 Lorong Melayu, Ready to move,5,3,"S$ 4,900 /mo",EW7 Eunos MRT Station,0.80 km
6,Tivoli Grande,Partially Furnished Condominium,560 sqft ,126 Koon Seng Road, Ready to move,1,1,"S$ 1,950 /mo",EW7 Eunos MRT Station,0.83 km
7,Kembangan Court,Fully Furnished Apartment,894 sqft ,5 Jalan Masjid, Ready to move,2,2,"S$ 2,700 /mo",EW7 Eunos MRT Station,0.99 km
8,D'Oasia,Fully Furnished Condominium,1000 sqft ,13 Lorong Melayu, Ready to move,3,2,"S$ 3,300 /mo",EW7 Eunos MRT Station,0.77 km
9,Envio,Partially Furnished Condominium,732 sqft ,281 Joo Chiat Place, Ready to move,1,1,"S$ 2,500 /mo",EW7 Eunos MRT Station,0.83 km
10,J Court,Fully Furnished Apartment,1184 sqft ,10 - 10F Lorong J Telok Kurau, Ready to move,3,2,"S$ 3,200 /mo",EW7 Eunos MRT Station,0.93 km
11,Lotus @ Joo Chiat,Partially Furnished Apartment,2740 sqft ,89 Joo Chiat Place, Ready to move,3,3,"S$ 7,900 /mo",EW7 Eunos MRT Station,0.69 km
12,The Serennia,Partially Furnished Condominium,400 sqft ,16 Pulasan Road, S$ 4.00 psf,Studio,0,"S$ 1,600 /mo",EW7 Eunos MRT Station,0.87 km
13,16 Eunos Crescent,Partially Furnished HDB Apartment,635 sqft ,16 Eunos Crescent, Ready to move,2,1,"S$ 2,000 /mo",EW7 Eunos MRT Station,0.37 km
14,348 Ubi Avenue 1,Fully Furnished HDB Apartment,150 sqft ,348 Ubi Avenue 1, Ready to move,Room,0,S$ 550 /mo,EW7 Eunos MRT Station,0.77 km
15,Euhabitat,Partially Furnished Condominium,1141 sqft ,Jalan Eunos, Ready to move,3,2,"S$ 3,300 /mo",EW7 Eunos MRT Station,0.97 km
16,16 Eunos Crescent,Partially Furnished HDB Apartment,635 sqft ,16 Eunos Crescent, Ready to move,2,1,"S$ 2,000 /mo",EW7 Eunos MRT Station,0.37 km
17,Euhabitat,Partially Furnished Condominium,635 sqft ,Jalan Eunos, Ready to move,1,1,"S$ 2,400 /mo",EW7 Eunos MRT Station,0.97 km
18,Euhabitat,Fully Furnished Condominium,549 sqft ,212 Jalan Eunos, Available from 1 Jun,1,1,"S$ 2,000 /mo",EW7 Eunos MRT Station,0.97 km
19,Lotus At Joo Chiat,Partially Furnished Condominium,2740 sqft ,Joo Chiat Place, S$ 2.90 psf,3,3,"S$ 7,950 /mo",EW7 Eunos MRT Station,0.68 km
0,33 Eunos Crescent,Fully Furnished HDB Apartment,100 sqft ,33 Eunos Crescent, S$ 8.00 psf,Room,0,S$ 800 /mo,EW7 Eunos MRT Station,0.30 km
1,The Ebony,Condominium,344 sqft ,35 Lorong Marican, Ready to move,1,1,"S$ 1,700 /mo",EW7 Eunos MRT Station,0.58 km
2,Changi Road Shophouse 2nd Floor,Walk-up,1000 sqft ,Changi Road Shophouse Upper Floor For Rent, Ready to move,3,1,"S$ 2,800 /mo",EW7 Eunos MRT Station,0.50 km
3,Tivoli Grande,Fully Furnished Condominium,797 sqft ,126 Koon Seng Road, Available from 20 May,2,2,"S$ 2,800 /mo",EW7 Eunos MRT Station,0.83 km
4,Euhabitat,Fully Furnished Condominium,538 sqft ,Jalan Eunos, Ready to move,1,1,"S$ 1,950 /mo",EW7 Eunos MRT Station,0.97 km
5,Astoria Park,Partially Furnished Condominium,300 sqft ,28 Lorong Mydin, Ready to move,1,1,"S$ 1,700 /mo",EW7 Eunos MRT Station,0.96 km
6,Suites @ Eunos,Partially Furnished Condominium,366 sqft ,1 Jalan Yasin, Ready to move,1,1,"S$ 1,800 /mo",EW7 Eunos MRT Station,0.30 km
7,Suites Twenty Two,Fully Furnished Apartment,1206 sqft ,25 Lorong G Telok Kurau, Ready to move,3,2,"S$ 3,000 /mo",EW7 Eunos MRT Station,0.60 km
8,Flora East,Unfurnished Condominium,1313 sqft ,233 - 245C Joo Chiat Place, Available from 10 May,4,2,"S$ 3,300 /mo",EW7 Eunos MRT Station,0.67 km
9,The Ebony,Partially Furnished Condominium,344 sqft ,35 Lorong Marican, Ready to move,1,1,"S$ 1,700 /mo",EW7 Eunos MRT Station,0.58 km
10,Eunos Green,Fully Furnished Condominium,200 sqft ,10 Sims Avenue East, Ready to move,Room,0,"S$ 1,000 /mo",EW7 Eunos MRT Station,0.30 km
11,Mera East,Fully Furnished Apartment,830 sqft ,336 Changi Road, Ready to move,2,2,"S$ 2,499 /mo",EW7 Eunos MRT Station,0.62 km
12,Celestia,Partially Furnished Apartment,979 sqft ,160 Joo Chiat Terrace, Ready to move,2,2,"S$ 2,800 /mo",EW7 Eunos MRT Station,0.60 km
13,Euhabitat,Unfurnished Condominium,549 sqft ,Jalan Eunos, Available from 30 Jun,1,1,"S$ 1,900 /mo",EW7 Eunos MRT Station,0.97 km
14,4 Joo Chiat Road,HDB Apartment,150 sqft ,4 Joo Chiat Road, Ready to move,Room,0,S$ 800 /mo,EW7 Eunos MRT Station,0.74 km
15,Parc Elegance,Fully Furnished Condominium,409 sqft ,15 Telok Kurau Road, Ready to move,Studio,0,"S$ 1,650 /mo",EW7 Eunos MRT Station,0.63 km
16,One Eighties Residences,Fully Furnished Apartment,635 sqft ,186 Joo Chiat Terrace, Available from 29 Jun,2,2,"S$ 2,700 /mo",EW7 Eunos MRT Station,0.59 km
17,Le Reve,Fully Furnished Cluster House,2582 sqft ,31 Kampong Eunos, Available from 16 Apr,4,4,"S$ 5,500 /mo",EW7 Eunos MRT Station,0.33 km
18,Joo Chiat Place,Fully Furnished Walk-up,786 sqft ,Joo Chiat Place, Ready to move,1,2,"S$ 2,050 /mo",EW7 Eunos MRT Station,0.81 km
19,31 Eunos Crescent,Fully Furnished HDB Apartment,180 sqft ,31 Eunos Crescent, Ready to move,Room,0,S$ 700 /mo,EW7 Eunos MRT Station,0.18 km
0,Euhabitat,Partially Furnished Condominium,1303 sqft ,216 Jalan Eunos, Available from 9 May,4,3,"S$ 4,000 /mo",EW7 Eunos MRT Station,0.97 km
1,8 Lorong G Telok Kurau Bungalow,Partially Furnished Bungalow House,"6100 sqft, 7700 sqft (land) ",Lorong G Telok Kurau, Ready to move,6,4,"S$ 15,000 /mo",EW7 Eunos MRT Station,0.51 km
2,Residences 88,Apartment,1011 sqft ,88 Lorong Marican, S$ 2.47 psf,2,2,"S$ 2,500 /mo",EW7 Eunos MRT Station,0.88 km
3,D'Casita,Partially Furnished Apartment,527 sqft ,38 Lorong Marzuki, Available from 1 May,1,1,"S$ 2,100 /mo",EW7 Eunos MRT Station,0.69 km
4,The Ebony,Partially Furnished Condominium,334 sqft ,35 Lorong Marican, Available from 15 Apr,1,1,"S$ 1,850 /mo",EW7 Eunos MRT Station,0.58 km
5,110 Lengkong Tiga,Fully Furnished HDB Apartment,1119 sqft ,110 Lengkong Tiga, Available from 25 May,3,2,"S$ 2,500 /mo",EW7 Eunos MRT Station,0.94 km
6,The Champagne,Fully Furnished Apartment,1109 sqft ,380 Changi Road, S$ 2.43 psf,3,2,"S$ 2,700 /mo",EW7 Eunos MRT Station,0.81 km
7,Euhabitat,Partially Furnished Condominium,506 sqft ,Jalan Eunos, Ready to move,1,1,"S$ 1,800 /mo",EW7 Eunos MRT Station,0.97 km
8,Astoria Park,Fully Furnished Condominium,1195 sqft ,28 Lorong Mydin, Ready to move,3,3,"S$ 3,300 /mo",EW7 Eunos MRT Station,0.96 km
9,Paya Lebar,Partially Furnished HDB Apartment,1188 sqft ,5A Joo Chiat Place, S$ 2.95 psf,3,2,"S$ 3,500 /mo",EW7 Eunos MRT Station,0.81 km
10,D'Oasia,Fully Furnished Condominium,571 sqft ,11 Lorong Melayu, Available from 1 Jun,1,1,"S$ 2,499 /mo",EW7 Eunos MRT Station,0.77 km
11,Renovated Walk-Up Shophouse @ Changi Road,Unfurnished Shophouse,1291 sqft ,285A Changi Road, Ready to move,3,3,"S$ 2,500 /mo",EW7 Eunos MRT Station,0.46 km
12,351A Changi Road,Fully Furnished Walk-up,200 sqft ,(within 0.71 km), S$ 6.00 psf,Room,0,"S$ 1,200 /mo",EW7 Eunos MRT Station,0.71 km
13,Parc Bleu,Fully Furnished Condominium,1141 sqft ,262 Joo Chiat Place, Ready to move,2,2,"S$ 3,210 /mo",EW7 Eunos MRT Station,0.76 km
14,Astoria Park,Condominium,1194 sqft ,28 Lorong Mydin, Ready to move,3,3,"S$ 3,500 /mo",EW7 Eunos MRT Station,0.96 km
15,Lor 110 Changi Road,Partially Furnished Terraced House,"200 sqft, 1889 sqft (land) ",4 Lor 110 Changi, Ready to move,1,1,"S$ 1,000 /mo",EW7 Eunos MRT Station,0.77 km
16,Suites @ Eunos,Fully Furnished Condominium,366 sqft ,1 Jalan Yasin, Ready to move,1,1,"S$ 2,000 /mo",EW7 Eunos MRT Station,0.30 km
17,Klassic Court,Fully Furnished Condominium,1281 sqft ,133 Koon Seng Road, S$ 2.26 psf,3,2,"S$ 2,900 /mo",EW7 Eunos MRT Station,0.79 km
18,The Ebony,Condominium,345 sqft ,35 Lorong Marican, Ready to move,1,1,"S$ 1,700 /mo",EW7 Eunos MRT Station,0.58 km
19,Eunos Park,Fully Furnished Condominium,100 sqft ,5 Kampong Eunos, Ready to move,Room,0,S$ 800 /mo,EW7 Eunos MRT Station,0.35 km
0,Residences 88,Partially Furnished Apartment,1021 sqft ,88 Lorong Marican, Ready to move,1,1,"S$ 2,500 /mo",EW7 Eunos MRT Station,0.88 km
1,D'Palma,Fully Furnished Apartment,1001 sqft ,18 Lorong Mydin, Ready to move,3,2,"S$ 3,000 /mo",EW7 Eunos MRT Station,0.94 km
2,35 Eunos Crescent,Partially Furnished HDB Apartment,678 sqft ,35 Eunos Crescent, S$ 3.10 psf,2,2,"S$ 2,100 /mo",EW7 Eunos MRT Station,0.27 km
3,The Lenox,Fully Furnished Apartment,850 sqft ,398 Changi Road, Ready to move,2,3,"S$ 2,850 /mo",EW7 Eunos MRT Station,0.89 km
4,Casa Sarina,Partially Furnished Condominium,1100 sqft ,101 Lorong Sarina, Ready to move,3,3,"S$ 3,000 /mo",EW7 Eunos MRT Station,0.42 km
5,5 Eunos Crescent,Fully Furnished HDB Apartment,150 sqft ,5 Eunos Crescent, S$ 5.33 psf,Room,0,S$ 800 /mo,EW7 Eunos MRT Station,0.16 km
6,Lorong Marican,Partially Furnished Semi-Detached House,"2600 sqft, 2424 sqft (land) ",Lorong Marican, S$ 1.86 psf,4,3,"S$ 4,500 /mo",EW7 Eunos MRT Station,0.62 km
7,Casa Sarina,Condominium,1350 sqft ,101 Lorong Sarina, Ready to move,3,2,"S$ 3,000 /mo",EW7 Eunos MRT Station,0.42 km
8,LORONG H,Unfurnished Terraced House,"1600 sqft, 2000 sqft (land) ",TELOK KURAU, Ready to move,3,3,"S$ 3,800 /mo",EW7 Eunos MRT Station,0.67 km
9,SUNSTONE RESIDENCES,Apartment,452 sqft ,51 Jalan Daud, S$ 3.76 psf,1,1,"S$ 1,700 /mo",EW7 Eunos MRT Station,0.95 km
10,Astoria Park,Partially Furnished Condominium,1195 sqft ,32 Lorong Mydin, Ready to move,3,2,"S$ 3,400 /mo",EW7 Eunos MRT Station,0.96 km
11,346 Ubi Avenue 1,Fully Furnished HDB Apartment,150 sqft ,346 Ubi Avenue 1, S$ 4.33 psf,Room,0,S$ 650 /mo,EW7 Eunos MRT Station,0.80 km
12,Le Reve,Partially Furnished Condominium,807 sqft ,33 Kampong Eunos, Available from 1 May,2,2,"S$ 2,500 /mo",EW7 Eunos MRT Station,0.33 km
13,Euhabitat,Partially Furnished Condominium,1013 sqft ,Jalan Eunos, Ready to move,2,2,"S$ 3,000 /mo",EW7 Eunos MRT Station,0.97 km
14,East Ville,Condominium,1100 sqft ,43 Joo Chiat Lane, Ready to move,3,2,"S$ 2,200 /mo",EW7 Eunos MRT Station,0.79 km
15,Euhabitat,Fully Furnished Condominium,460 sqft ,190 Jalan Eunos, Ready to move,1,1,"S$ 2,200 /mo",EW7 Eunos MRT Station,0.97 km
16,2C Geylang Serai,HDB Apartment,150 sqft ,2C Geylang Serai, Ready to move,Room,0,S$ 750 /mo,EW7 Eunos MRT Station,0.69 km
17,The Ebony,Condominium,334 sqft ,35 Lorong Marican, Ready to move,1,1,"S$ 1,700 /mo",EW7 Eunos MRT Station,0.58 km
18,Residence 66,Fully Furnished Apartment,915 sqft ,66 Telok Kurau Road, Available from 5 May,2,2,"S$ 2,550 /mo",EW7 Eunos MRT Station,0.70 km
19,Suites Twenty Two,Condominium,893 sqft ,25 Lorong G Telok Kurau, Ready to move,3,3,"S$ 2,980 /mo",EW7 Eunos MRT Station,0.60 km
0,34 Eunos Crescent,Fully Furnished HDB Apartment,100 sqft ,34 Eunos Crescent, Ready to move,Room,0,S$ 980 /mo,EW7 Eunos MRT Station,0.31 km
1,Sunny Palms,Fully Furnished Condominium,1044 sqft ,65 Lorong G Telok Kurau, Ready to move,3,3,"S$ 3,000 /mo",EW7 Eunos MRT Station,0.89 km
2,11 Joo Chiat Place,Partially Furnished Apartment,150 sqft ,(within 0.81 km), Ready to move,Room,0,"S$ 1,100 /mo",EW7 Eunos MRT Station,0.81 km
3,Joo Chiat Place,Partially Furnished Shophouse,3563 sqft ,(within 0.70 km), Ready to move,4,4,"S$ 7,199 /mo",EW7 Eunos MRT Station,0.70 km
4,The Lenox,Partially Furnished Apartment,1066 sqft ,398 Changi Road, Available from 19 Apr,2,2,"S$ 3,000 /mo",EW7 Eunos MRT Station,0.89 km
5,Blk 3 Joo Chiat Road,Fully Furnished HDB Apartment,797 sqft ,420003, Ready to move,Room,0,"S$ 1,000 /mo",EW7 Eunos MRT Station,0.71 km
6,Euhabitat,Fully Furnished Condominium,542 sqft ,216 Jalan Eunos, Ready to move,1,1,"S$ 2,500 /mo",EW7 Eunos MRT Station,0.97 km
7,110 Lengkong Tiga,HDB Apartment,1119 sqft ,110 Lengkong Tiga, Available from 1 May,3,2,"S$ 2,500 /mo",EW7 Eunos MRT Station,0.94 km
8,Suites Twenty Two,Fully Furnished Condominium,1098 sqft ,25 Lorong G Telok Kurau, Ready to move,3,2,"S$ 3,300 /mo",EW7 Eunos MRT Station,0.60 km
9,Casa Sarina,Fully Furnished Condominium,1119 sqft ,101 Lorong Sarina, Ready to move,3,3,"S$ 3,000 /mo",EW7 Eunos MRT Station,0.42 km
10,Park Court,Fully Furnished Condominium,200 sqft ,9 Lorong 101 Changi, Ready to move,Room,0,S$ 800 /mo,EW7 Eunos MRT Station,0.59 km
11,Joo Chiat Terrace,Fully Furnished Terraced House,"250 sqft, 250 sqft (land) ",1 Joo Chiat Terrace, Ready to move,Room,0,"S$ 1,200 /mo",EW7 Eunos MRT Station,0.80 km
12,Astoria Park,Fully Furnished Condominium,958 sqft ,28 Lorong Mydin, Available from 1 May,2,3,"S$ 2,900 /mo",EW7 Eunos MRT Station,0.96 km
13,35 Eunos Crescent,Fully Furnished HDB Apartment,100 sqft ,35 Eunos Crescent, Ready to move,Room,0,"S$ 1,100 /mo",EW7 Eunos MRT Station,0.27 km
14,Parc Bleu,Fully Furnished Condominium,1141 sqft ,262 Joo Chiat Place, S$ 2.89 psf,2,3,"S$ 3,300 /mo",EW7 Eunos MRT Station,0.76 km
15,Parc Bleu,Partially Furnished Condominium,1141 sqft ,262 Joo Chiat Place, Ready to move,2,2,"S$ 3,200 /mo",EW7 Eunos MRT Station,0.76 km
16,Palmera East,Fully Furnished Apartment,560 sqft ,29 Lorong Melayu, Ready to move,2,1,"S$ 2,400 /mo",EW7 Eunos MRT Station,0.76 km
17,SUNSTONE RESIDENCES,Apartment,979 sqft ,51 Jalan Daud, S$ 2.76 psf,3,0,"S$ 2,700 /mo",EW7 Eunos MRT Station,0.95 km
18,Euhabitat,Fully Furnished Condominium,624 sqft ,Jalan Eunos, Ready to move,1,1,"S$ 2,100 /mo",EW7 Eunos MRT Station,0.97 km
19,Spring @ Langsat,Fully Furnished Apartment,892 sqft ,6 Langsat Road, S$ 2.80 psf,2,2,"S$ 2,500 /mo",EW7 Eunos MRT Station,0.61 km
0,"Parc Bleu Residences, 262 Joo Chiat Place 427944",Fully Furnished Condominium,1141 sqft ,"Parc Bleu Residences, 262 Joo Chiat Place 427944", Ready to move,2,2,"S$ 3,200 /mo",EW7 Eunos MRT Station,
1,109 Lengkong Tiga,Fully Furnished HDB Apartment,200 sqft ,109 Lengkong Tiga, Ready to move,Room,0,S$ 650 /mo,EW7 Eunos MRT Station,0.99 km
2,415 Eunos Road 5,Partially Furnished HDB Apartment,1507 sqft ,415 Eunos Road 5, Ready to move,3,3,"S$ 3,000 /mo",EW7 Eunos MRT Station,0.66 km
3,"Room Rental At Lorong Mydin, Kembangan MRT",Fully Furnished Terraced House,150 sqft ,15a lorong mydin, Ready to move,Room,0,S$ 900 /mo,EW7 Eunos MRT Station,0.90 km
4,East Shine,Apartment,980 sqft ,57 Lorong Melayu, Ready to move,3,2,"S$ 2,800 /mo",EW7 Eunos MRT Station,0.77 km
5,59 Lorong Melayu - Studio,Fully Furnished Detached House,"450 sqft, 2000 sqft (land) ",Lorong Melayu, Ready to move,Studio,0,"S$ 1,400 /mo",EW7 Eunos MRT Station,0.83 km
6,Lotus @ Joo Chiat,Partially Furnished Apartment,2740 sqft ,89 Joo Chiat Place, Ready to move,3,3,"S$ 7,950 /mo",EW7 Eunos MRT Station,0.69 km
7,Suites@Changi,Fully Furnished Apartment,409 sqft ,226 Changi Road, Ready to move,1,1,"S$ 1,700 /mo",EW7 Eunos MRT Station,0.34 km
8,Euhabitat,Fully Furnished Condominium,904 sqft ,Jalan Eunos, Ready to move,2,2,"S$ 2,900 /mo",EW7 Eunos MRT Station,0.97 km
9,24 Eunos Crescent,Fully Furnished HDB Apartment,732 sqft ,24 Eunos Crescent, Ready to move,1,1,S$ 380 /mo,EW7 Eunos MRT Station,0.46 km
10,The Ebony,Fully Furnished Condominium,333 sqft ,35 Lorong Marican, Ready to move,1,1,"S$ 1,700 /mo",EW7 Eunos MRT Station,0.58 km
11,The Ebony,Fully Furnished Condominium,333 sqft ,35 Lorong Marican, Available from 24 Apr,1,1,"S$ 1,900 /mo",EW7 Eunos MRT Station,0.58 km
12,Euhabitat,Condominium,643 sqft ,Jalan Eunos, Ready to move,1,1,"S$ 2,300 /mo",EW7 Eunos MRT Station,0.97 km
13,Lotus @ Joo Chiat,Partially Furnished Terraced House,"2739 sqft, 1600 sqft (land) ",89 Joo Chiat Place, Ready to move,3,3,"S$ 8,200 /mo",EW7 Eunos MRT Station,0.69 km
14,Le Reve,Partially Furnished Condominium,807 sqft ,31 Kampong Eunos, Available from 15 May,2,2,"S$ 2,500 /mo",EW7 Eunos MRT Station,0.33 km
15,13 Eunos Crescent,Fully Furnished HDB Apartment,120 sqft ,13 Eunos Crescent, Ready to move,Room,0,S$ 800 /mo,EW7 Eunos MRT Station,0.32 km
16,Suites@Changi,Partially Furnished Apartment,393 sqft ,226 Changi Road, Ready to move,1,1,"S$ 2,100 /mo",EW7 Eunos MRT Station,0.34 km
17,33 Eunos Crescent,Fully Furnished HDB Apartment,200 sqft ,33 Eunos Crescent, S$ 4.75 psf,1,1,S$ 950 /mo,EW7 Eunos MRT Station,0.30 km
18,Astoria Park,Fully Furnished Condominium,1195 sqft ,36 Lorong Mydin, Ready to move,3,3,"S$ 3,500 /mo",EW7 Eunos MRT Station,0.96 km
19,Eastwind Mansions,Partially Furnished Walk-up,1346 sqft ,102 Joo Chiat Terrace, Available from 30 Jun,3,2,"S$ 3,300 /mo",EW7 Eunos MRT Station,0.60 km
0,Suites@Changi,Fully Furnished Apartment,409 sqft ,226 Changi Road, Ready to move,Studio,0,"S$ 1,800 /mo",EW7 Eunos MRT Station,0.34 km
1,Euhabitat,Partially Furnished Condominium,947 sqft ,Jalan Eunos, Available from 3 May,2,2,"S$ 2,900 /mo",EW7 Eunos MRT Station,0.97 km
2,Casa Sarina,Fully Furnished Condominium,1324 sqft ,103 Lorong Sarina, Ready to move,3,2,"S$ 3,000 /mo",EW7 Eunos MRT Station,0.42 km
3,Changi Road,Unfurnished Shophouse,1290 sqft ,285 Changi Road, Ready to move,3,3,"S$ 2,500 /mo",EW7 Eunos MRT Station,0.46 km
4,The Heliconia,Condominium,2133 sqft ,30 Jalan Daud, Ready to move,3,3,"S$ 4,488 /mo",EW7 Eunos MRT Station,0.96 km
5,Euhabitat,Fully Furnished Condominium,624 sqft ,Jalan Eunos, Available from 12 May,Room,0,"S$ 2,100 /mo",EW7 Eunos MRT Station,0.97 km
6,Envio,Condominium,732 sqft ,281 Joo Chiat Place, Ready to move,1,1,"S$ 2,500 /mo",EW7 Eunos MRT Station,0.83 km
7,Palmera East,Apartment,1184 sqft ,29 Lorong Melayu, Ready to move,2,2,"S$ 3,000 /mo",EW7 Eunos MRT Station,0.76 km
8,Lotus @ Joo Chiat,Apartment,2740 sqft ,89 Joo Chiat Place, Ready to move,3,3,"S$ 7,600 /mo",EW7 Eunos MRT Station,0.69 km
9,The Amery,Partially Furnished Condominium,1313 sqft ,18 Lorong K Telok Kurau, Ready to move,3,3,"S$ 4,000 /mo",EW7 Eunos MRT Station,0.99 km
10,23 Eunos Crescent,Partially Furnished HDB Apartment,1150 sqft ,23 Eunos Crescent, Ready to move,3,2,"S$ 2,700 /mo",EW7 Eunos MRT Station,0.52 km
11,Common Room For Rent,Fully Furnished Terraced House,150 sqft ,4 Lorong 104 Changi road, Ready to move,Room,0,S$ 700 /mo,EW7 Eunos MRT Station,0.39 km
12,Joo Chiat Terrace,Partially Furnished Shophouse,2000 sqft ,Joo Chiat terrace, Ready to move,4,2,"S$ 5,400 /mo",EW7 Eunos MRT Station,0.55 km
13,Mill Creek,Fully Furnished Condominium,753 sqft ,10c Lorong Marzuki, Ready to move,1,1,"S$ 2,100 /mo",EW7 Eunos MRT Station,0.73 km
14,106 Lengkong Tiga,Fully Furnished HDB Apartment,150 sqft ,106 Lengkong Tiga, Ready to move,Room,0,S$ 750 /mo,EW7 Eunos MRT Station,0.96 km
15,Residences 88,Fully Furnished Corner Terrace,200 sqft ,(within 0.88 km), S$ 6.50 psf,Room,0,"S$ 1,300 /mo",EW7 Eunos MRT Station,0.88 km
16,Eunos Park,Fully Furnished Condominium,1600 sqft ,5 Kampong Eunos, Ready to move,4,3,"S$ 3,700 /mo",EW7 Eunos MRT Station,0.35 km
17,348 Ubi Avenue 1,Fully Furnished HDB Apartment,161 sqft ,348 Ubi Avenue 1, Ready to move,Room,0,S$ 300 /mo,EW7 Eunos MRT Station,0.77 km
18,Tian Court,Apartment,1200 sqft ,51 Mangis Road, Ready to move,3,3,"S$ 3,000 /mo",EW7 Eunos MRT Station,0.80 km
19,Sunny Palms,Partially Furnished Condominium,1100 sqft ,65 Lorong G Telok Kurau, Ready to move,3,2,"S$ 2,500 /mo",EW7 Eunos MRT Station,0.89 km
0,The Ebony,Fully Furnished Condominium,335 sqft ,35 Lorong Marican, Ready to move,1,1,"S$ 1,800 /mo",EW7 Eunos MRT Station,0.58 km
1,Shiro,Partially Furnished Condominium,990 sqft ,38 Lorong H Telok Kurau, Ready to move,2,2,"S$ 2,550 /mo",EW7 Eunos MRT Station,0.63 km
2,Parc Bleu,Fully Furnished Condominium,1141 sqft ,262 Joo Chiat Place, Ready to move,2,2,"S$ 3,500 /mo",EW7 Eunos MRT Station,0.76 km
3,Galaxy Towers,Partially Furnished Apartment,1000 sqft ,30 Onan Road, S$ 2.65 psf,2,2,"S$ 2,650 /mo",EW7 Eunos MRT Station,0.87 km
4,Parc Bleu,Partially Furnished Condominium,1141 sqft ,262 Joo Chiat Place, Ready to move,2,2,"S$ 3,210 /mo",EW7 Eunos MRT Station,0.76 km
5,25 Eunos Crescent,Fully Furnished HDB Apartment,120 sqft ,25 Eunos Crescent, Ready to move,Room,0,S$ 780 /mo,EW7 Eunos MRT Station,0.41 km
6,31 Eunos Crescent,Fully Furnished HDB Apartment,130 sqft ,31 Eunos Crescent, S$ 9.23 psf,Room,0,"S$ 1,200 /mo",EW7 Eunos MRT Station,0.18 km
7,109 Lengkong Tiga,Fully Furnished HDB Apartment,1119 sqft ,109 Lengkong Tiga, Ready to move,3,2,"S$ 2,300 /mo",EW7 Eunos MRT Station,0.99 km
8,Parc Bleu,Fully Furnished Condominium,463 sqft ,262 Joo Chiat Place, Ready to move,1,1,"S$ 2,000 /mo",EW7 Eunos MRT Station,0.76 km
9,Suites @ Eunos,Fully Furnished Condominium,366 sqft ,1 Jalan Yasin, Ready to move,1,1,"S$ 2,000 /mo",EW7 Eunos MRT Station,0.30 km
10,The Ebony,Partially Furnished Apartment,1160 sqft ,35 Lorong Marican, Ready to move,2,2,"S$ 3,000 /mo",EW7 Eunos MRT Station,0.58 km
11,Le Reve,Partially Furnished Condominium,807 sqft ,33 Kampong Eunos, Ready to move,2,2,"S$ 2,699 /mo",EW7 Eunos MRT Station,0.33 km
12,J Court,Partially Furnished Apartment,1180 sqft ,10 - 10F Lorong J Telok Kurau, Ready to move,3,2,"S$ 3,400 /mo",EW7 Eunos MRT Station,0.93 km
13,Euhabitat,Partially Furnished Condominium,818 sqft ,Jalan Eunos, Ready to move,2,2,"S$ 2,800 /mo",EW7 Eunos MRT Station,0.97 km
14,18 Eunos Crescent,Fully Furnished HDB Apartment,120 sqft ,18 Eunos Crescent, Ready to move,Room,0,S$ 800 /mo,EW7 Eunos MRT Station,0.45 km
15,Mill Creek,Partially Furnished Condominium,915 sqft ,10 Lorong Marzuki, Ready to move,2,2,"S$ 2,750 /mo",EW7 Eunos MRT Station,0.73 km
16,Envio,Fully Furnished Condominium,1033 sqft ,281 Joo Chiat Place, Available from 10 May,3,2,"S$ 3,100 /mo",EW7 Eunos MRT Station,0.83 km
17,Euhabitat,Unfurnished Condominium,560 sqft ,Jalan Eunos, Ready to move,2,1,"S$ 1,800 /mo",EW7 Eunos MRT Station,0.97 km
18,Jing Suite,Fully Furnished Apartment,246 sqft ,275 changi road, Ready to move,Studio,0,"S$ 1,550 /mo",EW7 Eunos MRT Station,0.36 km
19,Galaxy Towers,Partially Furnished Apartment,1066 sqft ,Onan Road, Ready to move,2,2,"S$ 2,500 /mo",EW7 Eunos MRT Station,0.88 km
0,Jalan Daud Semi Detached,Partially Furnished Semi-Detached House,"4500 sqft, 3200 sqft (land) ",49A Jalan Daud, Ready to move,5,5,"S$ 4,900 /mo",EW7 Eunos MRT Station,0.94 km
1,East View 18,Apartment,1249 sqft ,(within 0.74 km), Ready to move,3,2,"S$ 3,200 /mo",EW7 Eunos MRT Station,0.74 km
2,Lorong H Telok Kurau,Partially Furnished Walk-up,2000 sqft ,Lorong H Telok Kurau, Ready to move,4,3,"S$ 3,200 /mo",EW7 Eunos MRT Station,0.93 km
3,Jupiter 18,Fully Furnished Condominium,388 sqft ,18 Lorong 102 Changi, Ready to move,1,1,"S$ 1,700 /mo",EW7 Eunos MRT Station,0.54 km
4,Terraced House,Fully Furnished Terraced House,"220 sqft, 2000 sqft (land) ",rambutan road, Ready to move,Room,0,"S$ 1,000 /mo",EW7 Eunos MRT Station,0.67 km
5,8 Eunos Crescent,Fully Furnished HDB Apartment,200 sqft ,8 Eunos Crescent, Ready to move,Room,0,"S$ 1,000 /mo",EW7 Eunos MRT Station,0.21 km
6,Astoria Park,Fully Furnished Condominium,100 sqft ,28 Lorong Mydin, Ready to move,Room,0,"S$ 1,000 /mo",EW7 Eunos MRT Station,0.96 km
7,Soho Life,Partially Furnished Condominium,344 sqft ,216 Joo Chiat, Ready to move,Studio,0,"S$ 1,380 /mo",EW7 Eunos MRT Station,0.92 km
8,Suites @ Eunos,Fully Furnished Condominium,380 sqft ,1 Jalan Yasin, Ready to move,1,1,"S$ 1,800 /mo",EW7 Eunos MRT Station,0.30 km
9,Eunos Park,Partially Furnished Apartment,1292 sqft ,5 Kampong Eunos, Ready to move,3,2,"S$ 2,700 /mo",EW7 Eunos MRT Station,0.35 km
10,The Geranium,Fully Furnished Apartment,753 sqft ,31 Mangis Road, Ready to move,2,2,"S$ 2,500 /mo",EW7 Eunos MRT Station,0.69 km
11,Parc Bleu,Partially Furnished Condominium,1141 sqft ,262 Joo Chiat Place, S$ 2.89 psf,2,2,"S$ 3,300 /mo",EW7 Eunos MRT Station,0.76 km
12,Parc Elegance,Fully Furnished Condominium,474 sqft ,15 Telok Kurau Road, Ready to move,1,1,"S$ 1,850 /mo",EW7 Eunos MRT Station,0.63 km
13,Euhabitat,Fully Furnished Condominium,527 sqft ,230 Jalan Eunos, Ready to move,1,1,"S$ 2,000 /mo",EW7 Eunos MRT Station,0.97 km
14,The Serennia,Fully Furnished Condominium,850 sqft ,16 Pulasan Road, Ready to move,2,1,"S$ 2,580 /mo",EW7 Eunos MRT Station,0.87 km
15,8 Lorong G Telok Kurau,Partially Furnished Bungalow House,"6100 sqft, 7700 sqft (land) ",Lorong G Telok Kurau, Ready to move,6,4,"S$ 15,000 /mo",EW7 Eunos MRT Station,0.51 km
16,Euhabitat,Condominium,517 sqft ,Jalan Eunos, Available from 24 Apr,1,1,"S$ 2,000 /mo",EW7 Eunos MRT Station,0.97 km
17,Joo Chiat Heritage Colonial Conservation Home With Pool & Gym,Partially Furnished Shophouse,2741 sqft ,Joo Chiat Place, S$ 2.90 psf,3,4,"S$ 7,950 /mo",EW7 Eunos MRT Station,0.65 km
18,Suites@Changi,Fully Furnished Apartment,441 sqft ,226 Changi Road, Ready to move,1,1,"S$ 1,900 /mo",EW7 Eunos MRT Station,0.34 km
19,Euhabitat,Partially Furnished Condominium,1171 sqft ,Jalan Eunos, S$ 2.82 psf,3,3,"S$ 3,300 /mo",EW7 Eunos MRT Station,0.97 km
0,Suites @ Eunos,Fully Furnished Condominium,380 sqft ,1 Jalan Yasin, Ready to move,1,1,"S$ 1,800 /mo",EW7 Eunos MRT Station,0.30 km
1,25 Eunos Crescent,Fully Furnished HDB Apartment,646 sqft ,25 Eunos Crescent, Available from 1 May,2,1,"S$ 1,790 /mo",EW7 Eunos MRT Station,0.41 km
2,One @ Pulasan,Fully Furnished Apartment,1033 sqft ,1 Pulasan Road, Ready to move,3,2,"S$ 2,850 /mo",EW7 Eunos MRT Station,0.87 km
3,Astoria Park,Partially Furnished Condominium,958 sqft ,28 Lorong Mydin, S$ 3.08 psf,2,2,"S$ 2,950 /mo",EW7 Eunos MRT Station,0.96 km
4,Deng Fu Ville,Fully Furnished Apartment,1003 sqft ,30 Kampong Eunos, Available from 21 Apr,3,3,"S$ 2,950 /mo",EW7 Eunos MRT Station,0.37 km
5,Soho Euhabitat Immediately Move In????,Condominium,570 sqft ,Euhabitat, Ready to move,1,1,"S$ 2,100 /mo",EW7 Eunos MRT Station,0.36 km
6,Astoria Park,Fully Furnished Condominium,1195 sqft ,36 Lorong Mydin, S$ 2.93 psf,3,2,"S$ 3,500 /mo",EW7 Eunos MRT Station,0.96 km
7,344 Ubi Avenue 1,Fully Furnished HDB Apartment,84 sqft ,344 Ubi Avenue 1, S$ 27.38 psf,3,2,"S$ 2,300 /mo",EW7 Eunos MRT Station,0.85 km
8,Palmera East,Fully Furnished Apartment,560 sqft ,29 Lorong Melayu, Ready to move,2,1,"S$ 2,300 /mo",EW7 Eunos MRT Station,0.76 km
9,Lotus @ Joo Chiat,Fully Furnished Apartment,2740 sqft ,89 Joo Chiat Place, Ready to move,3,4,"S$ 8,620 /mo",EW7 Eunos MRT Station,0.69 km
10,344 Ubi Avenue 1,Fully Furnished HDB Apartment,904 sqft ,344 Ubi Avenue 1, Ready to move,3,2,"S$ 2,500 /mo",EW7 Eunos MRT Station,0.85 km
11,The Ebony,Condominium,344 sqft ,35 Lorong Marican, Ready to move,1,1,"S$ 1,900 /mo",EW7 Eunos MRT Station,0.58 km
12,First Point Suites,Apartment,506 sqft ,59 Lorong H Telok Kurau, Ready to move,1,1,"S$ 2,050 /mo",EW7 Eunos MRT Station,0.84 km
13,Fruition,Fully Furnished Condominium,150 sqft ,3 Mangis Road, S$ 8.00 psf,Room,0,"S$ 1,200 /mo",EW7 Eunos MRT Station,0.59 km
14,Fruition,Fully Furnished Condominium,180 sqft ,3 Mangis Road, Ready to move,Room,0,"S$ 1,500 /mo",EW7 Eunos MRT Station,0.59 km
15,Bendigo Gardens,Fully Furnished Apartment,200 sqft ,115 Koon Seng Road, Ready to move,Room,0,"S$ 1,000 /mo",EW7 Eunos MRT Station,0.82 km
16,Parc Bleu,Condominium,1142 sqft ,262 Joo Chiat Place, S$ 2.80 psf,2,2,"S$ 3,200 /mo",EW7 Eunos MRT Station,0.76 km
17,Parc Elegance,Fully Furnished Condominium,549 sqft ,15 Telok Kurau Road, Ready to move,2,2,"S$ 1,950 /mo",EW7 Eunos MRT Station,0.63 km
18,D'Oasia,Fully Furnished Condominium,1101 sqft ,11 Lorong Melayu, Ready to move,3,2,"S$ 3,300 /mo",EW7 Eunos MRT Station,0.77 km
19,Lotus @ Joo Chiat,Fully Furnished Apartment,743 sqft ,89 Joo Chiat Place, Ready to move,1,1,"S$ 3,150 /mo",EW7 Eunos MRT Station,0.69 km
0,Le Reve,Partially Furnished Condominium,807 sqft ,33 Kampong Eunos, Available from 15 May,2,2,"S$ 2,600 /mo",EW7 Eunos MRT Station,0.33 km
1,Parc Elegance,Fully Furnished Condominium,840 sqft ,15 Telok Kurau Road, Ready to move,1,2,"S$ 2,200 /mo",EW7 Eunos MRT Station,0.63 km
2,The Lenox,Fully Furnished Apartment,300 sqft ,396 Changi Road, S$ 4.00 psf,Room,0,"S$ 1,200 /mo",EW7 Eunos MRT Station,0.89 km
3,Eunos Park,Fully Furnished Condominium,350 sqft ,5 Kampong Eunos, Ready to move,Studio,0,"S$ 1,500 /mo",EW7 Eunos MRT Station,0.35 km
4,Casa Sarina,Condominium,300 sqft ,101 Lorong Sarina, Ready to move,1,1,S$ 900 /mo,EW7 Eunos MRT Station,0.42 km
5,Residences 88,Partially Furnished Apartment,431 sqft ,88 Lorong Marican, Ready to move,1,1,"S$ 1,700 /mo",EW7 Eunos MRT Station,0.88 km
6,Euhabitat,Fully Furnished Condominium,527 sqft ,Jalan Eunos, Available from 24 Apr,1,1,"S$ 2,200 /mo",EW7 Eunos MRT Station,0.97 km
7,417 Eunos Road 5,Partially Furnished HDB Apartment,1134 sqft ,417 Eunos Road 5, Ready to move,3,2,"S$ 2,500 /mo",EW7 Eunos MRT Station,0.72 km
8,Straits Residences,Fully Furnished Apartment,506 sqft ,154 Joo Chiat Place, Ready to move,2,1,"S$ 2,400 /mo",EW7 Eunos MRT Station,0.70 km
9,Astoria Park,Partially Furnished Condominium,1200 sqft ,32 Lorong Mydin, Ready to move,3,3,"S$ 3,400 /mo",EW7 Eunos MRT Station,0.96 km
10,346 Ubi Avenue 1,Fully Furnished HDB Apartment,150 sqft ,346 Ubi Avenue 1, Available from 15 Apr,Room,0,S$ 650 /mo,EW7 Eunos MRT Station,0.80 km
11,Euhabitat,Condominium,549 sqft ,Jalan Eunos, Available from 1 May,1,1,"S$ 2,100 /mo",EW7 Eunos MRT Station,0.97 km
12,The Bale,Partially Furnished Apartment,1066 sqft ,8 Lorong H Telok Kurau, Ready to move,3,2,"S$ 3,100 /mo",EW7 Eunos MRT Station,0.63 km
13,Suites Twenty Two,Partially Furnished Condominium,893 sqft ,25 Lorong G Telok Kurau, Ready to move,3,2,"S$ 2,980 /mo",EW7 Eunos MRT Station,0.60 km
14,G Residences,Partially Furnished Condominium,436 sqft ,50 Lorong G Telok Kurau, Ready to move,Room,0,"S$ 1,900 /mo",EW7 Eunos MRT Station,0.78 km
15,Le Reve,Partially Furnished Condominium,806 sqft ,33 Kampong Eunos, Available from 15 May,2,2,"S$ 2,700 /mo",EW7 Eunos MRT Station,0.33 km
16,Astoria Park,Fully Furnished Condominium,1001 sqft ,34 Lorong Mydin, Ready to move,2,3,"S$ 2,900 /mo",EW7 Eunos MRT Station,0.96 km
17,Modern Yet Charming Conservation,Conservation House,"3400 sqft, 3400 sqft (land) ",Joo Chiat Place, Ready to move,3,3,"S$ 9,200 /mo",EW7 Eunos MRT Station,0.66 km
18,Suites@Changi,Partially Furnished Apartment,409 sqft ,226 Changi Road, Ready to move,Studio,0,"S$ 1,800 /mo",EW7 Eunos MRT Station,0.34 km
19,Suites@Changi,Partially Furnished Apartment,1152 sqft ,226 Changi Road, Ready to move,2,3,"S$ 3,000 /mo",EW7 Eunos MRT Station,0.34 km
0,Shiro,Partially Furnished Apartment,452 sqft ,38 Lorong H Telok Kurau, Ready to move,1,1,"S$ 1,880 /mo",EW7 Eunos MRT Station,0.63 km
1,Astoria Park,Condominium,958 sqft ,30 Lorong Mydin, S$ 3.13 psf,2,0,"S$ 3,000 /mo",EW7 Eunos MRT Station,0.96 km
2,Euhabitat,Partially Furnished Condominium,549 sqft ,Jalan Eunos, Ready to move,1,1,"S$ 2,100 /mo",EW7 Eunos MRT Station,0.97 km
3,106 Lengkong Tiga,Partially Furnished HDB Apartment,1570 sqft ,106 Lengkong Tiga, Ready to move,3,3,"S$ 2,600 /mo",EW7 Eunos MRT Station,0.96 km
4,Masterbedroom For Rent,Fully Furnished Terraced House,"250 sqft, 1700 sqft (land) ",Lorong J Telok Kurau, S$ 0.59 psf,Room,0,"S$ 1,000 /mo",EW7 Eunos MRT Station,0.81 km
5,Euhabitat,Fully Furnished Condominium,527 sqft ,(within 0.97 km), Ready to move,1,1,"S$ 2,299 /mo",EW7 Eunos MRT Station,0.97 km
6,24 Eunos Crescent,Fully Furnished HDB Apartment,753 sqft ,24 Eunos Crescent, Ready to move,2,1,"S$ 1,900 /mo",EW7 Eunos MRT Station,0.46 km
7,Aspen Loft,Partially Furnished Condominium,1313 sqft ,170 Joo Chiat Terrace, S$ 2.67 psf,3,2,"S$ 3,500 /mo",EW7 Eunos MRT Station,0.57 km
8,319 Ubi Avenue 1,Fully Furnished HDB Apartment,1054 sqft ,319 Ubi Avenue 1, Available from 30 Apr,3,2,"S$ 2,400 /mo",EW7 Eunos MRT Station,0.92 km
9,The Lenox,Apartment,850 sqft ,398 Changi Road, Ready to move,2,2,"S$ 2,850 /mo",EW7 Eunos MRT Station,0.89 km
10,Suites @ Eunos,Condominium,380 sqft ,1 Jalan Yasin, Ready to move,1,1,"S$ 1,800 /mo",EW7 Eunos MRT Station,0.30 km
11,Sundance Suites,Partially Furnished Condominium,603 sqft ,Sundance Suites, Ready to move,1,1,"S$ 2,200 /mo",EW7 Eunos MRT Station,0.56 km
12,Casa Sarina,Fully Furnished Condominium,1250 sqft ,103 Lorong Sarina, Ready to move,3,3,"S$ 3,300 /mo",EW7 Eunos MRT Station,0.42 km
13,Eastern Residence,Fully Furnished Condominium,495 sqft ,285 Joo Chiat Place, Ready to move,Studio,0,"S$ 2,000 /mo",EW7 Eunos MRT Station,0.76 km
14,35 Eunos Crescent,Fully Furnished HDB Apartment,1001 sqft ,35 Eunos Crescent, Ready to move,3,2,"S$ 2,800 /mo",EW7 Eunos MRT Station,0.27 km
15,Everitt Edge,Fully Furnished Condominium,484 sqft ,83 Joo Chiat Place, Ready to move,1,1,"S$ 1,900 /mo",EW7 Eunos MRT Station,0.69 km
16,Casa Sarina,Condominium,1250 sqft ,101 Lorong Sarina, Ready to move,3,3,"S$ 3,000 /mo",EW7 Eunos MRT Station,0.42 km
17,Suites @ Eunos,Fully Furnished Condominium,366 sqft ,1 Jalan Yasin, Ready to move,1,1,"S$ 1,800 /mo",EW7 Eunos MRT Station,0.30 km
18,Everitt Edge,Fully Furnished Condominium,484 sqft ,83 Joo Chiat Place, Ready to move,1,1,"S$ 1,900 /mo",EW7 Eunos MRT Station,0.69 km
19,Park Court,Fully Furnished Condominium,200 sqft ,9 Lorong 101 Changi, Ready to move,Room,0,S$ 800 /mo,EW7 Eunos MRT Station,0.59 km
0,Sunny Lodge,Fully Furnished Apartment,398 sqft ,4 Lorong Salleh, S$ 5.03 psf,1,1,"S$ 2,000 /mo",EW7 Eunos MRT Station,0.64 km
1,Suites@Changi,Apartment,431 sqft ,226 Changi Road, Ready to move,1,1,"S$ 1,800 /mo",EW7 Eunos MRT Station,0.34 km
2,Euhabitat,Partially Furnished Condominium,528 sqft ,Jalan Eunos, Ready to move,1,1,"S$ 2,000 /mo",EW7 Eunos MRT Station,0.97 km
3,Euhabitat,Partially Furnished Condominium,643 sqft ,Jalan Eunos, Ready to move,1,1,"S$ 2,250 /mo",EW7 Eunos MRT Station,0.97 km
4,Euhabitat,Partially Furnished Condominium,560 sqft ,Jalan Eunos, Ready to move,1,1,"S$ 2,100 /mo",EW7 Eunos MRT Station,0.97 km
5,Shiro,Unfurnished Apartment,990 sqft ,38 Lorong H Telok Kurau, S$ 2.53 psf,2,3,"S$ 2,500 /mo",EW7 Eunos MRT Station,0.63 km
6,Astoria Park,Fully Furnished Condominium,1195 sqft ,28 Lorong Mydin, Ready to move,3,2,"S$ 3,300 /mo",EW7 Eunos MRT Station,0.96 km
7,Suites@Changi,Apartment,1152 sqft ,226 Changi Road, Ready to move,2,3,"S$ 2,999 /mo",EW7 Eunos MRT Station,0.34 km
8,Residence 66,Fully Furnished Apartment,915 sqft ,66 Telok Kurau Road, Ready to move,2,2,"S$ 2,500 /mo",EW7 Eunos MRT Station,0.70 km
9,35 Eunos Crescent,Fully Furnished HDB Apartment,900 sqft ,35 Eunos Crescent, Ready to move,3,2,"S$ 2,900 /mo",EW7 Eunos MRT Station,0.27 km
10,11 Crane Road,Fully Furnished Apartment,90 sqft ,(within 0.95 km), Ready to move,Room,0,S$ 550 /mo,EW7 Eunos MRT Station,0.95 km
11,Astoria Park,Fully Furnished Condominium,120 sqft ,28 Lorong Mydin, Ready to move,Room,0,"S$ 1,100 /mo",EW7 Eunos MRT Station,0.96 km
12,19 Eunos Crescent,Partially Furnished HDB Apartment,700 sqft ,19 Eunos Crescent, Ready to move,2,1,"S$ 2,300 /mo",EW7 Eunos MRT Station,0.50 km
13,Shop House Living Quaters,Fully Furnished Walk-up,1200 sqft ,9A Crane Road, Ready to move,3,3,"S$ 2,700 /mo",EW7 Eunos MRT Station,0.99 km
14,Lotus @ Joo Chiat,Partially Furnished Conservation House,"2700 sqft, 1500 sqft (land) ",89 Joo Chiat Place, S$ 5.27 psf,3,4,"S$ 7,900 /mo",EW7 Eunos MRT Station,0.69 km
15,D'Casita,Partially Furnished Condominium,528 sqft ,38 Lorong Marzuki, Available from 28 May,1,1,"S$ 2,000 /mo",EW7 Eunos MRT Station,0.69 km
16,Joo Chiat Place @ Rambutan Road (Terrace House) Master Bedroom,Fully Furnished Terraced House,"200 sqft, 3000 sqft (land) ",Rambutan Road, S$ 0.33 psf,Room,0,"S$ 1,000 /mo",EW7 Eunos MRT Station,0.67 km
17,106 Lengkong Tiga,Fully Furnished HDB Apartment,200 sqft ,106 Lengkong Tiga, Ready to move,Room,0,S$ 800 /mo,EW7 Eunos MRT Station,0.96 km
18,20 Eunos Crescent,Fully Furnished HDB Apartment,720 sqft ,20 Eunos Crescent, Ready to move,2,1,"S$ 2,000 /mo",EW7 Eunos MRT Station,0.54 km
19,Alpha Apartments,Partially Furnished Condominium,2230 sqft ,98 Koon Seng Road, Ready to move,4,4,"S$ 6,000 /mo",EW7 Eunos MRT Station,0.91 km
0,G Residences,Partially Furnished Condominium,420 sqft ,50 Lorong G Telok Kurau, Ready to move,1,1,"S$ 2,000 /mo",EW7 Eunos MRT Station,0.78 km
1,Euhabitat,Fully Furnished Condominium,527 sqft ,(within 0.97 km), Ready to move,1,1,"S$ 2,000 /mo",EW7 Eunos MRT Station,0.97 km
2,G Residences,Fully Furnished Condominium,680 sqft ,50 Lorong G Telok Kurau, Ready to move,2,1,"S$ 2,700 /mo",EW7 Eunos MRT Station,0.78 km
3,Sunshine Regency,Apartment,1151 sqft ,9 Rambai Road, Ready to move,2,2,"S$ 2,800 /mo",EW7 Eunos MRT Station,0.97 km
4,Sunny Palms,Fully Furnished Condominium,120 sqft ,65 Lorong G Telok Kurau, Ready to move,Room,0,"S$ 1,500 /mo",EW7 Eunos MRT Station,0.89 km
5,Parc Bleu,Fully Furnished Condominium,1141 sqft ,262 Joo Chiat Place, Ready to move,2,2,"S$ 3,000 /mo",EW7 Eunos MRT Station,0.76 km
6,Suites@Changi,Fully Furnished Apartment,948 sqft ,226 Changi Road, Ready to move,2,3,"S$ 3,200 /mo",EW7 Eunos MRT Station,0.34 km
7,Euhabitat,Partially Furnished Condominium,615 sqft ,Jalan Eunos, Ready to move,1,1,"S$ 2,300 /mo",EW7 Eunos MRT Station,0.97 km
8,Casa Sarina,Partially Furnished Condominium,1141 sqft ,101 Lorong Sarina, Ready to move,3,3,"S$ 3,300 /mo",EW7 Eunos MRT Station,0.42 km
9,Euhabitat,Partially Furnished Condominium,549 sqft ,Jalan Eunos, Ready to move,1,1,"S$ 2,000 /mo",EW7 Eunos MRT Station,0.97 km
10,Euhabitat,Fully Furnished Condominium,560 sqft ,Jalan Eunos, Ready to move,1,1,"S$ 2,150 /mo",EW7 Eunos MRT Station,0.97 km
11,49 Onan Road,Fully Furnished Apartment,400 sqft ,(within 0.83 km), Ready to move,1,1,"S$ 2,100 /mo",EW7 Eunos MRT Station,0.83 km
12,Euhabitat,Fully Furnished Condominium,560 sqft ,Jalan Eunos, Available from 19 May,1,1,"S$ 2,200 /mo",EW7 Eunos MRT Station,0.97 km
13,The Heliconia,Fully Furnished Condominium,1334 sqft ,30 Jalan Daud, S$ 2.25 psf,3,3,"S$ 3,000 /mo",EW7 Eunos MRT Station,0.96 km
14,Jupiter 18,Partially Furnished Condominium,807 sqft ,18 Lorong 102 Changi, Available from 1 May,2,2,"S$ 2,650 /mo",EW7 Eunos MRT Station,0.54 km
15,Blk 11 Hagi Road,Unfurnished HDB Apartment,90 sqft ,Hagi road, Ready to move,Room,0,S$ 750 /mo,EW7 Eunos MRT Station,0.94 km
16,Millage,Fully Furnished Condominium,506 sqft ,55 Changi Road, Ready to move,1,1,"S$ 2,050 /mo",EW7 Eunos MRT Station,0.58 km
17,352 Ubi Avenue 1,Fully Furnished HDB Apartment,150 sqft ,352 Ubi Avenue 1, Ready to move,Room,0,S$ 700 /mo,EW7 Eunos MRT Station,0.74 km
18,Palmera East,Fully Furnished Apartment,1184 sqft ,29 Lorong Melayu, Ready to move,2,2,"S$ 3,000 /mo",EW7 Eunos MRT Station,0.76 km
19,The Geranium,Apartment,753 sqft ,31 Mangis Road, Ready to move,2,2,"S$ 2,500 /mo",EW7 Eunos MRT Station,0.69 km
0,Deng Fu Ville,Partially Furnished Apartment,1503 sqft ,30 Kampong Eunos, Ready to move,3,3,"S$ 3,600 /mo",EW7 Eunos MRT Station,0.35 km
1,Millage,Fully Furnished Apartment,1130 sqft ,55 Changi Road, Ready to move,1,1,"S$ 2,950 /mo",EW7 Eunos MRT Station,0.57 km
2,10 Minutes Walk To Kembangan MRT 3br,Fully Furnished Apartment,1335 sqft ,30 Jalan Daud, S$ 2.25 psf,3,3,"S$ 3,000 /mo",EW7 Eunos MRT Station,0.96 km
3,Sunny Palms,Partially Furnished Condominium,1300 sqft ,65 Lorong G Telok Kurau, Ready to move,3,2,"S$ 2,600 /mo",EW7 Eunos MRT Station,0.89 km
4,J Court,Partially Furnished Apartment,1185 sqft ,10 - 10F Lorong J Telok Kurau, Ready to move,3,2,"S$ 3,400 /mo",EW7 Eunos MRT Station,0.93 km
5,ON HOLD! - Awesome House @ Joo Chiat,Partially Furnished Conservation House,"2200 sqft, 1200 sqft (land) ",Joo Chiat Terrace, Available from 1 May,2,3,"S$ 6,500 /mo",EW7 Eunos MRT Station,0.55 km
6,J Court,Partially Furnished Apartment,1180 sqft ,10 - 10F Lorong J Telok Kurau, Ready to move,3,2,"S$ 3,500 /mo",EW7 Eunos MRT Station,0.93 km
7,Astoria Park,Partially Furnished Condominium,1195 sqft ,28 Lorong Mydin, Ready to move,3,2,"S$ 3,500 /mo",EW7 Eunos MRT Station,0.96 km
8,329 Ubi Avenue 1,HDB Apartment,700 sqft ,329 Ubi Avenue 1, Ready to move,Room,0,S$ 500 /mo,EW7 Eunos MRT Station,0.84 km
9,31 Eunos Crescent,Fully Furnished HDB Apartment,200 sqft ,31 Eunos Crescent, Ready to move,Room,0,S$ 750 /mo,EW7 Eunos MRT Station,0.18 km
10,The Ebony,Fully Furnished Condominium,334 sqft ,35 Lorong Marican, Ready to move,1,1,"S$ 1,750 /mo",EW7 Eunos MRT Station,0.58 km
11,Casa Sarina,Condominium,1140 sqft ,101 Lorong Sarina, Ready to move,3,2,"S$ 3,000 /mo",EW7 Eunos MRT Station,0.42 km
12,Lotus @ Joo Chiat,Partially Furnished Conservation House,2750 sqft ,89 Joo Chiat Place, Ready to move,3,3,"S$ 7,950 /mo",EW7 Eunos MRT Station,0.69 km
13,349 Ubi Avenue 1,Fully Furnished HDB Apartment,1100 sqft ,349 Ubi Avenue 1, Ready to move,3,2,"S$ 2,400 /mo",EW7 Eunos MRT Station,0.74 km
14,Envio,Fully Furnished Condominium,1033 sqft ,281 Joo Chiat Place, Ready to move,2,2,"S$ 3,200 /mo",EW7 Eunos MRT Station,0.83 km
15,The Lenox,Fully Furnished Condominium,807 sqft ,398 Changi Road, Ready to move,3,3,"S$ 2,700 /mo",EW7 Eunos MRT Station,0.89 km
16,Suites@Changi,Apartment,1152 sqft ,226 Changi Road, Ready to move,2,2,"S$ 3,000 /mo",EW7 Eunos MRT Station,0.34 km
17,341 Ubi Avenue 1,Fully Furnished HDB Apartment,904 sqft ,341 Ubi Avenue 1, Ready to move,3,2,"S$ 2,400 /mo",EW7 Eunos MRT Station,0.80 km
18,106 Lengkong Tiga,Partially Furnished HDB Apartment,150 sqft ,106 Lengkong Tiga, S$ 6.60 psf,Room,0,S$ 990 /mo,EW7 Eunos MRT Station,0.96 km
19,Land House,Corner Terrace,"380 sqft, 3500 sqft (land) ",30a Lorong Marican ., Ready to move,1,1,"S$ 1,400 /mo",EW7 Eunos MRT Station,0.76 km
