0,Emerald Garden,Partially Furnished Condominium,958 sqft ,(within 0.90 km), Ready to move,2,2,"S$ 3,600 /mo",EW16 Outram Park MRT Station,0.90 km
1,Altez,Partially Furnished Condominium,753 sqft ,16 Enggor Street, Ready to move,1,1,"S$ 4,900 /mo",EW16 Outram Park MRT Station,0.99 km
2,Spottiswoode Residences,Fully Furnished Condominium,604 sqft ,48 Spottiswoode Park Road, Ready to move,1,1,"S$ 3,100 /mo",EW16 Outram Park MRT Station,0.75 km
3,Spottiswoode Residences,Fully Furnished Condominium,603 sqft ,48 Spottiswoode Park Road, Ready to move,1,1,"S$ 3,000 /mo",EW16 Outram Park MRT Station,0.75 km
4,Spottiswoode Residences,Partially Furnished Condominium,797 sqft ,48 Spottiswoode Park Road, Ready to move,2,2,"S$ 3,750 /mo",EW16 Outram Park MRT Station,0.75 km
5,Spottiswoode Residences,Fully Furnished Condominium,605 sqft ,48 Spottiswoode Park Road, Ready to move,1,1,"S$ 2,900 /mo",EW16 Outram Park MRT Station,0.75 km
6,River Place,Partially Furnished Condominium,1658 sqft ,62 Havelock Road, Ready to move,3,3,"S$ 6,880 /mo",EW16 Outram Park MRT Station,0.92 km
7,Icon,Fully Furnished Apartment,570 sqft ,10 Gopeng Street, Available from 30 Apr,1,1,"S$ 3,000 /mo",EW16 Outram Park MRT Station,0.97 km
8,1 Tanjong Pagar Plaza,Partially Furnished HDB Apartment,720 sqft ,1 Tanjong Pagar Plaza, Ready to move,2,2,"S$ 2,600 /mo",EW16 Outram Park MRT Station,0.85 km
9,Emerald Garden,Fully Furnished Condominium,1001 sqft ,33 Club Street, Available from 27 Apr,2,2,"S$ 3,999 /mo",EW16 Outram Park MRT Station,0.90 km
10,Icon,Fully Furnished Apartment,1060 sqft ,10 Gopeng Street, Available from 16 Apr,2,2,"S$ 5,200 /mo",EW16 Outram Park MRT Station,0.97 km
11,Emerald Garden,Unfurnished Condominium,1313 sqft ,(within 0.90 km), Available from 1 May,3,3,"S$ 5,100 /mo",EW16 Outram Park MRT Station,0.90 km
12,127D Kim Tian Road,Fully Furnished HDB Apartment,250 sqft ,127D Kim Tian Road, Ready to move,Room,0,S$ 900 /mo,EW16 Outram Park MRT Station,0.96 km
13,Pinnacle @ Duxton,Fully Furnished HDB Apartment,966 sqft ,1 Cantonment Road, Available from 15 Apr,2,2,"S$ 3,500 /mo",EW16 Outram Park MRT Station,0.73 km
14,Skysuites @ Anson,Fully Furnished Condominium,699 sqft ,8 Enggor Street, Ready to move,1,1,"S$ 3,900 /mo",EW16 Outram Park MRT Station,0.99 km
15,Icon,Apartment,581 sqft ,10 Gopeng Street, Ready to move,1,1,"S$ 3,000 /mo",EW16 Outram Park MRT Station,0.97 km
16,Emerald Garden,Partially Furnished Condominium,829 sqft ,33 Club Street, Ready to move,2,1,"S$ 3,700 /mo",EW16 Outram Park MRT Station,0.90 km
17,Skysuites @ Anson,Fully Furnished Condominium,399 sqft ,8 Enggor Street, Ready to move,1,1,"S$ 3,090 /mo",EW16 Outram Park MRT Station,0.99 km
18,River Place,Fully Furnished Condominium,1033 sqft ,60 Havelock Road, Ready to move,2,2,"S$ 3,999 /mo",EW16 Outram Park MRT Station,0.92 km
19,River Place,Partially Furnished Condominium,1323 sqft ,60 Havelock Road, Ready to move,3,2,"S$ 5,000 /mo",EW16 Outram Park MRT Station,0.92 km
20,Altez,Partially Furnished Condominium,850 sqft ,16 Enggor Street, Available from 17 Apr,1,1,"S$ 5,000 /mo",EW16 Outram Park MRT Station,0.99 km
21,Onze @ Tanjong Pagar,Fully Furnished Apartment,656 sqft ,11 Kee Seng Street, Ready to move,2,1,"S$ 3,300 /mo",EW16 Outram Park MRT Station,0.82 km
0,Onze @ Tanjong Pagar,Partially Furnished Apartment,480 sqft ,11 Kee Seng Street, Ready to move,1,1,"S$ 2,700 /mo",EW16 Outram Park MRT Station,0.82 km
1,Icon,Partially Furnished Apartment,904 sqft ,10 Gopeng Street, Ready to move,2,2,"S$ 5,000 /mo",EW16 Outram Park MRT Station,0.97 km
2,River Place,Fully Furnished Condominium,1055 sqft ,60 Havelock Road, Ready to move,2,2,"S$ 4,500 /mo",EW16 Outram Park MRT Station,0.92 km
3,Icon,Fully Furnished Apartment,581 sqft ,10 Gopeng Street, Ready to move,1,1,"S$ 3,700 /mo",EW16 Outram Park MRT Station,0.97 km
4,Spottiswoode Residences,Fully Furnished Condominium,603 sqft ,48 Spottiswoode Park Road, S$ 5.31 psf,1,1,"S$ 3,199 /mo",EW16 Outram Park MRT Station,0.75 km
5,Spottiswoode 18,Partially Furnished Condominium,657 sqft ,18 Spottiswoode Park Road, Ready to move,2,2,"S$ 3,000 /mo",EW16 Outram Park MRT Station,0.68 km
6,Icon,Partially Furnished Apartment,904 sqft ,10 Gopeng Street, Ready to move,2,2,"S$ 4,700 /mo",EW16 Outram Park MRT Station,0.97 km
7,River Place,Fully Furnished Condominium,1700 sqft ,60 Havelock Road, Ready to move,3,3,"S$ 6,800 /mo",EW16 Outram Park MRT Station,0.92 km
8,Icon,Apartment,581 sqft ,10 Gopeng Street, Ready to move,1,1,"S$ 3,500 /mo",EW16 Outram Park MRT Station,0.97 km
9,Altez,Fully Furnished Condominium,549 sqft ,16 Enggor Street, Ready to move,1,1,"S$ 3,800 /mo",EW16 Outram Park MRT Station,0.99 km
10,Icon,Unfurnished Apartment,904 sqft ,10 Gopeng Street, Ready to move,2,1,"S$ 4,500 /mo",EW16 Outram Park MRT Station,0.97 km
11,Spottiswoode 18,Partially Furnished Condominium,657 sqft ,18 Spottiswoode Park Road, Ready to move,2,2,"S$ 3,300 /mo",EW16 Outram Park MRT Station,0.68 km
12,Onze @ Tanjong Pagar,Fully Furnished Apartment,500 sqft ,11 Kee Seng Street, Ready to move,1,1,"S$ 2,700 /mo",EW16 Outram Park MRT Station,0.82 km
13,Dorsett Residences,Fully Furnished Condominium,474 sqft ,333 New Bridge Road, Ready to move,1,1,"S$ 3,000 /mo",EW16 Outram Park MRT Station,0.25 km
14,Dorsett Residences,Fully Furnished Condominium,484 sqft ,333 New Bridge Road, Ready to move,1,1,"S$ 3,100 /mo",EW16 Outram Park MRT Station,0.25 km
15,The Beacon,Fully Furnished Apartment,807 sqft ,130 Cantonment Road, Available from 1 May,2,2,"S$ 3,700 /mo",EW16 Outram Park MRT Station,0.62 km
16,Spottiswoode Suites,Fully Furnished Condominium,441 sqft ,16 16 spottiswoode Park road, Ready to move,1,1,"S$ 2,800 /mo",EW16 Outram Park MRT Station,0.61 km
17,Icon,Fully Furnished Apartment,570 sqft ,10 Gopeng Street, Ready to move,1,1,"S$ 3,400 /mo",EW16 Outram Park MRT Station,0.97 km
18,Icon,Apartment,560 sqft ,10 Gopeng Street, Ready to move,1,1,"S$ 3,500 /mo",EW16 Outram Park MRT Station,0.97 km
19,Icon,Apartment,700 sqft ,10 Gopeng Street, Ready to move,1,1,"S$ 4,500 /mo",EW16 Outram Park MRT Station,0.97 km
0,Icon,Fully Furnished Apartment,678 sqft ,10 Gopeng Street, Ready to move,1,1,"S$ 3,800 /mo",EW16 Outram Park MRT Station,0.97 km
1,Emerald Garden,Partially Furnished Condominium,1001 sqft ,33 Club Street, Available from 1 May,2,2,"S$ 3,900 /mo",EW16 Outram Park MRT Station,0.90 km
2,Spottiswoode Residences,Partially Furnished Condominium,603 sqft ,48 Spottiswoode Park Road, Available from 1 May,1,1,"S$ 3,000 /mo",EW16 Outram Park MRT Station,0.75 km
3,Altez,Partially Furnished Condominium,1173 sqft ,16 Enggor Street, Available from 26 Apr,2,2,"S$ 6,900 /mo",EW16 Outram Park MRT Station,0.99 km
4,Skysuites @ Anson,Partially Furnished Condominium,700 sqft ,8 Enggor Street, Ready to move,2,2,"S$ 4,400 /mo",EW16 Outram Park MRT Station,0.99 km
5,The Quayside,Partially Furnished Apartment,1130 sqft ,60 Robertson Quay, Available from 23 Apr,2,2,"S$ 4,300 /mo",EW16 Outram Park MRT Station,0.96 km
6,Icon,Fully Furnished Condominium,570 sqft ,10 Gopeng Street, Ready to move,1,1,"S$ 3,500 /mo",EW16 Outram Park MRT Station,0.97 km
7,Altez,Partially Furnished Condominium,1173 sqft ,16 Enggor Street, Available from 1 May,2,2,"S$ 7,000 /mo",EW16 Outram Park MRT Station,0.99 km
8,Icon,Fully Furnished Apartment,581 sqft ,10 Gopeng Street, Available from 1 May,1,1,"S$ 3,500 /mo",EW16 Outram Park MRT Station,0.97 km
9,Skysuites @ Anson,Condominium,399 sqft ,8 Enggor Street, Ready to move,1,1,"S$ 3,000 /mo",EW16 Outram Park MRT Station,0.99 km
10,Dorsett Residences,Fully Furnished Condominium,743 sqft ,331 New Bridge Road, Ready to move,2,2,"S$ 4,300 /mo",EW16 Outram Park MRT Station,0.25 km
11,Icon,Fully Furnished Apartment,1050 sqft ,10 Gopeng Street, Ready to move,2,2,"S$ 5,300 /mo",EW16 Outram Park MRT Station,0.97 km
12,Onze @ Tanjong Pagar,Fully Furnished Apartment,1141 sqft ,11 Kee Seng Street, Ready to move,3,2,"S$ 6,000 /mo",EW16 Outram Park MRT Station,0.82 km
13,Onze @ Tanjong Pagar,Fully Furnished Apartment,280 sqft ,11 Kee Seng Street, Ready to move,1,1,"S$ 2,500 /mo",EW16 Outram Park MRT Station,0.82 km
14,Onze @ Tanjong Pagar,Fully Furnished Apartment,780 sqft ,11 Kee Seng Street, Ready to move,2,1,"S$ 4,500 /mo",EW16 Outram Park MRT Station,0.82 km
15,Icon,Fully Furnished Condominium,915 sqft ,10 Gopeng Street, Ready to move,2,2,"S$ 4,900 /mo",EW16 Outram Park MRT Station,0.97 km
16,4 Tanjong Pagar Plaza,Partially Furnished HDB Apartment,620 sqft ,4 Tanjong Pagar Plaza, Ready to move,2,2,"S$ 2,500 /mo",EW16 Outram Park MRT Station,0.74 km
17,Emerald Garden,Partially Furnished Condominium,900 sqft ,33 Club Street, Ready to move,2,1,"S$ 3,700 /mo",EW16 Outram Park MRT Station,0.90 km
18,334 Kreta Ayer Road,Partially Furnished HDB Apartment,250 sqft ,334 Kreta Ayer Road, Ready to move,Room,0,S$ 900 /mo,EW16 Outram Park MRT Station,0.41 km
19,Dorsett Residences,Partially Furnished Condominium,484 sqft ,333 New Bridge Road, Ready to move,1,1,"S$ 3,000 /mo",EW16 Outram Park MRT Station,0.25 km
0,Skysuites @ Anson,Fully Furnished Condominium,398 sqft ,8 Enggor Street, Available from 15 Apr,1,1,"S$ 3,488 /mo",EW16 Outram Park MRT Station,0.99 km
1,Skysuites @ Anson,Fully Furnished Condominium,700 sqft ,8 Enggor Street, Ready to move,2,2,"S$ 4,500 /mo",EW16 Outram Park MRT Station,0.99 km
2,Skysuites @ Anson,Partially Furnished Condominium,699 sqft ,8 Enggor Street, Ready to move,2,2,"S$ 4,350 /mo",EW16 Outram Park MRT Station,0.99 km
3,Pinnacle @ Duxton,Fully Furnished HDB Apartment,1140 sqft ,1D Cantonment Road, Available from 10 May,3,2,"S$ 4,000 /mo",EW16 Outram Park MRT Station,0.73 km
4,Emerald Garden,Partially Furnished Condominium,936 sqft ,33 Club Street, Ready to move,2,2,"S$ 3,600 /mo",EW16 Outram Park MRT Station,0.90 km
5,Icon,Fully Furnished Apartment,581 sqft ,10 Gopeng Street, Available from 30 May,1,1,"S$ 3,300 /mo",EW16 Outram Park MRT Station,0.97 km
6,Spottiswoode 18,Partially Furnished Condominium,657 sqft ,18 Spottiswoode Park Road, Ready to move,2,2,"S$ 3,200 /mo",EW16 Outram Park MRT Station,0.68 km
7,Icon,Fully Furnished Apartment,926 sqft ,10 Gopeng Street, Available from 21 Jun,2,2,"S$ 5,500 /mo",EW16 Outram Park MRT Station,0.97 km
8,Craig Place,Fully Furnished Apartment,570 sqft ,20 Craig Road, Ready to move,1,1,"S$ 2,900 /mo",EW16 Outram Park MRT Station,0.55 km
9,Spottiswoode Suites,Partially Furnished Condominium,1033 sqft ,14 Spottiswoode Park Road, Ready to move,3,2,"S$ 4,600 /mo",EW16 Outram Park MRT Station,0.63 km
10,Spottiswoode 18,Unfurnished Condominium,506 sqft ,18 Spottiswoode Park Road, Ready to move,1,1,"S$ 2,700 /mo",EW16 Outram Park MRT Station,0.68 km
11,Spottiswoode Residences,Fully Furnished Condominium,797 sqft ,48 Spottiswoode Park Road, Available from 1 May,2,2,"S$ 3,899 /mo",EW16 Outram Park MRT Station,0.75 km
12,Spottiswoode 18,Partially Furnished Condominium,387 sqft ,18 Spottiswoode Park Road, Available from 13 May,1,1,"S$ 2,300 /mo",EW16 Outram Park MRT Station,0.68 km
13,The Beacon,Partially Furnished Apartment,1485 sqft ,130 Cantonment Road, Available from 16 May,3,2,"S$ 5,500 /mo",EW16 Outram Park MRT Station,0.62 km
14,Icon,Fully Furnished Apartment,657 sqft ,10 Gopeng Street, Ready to move,1,1,"S$ 3,688 /mo",EW16 Outram Park MRT Station,0.97 km
15,Spottiswoode Residences,Partially Furnished Condominium,604 sqft ,48 Spottiswoode Park Road, Ready to move,1,1,"S$ 2,900 /mo",EW16 Outram Park MRT Station,0.75 km
16,Spottiswoode Residences,Fully Furnished Condominium,624 sqft ,48 Spottiswoode Park Road, S$ 4.81 psf,1,1,"S$ 3,000 /mo",EW16 Outram Park MRT Station,0.75 km
17,Spottiswoode Residences,Partially Furnished Condominium,800 sqft ,48 Spottiswoode Park Road, S$ 4.75 psf,2,2,"S$ 3,800 /mo",EW16 Outram Park MRT Station,0.75 km
18,1 Tanjong Pagar Plaza,Fully Furnished HDB Apartment,635 sqft ,1 Tanjong Pagar Plaza, Ready to move,2,1,"S$ 2,500 /mo",EW16 Outram Park MRT Station,0.85 km
19,Spottiswoode Residences,Fully Furnished Condominium,603 sqft ,48 Spottiswoode Park Road, S$ 4.81 psf,1,1,"S$ 2,900 /mo",EW16 Outram Park MRT Station,0.75 km
0,Spottiswoode Residences,Partially Furnished Condominium,937 sqft ,48 Spottiswoode Park Road, Available from 7 Jun,2,2,"S$ 4,200 /mo",EW16 Outram Park MRT Station,0.75 km
1,River Place,Fully Furnished Condominium,1033 sqft ,60 Havelock Road, Ready to move,2,2,"S$ 4,200 /mo",EW16 Outram Park MRT Station,0.92 km
2,River Place,Partially Furnished Condominium,1323 sqft ,60 Havelock Road, Ready to move,3,2,"S$ 5,000 /mo",EW16 Outram Park MRT Station,0.92 km
3,River Place,Fully Furnished Condominium,1660 sqft ,60 Havelock Road, S$ 4.14 psf,3,2,"S$ 6,880 /mo",EW16 Outram Park MRT Station,0.92 km
4,Altez,Fully Furnished Condominium,530 sqft ,16 Enggor Street, Ready to move,1,1,"S$ 3,800 /mo",EW16 Outram Park MRT Station,0.99 km
5,The Quayside,Partially Furnished Apartment,1550 sqft ,60 Robertson Quay, Ready to move,3,3,"S$ 5,500 /mo",EW16 Outram Park MRT Station,0.96 km
6,River Place,Fully Furnished Condominium,721 sqft ,60 Havelock Road, Ready to move,1,1,"S$ 3,200 /mo",EW16 Outram Park MRT Station,0.92 km
7,The Quayside,Partially Furnished Apartment,1360 sqft ,60 Robertson Quay, Available from 1 May,2,2,"S$ 5,300 /mo",EW16 Outram Park MRT Station,0.96 km
8,The Quayside,Partially Furnished Apartment,1550 sqft ,60 Robertson Quay, Ready to move,3,3,"S$ 5,500 /mo",EW16 Outram Park MRT Station,0.96 km
9,Emerald Garden,Fully Furnished Condominium,969 sqft ,33 Club Street, Available from 20 Apr,2,2,"S$ 3,800 /mo",EW16 Outram Park MRT Station,0.90 km
10,Dorsett Residences,Fully Furnished Condominium,1206 sqft ,331 New Bridge Road, Available from 1 Jun,2,2,"S$ 5,700 /mo",EW16 Outram Park MRT Station,0.25 km
11,Icon,Fully Furnished Apartment,581 sqft ,10 Gopeng Street, Ready to move,1,1,"S$ 3,200 /mo",EW16 Outram Park MRT Station,0.97 km
12,Spottiswoode Residences,Fully Furnished Condominium,603 sqft ,48 Spottiswoode Park Road, Ready to move,1,1,"S$ 3,200 /mo",EW16 Outram Park MRT Station,0.75 km
13,Icon,Fully Furnished Apartment,570 sqft ,10 Gopeng Street, Ready to move,1,1,"S$ 3,500 /mo",EW16 Outram Park MRT Station,0.97 km
14,Tiong Bahru Estate,Partially Furnished Apartment,990 sqft ,289 Outram Road, Available from 15 May,1,1,"S$ 4,200 /mo",EW16 Outram Park MRT Station,0.68 km
15,River Place,Partially Furnished Condominium,1658 sqft ,62 Havelock Road, Ready to move,3,3,"S$ 6,880 /mo",EW16 Outram Park MRT Station,0.92 km
16,Spottiswoode Suites,Partially Furnished Condominium,441 sqft ,14 Spottiswoode Park Road, Ready to move,1,1,"S$ 2,700 /mo",EW16 Outram Park MRT Station,0.63 km
17,Icon,Partially Furnished Apartment,914 sqft ,10 Gopeng Street, Available from 30 Apr,2,2,"S$ 4,200 /mo",EW16 Outram Park MRT Station,0.97 km
18,Icon,Fully Furnished Apartment,570 sqft ,10 Gopeng Street, Ready to move,1,1,"S$ 3,200 /mo",EW16 Outram Park MRT Station,0.97 km
19,River Place,Fully Furnished Condominium,818 sqft ,60 Havelock Road, S$ 4.28 psf,1,1,"S$ 3,499 /mo",EW16 Outram Park MRT Station,0.92 km
0,Altez,Fully Furnished Condominium,753 sqft ,16 Enggor Street, Ready to move,1,1,"S$ 5,000 /mo",EW16 Outram Park MRT Station,0.99 km
1,Skysuites @ Anson,Fully Furnished Condominium,398 sqft ,8 Enggor Street, Available from 15 Apr,1,1,"S$ 3,150 /mo",EW16 Outram Park MRT Station,0.99 km
2,Dorsett Residences,Fully Furnished Condominium,677 sqft ,331 New Bridge Road, Ready to move,1,1,"S$ 4,000 /mo",EW16 Outram Park MRT Station,0.25 km
3,Craig Place,Fully Furnished Apartment,732 sqft ,20 Craig Road, Ready to move,2,1,"S$ 3,499 /mo",EW16 Outram Park MRT Station,0.55 km
4,Skysuites @ Anson,Fully Furnished Condominium,700 sqft ,8 Enggor Street, Ready to move,1,1,"S$ 4,500 /mo",EW16 Outram Park MRT Station,0.99 km
5,Spottiswoode Suites,Fully Furnished Condominium,452 sqft ,16 Spottiswoode Park Road, Ready to move,1,1,"S$ 2,800 /mo",EW16 Outram Park MRT Station,0.63 km
6,The Beacon,Partially Furnished Apartment,1108 sqft ,130 Cantonment Road, Ready to move,2,2,"S$ 4,700 /mo",EW16 Outram Park MRT Station,0.62 km
7,Pinnacle @ Duxton,Partially Furnished HDB Apartment,1151 sqft ,1 Cantonment Road, Available from 12 Apr,3,2,"S$ 3,800 /mo",EW16 Outram Park MRT Station,0.73 km
8,3 Tanjong Pagar Plaza,Fully Furnished HDB Apartment,635 sqft ,3 Tanjong Pagar Plaza, Ready to move,2,2,"S$ 2,200 /mo",EW16 Outram Park MRT Station,0.76 km
9,Spottiswoode 18,Partially Furnished Condominium,640 sqft ,18 Spottiswoode Park Road, Ready to move,2,2,"S$ 3,000 /mo",EW16 Outram Park MRT Station,0.68 km
10,Spottiswoode Residences,Fully Furnished Condominium,603 sqft ,48 Spottiswoode Park Road, Ready to move,1,1,"S$ 2,800 /mo",EW16 Outram Park MRT Station,0.75 km
11,Skysuites @ Anson,Fully Furnished Condominium,366 sqft ,8 Enggor Street, Ready to move,1,1,"S$ 2,800 /mo",EW16 Outram Park MRT Station,0.99 km
12,Emerald Garden,Partially Furnished Condominium,969 sqft ,33 Club Street, Available from 26 Apr,2,2,"S$ 3,800 /mo",EW16 Outram Park MRT Station,0.90 km
13,1 Tanjong Pagar Plaza,Fully Furnished HDB Apartment,750 sqft ,1 Tanjong Pagar Plaza, Ready to move,2,2,"S$ 2,500 /mo",EW16 Outram Park MRT Station,0.85 km
14,Dorsett Residences,Fully Furnished Condominium,688 sqft ,331 New Bridge Road, Ready to move,2,2,"S$ 4,500 /mo",EW16 Outram Park MRT Station,0.25 km
15,Pearl Bank Apartment,Fully Furnished Apartment,300 sqft ,1 Pearl Bank, Ready to move,Studio,0,"S$ 1,820 /mo",EW16 Outram Park MRT Station,0.20 km
16,Dorsett Residences,Fully Furnished Condominium,485 sqft ,331 New Bridge Road, Ready to move,1,1,"S$ 3,100 /mo",EW16 Outram Park MRT Station,0.25 km
17,Spottiswoode Suites,Fully Furnished Condominium,872 sqft ,14 Spottiswoode Park Road, Ready to move,2,2,"S$ 5,000 /mo",EW16 Outram Park MRT Station,0.63 km
18,1 Tanjong Pagar Plaza,Fully Furnished HDB Apartment,635 sqft ,1 Tanjong Pagar Plaza, Available from 1 Jun,2,2,"S$ 2,400 /mo",EW16 Outram Park MRT Station,0.85 km
19,Spottiswoode Suites,Fully Furnished Condominium,872 sqft ,14 Spottiswoode Park Road, Ready to move,2,2,"S$ 5,000 /mo",EW16 Outram Park MRT Station,0.63 km
0,Icon,Fully Furnished Condominium,926 sqft ,10 Gopeng Street, Ready to move,2,2,"S$ 4,800 /mo",EW16 Outram Park MRT Station,0.97 km
1,Everton Road,Partially Furnished Conservation House,"1100 sqft, 1200 sqft (land) ",everton road, Ready to move,1,1,"S$ 4,000 /mo",EW16 Outram Park MRT Station,0.94 km
2,Pinnacle @ Duxton,Partially Furnished HDB Apartment,990 sqft ,1G Cantonment Road, Ready to move,3,2,"S$ 3,400 /mo",EW16 Outram Park MRT Station,0.73 km
3,Altez,Partially Furnished Condominium,861 sqft ,16 Enggor Street, Ready to move,1,1,"S$ 4,999 /mo",EW16 Outram Park MRT Station,0.99 km
4,45 Kim Cheng Street,Partially Furnished HDB Apartment,947 sqft ,45 Kim Cheng Street, Ready to move,2,2,"S$ 2,800 /mo",EW16 Outram Park MRT Station,0.85 km
5,Pinnacle @ Duxton,Partially Furnished HDB Apartment,1140 sqft ,1F Cantonment Road, Available from 11 Jun,3,2,"S$ 3,900 /mo",EW16 Outram Park MRT Station,0.73 km
6,River Place,Partially Furnished Condominium,1055 sqft ,62 Havelock Road, Available from 15 Apr,2,2,"S$ 3,800 /mo",EW16 Outram Park MRT Station,0.92 km
7,Pinnacle @ Duxton,Fully Furnished HDB Apartment,1152 sqft ,1E Cantonment Road, Ready to move,3,2,"S$ 3,850 /mo",EW16 Outram Park MRT Station,0.73 km
8,5 Tanjong Pagar Plaza,Fully Furnished HDB Apartment,635 sqft ,5 Tanjong Pagar Plaza, Ready to move,2,1,"S$ 2,250 /mo",EW16 Outram Park MRT Station,0.74 km
9,River Place,Partially Furnished Condominium,1500 sqft ,60 Havelock Road, Ready to move,3,2,"S$ 5,900 /mo",EW16 Outram Park MRT Station,0.92 km
10,River Place,Partially Furnished Condominium,1658 sqft ,62 Havelock Road, Ready to move,3,3,"S$ 6,880 /mo",EW16 Outram Park MRT Station,0.92 km
11,Altez,Partially Furnished Condominium,861 sqft ,16 Enggor Street, Ready to move,1,1,"S$ 4,700 /mo",EW16 Outram Park MRT Station,0.99 km
12,People's Park Complex,Partially Furnished Apartment,1119 sqft ,1 Park Road, S$ 3.13 psf,3,2,"S$ 3,500 /mo",EW16 Outram Park MRT Station,0.51 km
13,Icon,Partially Furnished Condominium,560 sqft ,10 Gopeng Street, Available from 31 May,1,1,"S$ 3,800 /mo",EW16 Outram Park MRT Station,0.97 km
14,River Place,Fully Furnished Condominium,786 sqft ,62 Havelock Road, Ready to move,1,1,"S$ 3,750 /mo",EW16 Outram Park MRT Station,0.92 km
15,10 Jalan Bukit Ho Swee,Fully Furnished HDB Apartment,366 sqft ,10 Jalan Bukit Ho Swee, Ready to move,1,1,"S$ 2,350 /mo",EW16 Outram Park MRT Station,0.95 km
16,The Quayside,Partially Furnished Apartment,1357 sqft ,60 Robertson Quay, Ready to move,2,2,"S$ 5,300 /mo",EW16 Outram Park MRT Station,0.96 km
17,Pearl Bank Apartment,Fully Furnished Apartment,150 sqft ,1 Pearl Bank, Ready to move,Room,0,S$ 950 /mo,EW16 Outram Park MRT Station,0.20 km
18,Pinnacle @ Duxton,HDB Apartment,1022 sqft ,1 Cantonment Road, Available from 5 May,2,2,"S$ 3,600 /mo",EW16 Outram Park MRT Station,0.73 km
19,75 Tiong Poh Road,Partially Furnished Walk-up,650 sqft ,75 Tiong Poh Road, Available from 15 May,1,1,"S$ 3,500 /mo",EW16 Outram Park MRT Station,0.73 km
0,Altez,Fully Furnished Condominium,603 sqft ,16 Enggor Street, Ready to move,1,1,"S$ 4,150 /mo",EW16 Outram Park MRT Station,0.99 km
1,Icon,Fully Furnished Apartment,700 sqft ,10 Gopeng Street, Ready to move,1,1,"S$ 3,900 /mo",EW16 Outram Park MRT Station,0.97 km
2,Skysuites @ Anson,Fully Furnished Condominium,365 sqft ,8 Enggor Street, Ready to move,Studio,0,"S$ 2,988 /mo",EW16 Outram Park MRT Station,0.99 km
3,Altez,Partially Furnished Condominium,861 sqft ,16 Enggor Street, Ready to move,1,1,"S$ 4,999 /mo",EW16 Outram Park MRT Station,0.99 km
4,The Arris,Fully Furnished Apartment,936 sqft ,28 Yan Kit Road, Ready to move,2,1,"S$ 4,600 /mo",EW16 Outram Park MRT Station,0.76 km
5,78 Moh Guan Terrace,Fully Furnished Apartment,250 sqft ,78 Moh Guan Terrace, Ready to move,Studio,0,"S$ 1,880 /mo",EW16 Outram Park MRT Station,0.97 km
6,Spottiswoode Suites,Condominium,452 sqft ,14 Spottiswoode Park Road, Ready to move,1,1,"S$ 2,800 /mo",EW16 Outram Park MRT Station,0.63 km
7,45 Kim Cheng Street,Fully Furnished HDB Apartment,947 sqft ,45 Kim Cheng Street, Ready to move,2,2,"S$ 2,800 /mo",EW16 Outram Park MRT Station,0.85 km
8,Pearl Bank Apartment,Fully Furnished Apartment,300 sqft ,1 Pearl Bank, Ready to move,Studio,0,"S$ 1,300 /mo",EW16 Outram Park MRT Station,0.20 km
9,Emerald Garden,Partially Furnished Condominium,980 sqft ,33 Club Street, Ready to move,2,2,"S$ 3,600 /mo",EW16 Outram Park MRT Station,0.90 km
10,32 New Market Road,Fully Furnished HDB Apartment,120 sqft ,32 New Market Road, Ready to move,Room,0,S$ 830 /mo,EW16 Outram Park MRT Station,0.59 km
11,Icon,Fully Furnished Condominium,904 sqft ,10 Gopeng Street, S$ 5.20 psf,2,2,"S$ 4,700 /mo",EW16 Outram Park MRT Station,0.97 km
12,Craig Place,Partially Furnished Apartment,743 sqft ,20 Craig Road, Ready to move,2,1,"S$ 3,600 /mo",EW16 Outram Park MRT Station,0.55 km
13,Craig Place,Partially Furnished Apartment,743 sqft ,20 Craig Road, Available from 22 Apr,2,1,"S$ 3,800 /mo",EW16 Outram Park MRT Station,0.55 km
14,Skysuites @ Anson,Partially Furnished Condominium,398 sqft ,8 Enggor Street, Ready to move,1,1,"S$ 2,900 /mo",EW16 Outram Park MRT Station,0.99 km
15,Skysuites @ Anson,Partially Furnished Condominium,667 sqft ,8 Enggor Street, Ready to move,2,2,"S$ 4,300 /mo",EW16 Outram Park MRT Station,0.99 km
16,Icon,Fully Furnished Apartment,1259 sqft ,10 Gopeng Street, Ready to move,3,2,"S$ 6,000 /mo",EW16 Outram Park MRT Station,0.97 km
17,17 Cantonment Close,Fully Furnished HDB Apartment,200 sqft ,17 Cantonment Close, Ready to move,Room,0,S$ 800 /mo,EW16 Outram Park MRT Station,0.86 km
18,4 Tanjong Pagar Plaza,Unfurnished HDB Apartment,635 sqft ,4 Tanjong Pagar Plaza, Ready to move,2,1,"S$ 2,800 /mo",EW16 Outram Park MRT Station,0.74 km
19,17 Cantonment Close,Partially Furnished HDB Apartment,967 sqft ,17 Cantonment Close, Available from 20 Apr,3,2,"S$ 3,350 /mo",EW16 Outram Park MRT Station,0.86 km
0,10 Jalan Kukoh,Fully Furnished HDB Apartment,581 sqft ,10 Jalan Kukoh, Available from 5 May,1,1,"S$ 1,700 /mo",EW16 Outram Park MRT Station,0.61 km
1,Skysuites @ Anson,Partially Furnished Condominium,667 sqft ,8 Enggor Street, Available from 7 Jun,2,1,"S$ 4,500 /mo",EW16 Outram Park MRT Station,0.99 km
2,107 Spottiswoode Park Road,Fully Furnished Apartment,1313 sqft ,107 Spottiswoode Park Road, Available from 1 May,3,2,"S$ 2,980 /mo",EW16 Outram Park MRT Station,0.96 km
3,Icon,Fully Furnished Apartment,936 sqft ,10 Gopeng Street, Available from 1 Jun,2,2,"S$ 5,250 /mo",EW16 Outram Park MRT Station,0.97 km
4,4 Sago Lane,Fully Furnished HDB Apartment,800 sqft ,4 Sago Lane, Available from 30 Apr,2,2,"S$ 2,000 /mo",EW16 Outram Park MRT Station,0.65 km
5,10 Jalan Bukit Ho Swee,Fully Furnished HDB Apartment,366 sqft ,10 Jalan Bukit Ho Swee, Ready to move,2,1,"S$ 2,350 /mo",EW16 Outram Park MRT Station,0.95 km
6,Altez,Fully Furnished Condominium,1109 sqft ,16 Enggor Street, Ready to move,2,2,"S$ 7,100 /mo",EW16 Outram Park MRT Station,0.99 km
7,Skysuites @ Anson,Fully Furnished Condominium,398 sqft ,8 Enggor Street, Ready to move,Studio,0,"S$ 3,300 /mo",EW16 Outram Park MRT Station,0.99 km
8,Skysuites @ Anson,Condominium,367 sqft ,8 Enggor Street, Ready to move,Studio,0,"S$ 2,800 /mo",EW16 Outram Park MRT Station,0.99 km
9,River Place,Partially Furnished Condominium,1658 sqft ,66 Havelock Road, Ready to move,3,2,"S$ 6,880 /mo",EW16 Outram Park MRT Station,0.92 km
10,River Place,Partially Furnished Condominium,1658 sqft ,62 Havelock Road, Ready to move,3,2,"S$ 6,800 /mo",EW16 Outram Park MRT Station,0.92 km
11,Altez,Fully Furnished Condominium,549 sqft ,16 Enggor Street, Ready to move,1,1,"S$ 4,000 /mo",EW16 Outram Park MRT Station,0.99 km
12,People's Park Complex,Fully Furnished Apartment,1606 sqft ,1 Park Road, Ready to move,4,2,"S$ 6,400 /mo",EW16 Outram Park MRT Station,0.51 km
13,2 Tanjong Pagar Plaza,Fully Furnished HDB Apartment,150 sqft ,2 Tanjong Pagar Plaza, Ready to move,Room,0,"S$ 1,000 /mo",EW16 Outram Park MRT Station,0.82 km
14,34 Upper Cross Street,Fully Furnished HDB Apartment,150 sqft ,34 Upper Cross Street, S$ 5.33 psf,1,1,S$ 800 /mo,EW16 Outram Park MRT Station,0.67 km
15,6 Everton Park,HDB Apartment,1270 sqft ,6 Everton Park, Ready to move,3,2,"S$ 2,900 /mo",EW16 Outram Park MRT Station,0.53 km
16,The Quayside,Apartment,1130 sqft ,60 Robertson Quay, Ready to move,2,2,"S$ 4,788 /mo",EW16 Outram Park MRT Station,0.96 km
17,Emerald Garden,Partially Furnished Condominium,1259 sqft ,33 Club Street, Available from 15 Apr,3,3,"S$ 5,500 /mo",EW16 Outram Park MRT Station,0.90 km
18,Pinnacle @ Duxton,Partially Furnished HDB Apartment,1131 sqft ,1 Cantonment Road, Ready to move,3,2,"S$ 3,950 /mo",EW16 Outram Park MRT Station,0.73 km
19,Icon,Fully Furnished Apartment,560 sqft ,10 Gopeng Street, Ready to move,1,1,"S$ 3,200 /mo",EW16 Outram Park MRT Station,0.97 km
0,The Beacon,Fully Furnished Apartment,1109 sqft ,130 Cantonment Road, S$ 4.33 psf,2,2,"S$ 4,800 /mo",EW16 Outram Park MRT Station,0.62 km
1,River Place,Partially Furnished Condominium,786 sqft ,62 Havelock Road, Available from 20 May,1,1,"S$ 3,500 /mo",EW16 Outram Park MRT Station,0.92 km
2,The Beacon,Partially Furnished Apartment,1108 sqft ,130 Cantonment Road, Ready to move,2,2,"S$ 4,800 /mo",EW16 Outram Park MRT Station,0.62 km
3,Onze @ Tanjong Pagar,Fully Furnished Condominium,1141 sqft ,11 Kee Seng Street, Ready to move,3,2,"S$ 6,000 /mo",EW16 Outram Park MRT Station,0.82 km
4,Onze @ Tanjong Pagar,Fully Furnished Apartment,700 sqft ,11 Kee Seng Street, Ready to move,2,1,"S$ 3,500 /mo",EW16 Outram Park MRT Station,0.82 km
5,Onze @ Tanjong Pagar,Fully Furnished Condominium,500 sqft ,11 Kee Seng Street, Ready to move,1,1,"S$ 2,700 /mo",EW16 Outram Park MRT Station,0.82 km
6,People's Park Complex,Fully Furnished Apartment,1608 sqft ,1 Park Road, Ready to move,6,3,"S$ 5,500 /mo",EW16 Outram Park MRT Station,0.51 km
7,The Arris,Fully Furnished Apartment,969 sqft ,28 Yan Kit Road, Ready to move,2,2,"S$ 4,800 /mo",EW16 Outram Park MRT Station,0.76 km
8,Furnished Historical Heritage Shop-house Loft Located At Mohamed Ali Lane/Club Street,Fully Furnished Conservation House,755 sqft ,23 Mohamed Ali Lane, Ready to move,Studio,0,"S$ 5,500 /mo",EW16 Outram Park MRT Station,0.83 km
9,7 Everton Park,HDB Apartment,140 sqft ,7 Everton Park, Ready to move,Room,0,S$ 850 /mo,EW16 Outram Park MRT Station,0.49 km
10,Skysuites @ Anson,Fully Furnished Condominium,398 sqft ,8 Enggor Street, Ready to move,1,1,"S$ 2,950 /mo",EW16 Outram Park MRT Station,0.99 km
11,Icon,Partially Furnished Condominium,1238 sqft ,10 Gopeng Street, Available from 17 Apr,2,2,"S$ 5,000 /mo",EW16 Outram Park MRT Station,0.97 km
12,8 Cantonment Close,HDB Apartment,1184 sqft ,8 Cantonment Close, Ready to move,Room,0,S$ 750 /mo,EW16 Outram Park MRT Station,0.62 km
13,73 Eng Watt Street,Fully Furnished Conservation House,1100 sqft ,73 Eng Watt Street, Ready to move,2,1,"S$ 4,500 /mo",EW16 Outram Park MRT Station,0.73 km
14,Emerald Garden,Partially Furnished Condominium,1259 sqft ,33 Club Street, Ready to move,3,3,"S$ 4,850 /mo",EW16 Outram Park MRT Station,0.86 km
15,Pearl Bank Apartment,Partially Furnished Apartment,1450 sqft ,1 Pearl Bank, Ready to move,3,2,"S$ 3,000 /mo",EW16 Outram Park MRT Station,0.20 km
16,Altez,Partially Furnished Condominium,861 sqft ,16 Enggor Street, Ready to move,1,1,"S$ 4,300 /mo",EW16 Outram Park MRT Station,0.99 km
17,Skysuites @ Anson,Condominium,699 sqft ,8 Enggor Street, Ready to move,1,0,"S$ 3,888 /mo",EW16 Outram Park MRT Station,0.99 km
18,Spottiswoode 18,Fully Furnished Condominium,387 sqft ,18 Spottiswoode Park Road, Ready to move,1,1,"S$ 2,400 /mo",EW16 Outram Park MRT Station,0.68 km
19,Spottiswoode Residences,Fully Furnished Condominium,603 sqft ,48 Spottiswoode Park Road, Ready to move,1,1,"S$ 3,200 /mo",EW16 Outram Park MRT Station,0.75 km
0,The Quayside,Partially Furnished Apartment,1550 sqft ,60 Robertson Quay, Ready to move,3,3,"S$ 6,000 /mo",EW16 Outram Park MRT Station,0.96 km
1,Emerald Garden,Fully Furnished Condominium,1259 sqft ,33 Club Street, Ready to move,3,2,"S$ 4,888 /mo",EW16 Outram Park MRT Station,0.90 km
2,8 Jalan Kukoh,Fully Furnished HDB Apartment,818 sqft ,8 Jalan Kukoh, Ready to move,2,1,"S$ 2,500 /mo",EW16 Outram Park MRT Station,0.69 km
3,34 Kim Cheng Street,Fully Furnished HDB Apartment,300 sqft ,34 Kim Cheng Street, Ready to move,Room,0,"S$ 1,350 /mo",EW16 Outram Park MRT Station,0.88 km
4,Spottiswoode 18,Partially Furnished Condominium,387 sqft ,18 Spottiswoode Park Road, Ready to move,Studio,0,"S$ 2,400 /mo",EW16 Outram Park MRT Station,0.68 km
5,Icon,Fully Furnished Apartment,570 sqft ,10 Gopeng Street, Ready to move,1,1,"S$ 3,300 /mo",EW16 Outram Park MRT Station,0.97 km
6,Skysuites @ Anson,Fully Furnished Condominium,365 sqft ,8 Enggor Street, Ready to move,Studio,0,"S$ 3,200 /mo",EW16 Outram Park MRT Station,0.99 km
7,The Quayside,Fully Furnished Apartment,1600 sqft ,60 Robertson Quay, Ready to move,3,2,"S$ 6,000 /mo",EW16 Outram Park MRT Station,0.96 km
8,Emerald Garden,Condominium,989 sqft ,33 Club Street, Ready to move,2,2,"S$ 4,000 /mo",EW16 Outram Park MRT Station,0.90 km
9,People's Park Complex,Fully Furnished Apartment,97 sqft ,1 Park Road, S$ 8.76 psf,Room,0,S$ 850 /mo,EW16 Outram Park MRT Station,0.51 km
10,Spottiswoode 18,Fully Furnished Condominium,387 sqft ,18 Spottiswoode Park Road, Ready to move,1,1,"S$ 2,400 /mo",EW16 Outram Park MRT Station,0.68 km
11,Spottiswoode Residences,Fully Furnished Condominium,603 sqft ,48 Spottiswoode Park Road, Available from 1 May,1,1,"S$ 3,180 /mo",EW16 Outram Park MRT Station,0.75 km
12,Skysuites @ Anson,Fully Furnished Condominium,365 sqft ,8 Enggor Street, Ready to move,Studio,0,"S$ 2,950 /mo",EW16 Outram Park MRT Station,0.99 km
13,Skysuites @ Anson,Fully Furnished Condominium,1011 sqft ,8 Enggor Street, Ready to move,3,2,"S$ 6,600 /mo",EW16 Outram Park MRT Station,0.99 km
14,Skysuites @ Anson,Fully Furnished Condominium,366 sqft ,8 Enggor Street, Ready to move,1,1,"S$ 2,800 /mo",EW16 Outram Park MRT Station,0.99 km
15,The Beacon,Partially Furnished Apartment,1109 sqft ,130 Cantonment Road, Available from 30 Apr,2,2,"S$ 4,600 /mo",EW16 Outram Park MRT Station,0.62 km
16,Altez,Condominium,839 sqft ,16 Enggor Street, Ready to move,2,2,"S$ 6,000 /mo",EW16 Outram Park MRT Station,0.99 km
17,Icon,Fully Furnished Apartment,581 sqft ,10 Gopeng Street, S$ 5.51 psf,1,1,"S$ 3,200 /mo",EW16 Outram Park MRT Station,0.97 km
18,People's Park Complex,Partially Furnished Apartment,409 sqft ,1 Park Road, S$ 4.89 psf,Studio,0,"S$ 2,000 /mo",EW16 Outram Park MRT Station,0.51 km
19,535 Upper Cross Street,Unfurnished HDB Apartment,678 sqft ,535 Upper Cross Street, Available from 23 Apr,Room,0,"S$ 2,300 /mo",EW16 Outram Park MRT Station,0.92 km
0,The Platinum,Fully Furnished Apartment,350 sqft ,46 cross st, Ready to move,Studio,0,"S$ 2,900 /mo",EW16 Outram Park MRT Station,0.75 km
1,The Platinum,Fully Furnished Apartment,670 sqft ,(within 0.76 km), S$ 5.67 psf,Studio,0,"S$ 3,800 /mo",EW16 Outram Park MRT Station,0.76 km
2,Emerald Garden,Partially Furnished Condominium,1248 sqft ,33 Club Street, Available from 5 May,3,3,"S$ 4,800 /mo",EW16 Outram Park MRT Station,0.90 km
3,Altez,Partially Furnished Condominium,1109 sqft ,16 Enggor Street, S$ 7.03 psf,1,2,"S$ 7,800 /mo",EW16 Outram Park MRT Station,0.99 km
4,Altez,Partially Furnished Condominium,1109 sqft ,16 Enggor Street, S$ 6.94 psf,2,2,"S$ 7,700 /mo",EW16 Outram Park MRT Station,0.99 km
5,Altez,Partially Furnished Condominium,1561 sqft ,16 Enggor Street, S$ 5.70 psf,3,2,"S$ 8,900 /mo",EW16 Outram Park MRT Station,0.99 km
6,Icon,Fully Furnished Apartment,570 sqft ,10 Gopeng Street, Ready to move,1,1,"S$ 3,100 /mo",EW16 Outram Park MRT Station,0.97 km
7,Icon,Partially Furnished Apartment,904 sqft ,10 Gopeng Street, Ready to move,2,2,"S$ 4,499 /mo",EW16 Outram Park MRT Station,0.97 km
8,107 Spottiswoode Park Road,Fully Furnished HDB Apartment,210 sqft ,107 Spottiswoode Park Road, Ready to move,Room,0,"S$ 1,200 /mo",EW16 Outram Park MRT Station,0.96 km
9,107 Spottiswoode Park Road,Fully Furnished HDB Apartment,180 sqft ,107 Spottiswoode Park Road, Ready to move,Room,0,S$ 860 /mo,EW16 Outram Park MRT Station,0.96 km
10,Icon,Fully Furnished Apartment,570 sqft ,10 Gopeng Street, Available from 11 Apr,1,1,"S$ 3,500 /mo",EW16 Outram Park MRT Station,0.97 km
11,Icon,Fully Furnished Apartment,700 sqft ,10 Gopeng Street, Available from 19 May,1,1,"S$ 4,500 /mo",EW16 Outram Park MRT Station,0.97 km
12,Icon,Fully Furnished Apartment,581 sqft ,10 Gopeng Street, Ready to move,1,1,"S$ 3,200 /mo",EW16 Outram Park MRT Station,0.97 km
13,Spottiswoode Residences,Fully Furnished Condominium,625 sqft ,48 Spottiswoode Park Road, Available from 20 Apr,1,1,"S$ 3,200 /mo",EW16 Outram Park MRT Station,0.75 km
14,Altez,Partially Furnished Condominium,1173 sqft ,16 Enggor Street, Available from 30 Apr,2,2,"S$ 7,200 /mo",EW16 Outram Park MRT Station,0.99 km
15,Onze @ Tanjong Pagar,Fully Furnished Apartment,672 sqft ,11 Kee Seng Street, Ready to move,2,1,"S$ 4,000 /mo",EW16 Outram Park MRT Station,0.82 km
16,The Quayside,Partially Furnished Apartment,1313 sqft ,60 Robertson Quay, Ready to move,2,2,"S$ 5,000 /mo",EW16 Outram Park MRT Station,0.96 km
17,82 Tiong Poh Road,Partially Furnished Apartment,1020 sqft ,82 Tiong Poh Road, Ready to move,3,1,"S$ 3,000 /mo",EW16 Outram Park MRT Station,0.60 km
18,Pearl Bank Apartment,Fully Furnished Apartment,150 sqft ,1 Pearl Bank, Ready to move,Room,0,"S$ 1,200 /mo",EW16 Outram Park MRT Station,0.20 km
19,People's Park Complex,Apartment,409 sqft ,1 Park Road, Ready to move,Studio,0,"S$ 2,100 /mo",EW16 Outram Park MRT Station,0.51 km
0,Spottiswoode Residences,Partially Furnished Condominium,936 sqft ,48 Spottiswoode Park Road, Ready to move,2,2,"S$ 3,900 /mo",EW16 Outram Park MRT Station,0.75 km
1,Spottiswoode Residences,Condominium,945 sqft ,48 Spottiswoode Park Road, Ready to move,1,2,"S$ 4,200 /mo",EW16 Outram Park MRT Station,0.75 km
2,Spottiswoode Residences,Partially Furnished Condominium,603 sqft ,48 Spottiswoode Park Road, Ready to move,1,1,"S$ 3,000 /mo",EW16 Outram Park MRT Station,0.75 km
3,4B Boon Tiong Road,Fully Furnished HDB Apartment,1076 sqft ,4B Boon Tiong Road, Ready to move,3,2,"S$ 2,900 /mo",EW16 Outram Park MRT Station,0.95 km
4,Icon,Apartment,915 sqft ,10 Gopeng Street, S$ 5.03 psf,2,2,"S$ 4,600 /mo",EW16 Outram Park MRT Station,0.97 km
5,4B Boon Tiong Road,Partially Furnished HDB Apartment,1076 sqft ,4B Boon Tiong Road, Ready to move,3,2,"S$ 2,700 /mo",EW16 Outram Park MRT Station,0.95 km
6,Spottiswoode Residences,Partially Furnished Condominium,624 sqft ,48 Spottiswoode Park Road, Ready to move,1,1,"S$ 3,200 /mo",EW16 Outram Park MRT Station,0.75 km
7,Spottiswoode Residences,Partially Furnished Condominium,797 sqft ,48 Spottiswoode Park Road, Available from 28 Jun,2,2,"S$ 3,800 /mo",EW16 Outram Park MRT Station,0.75 km
8,Dorsett Residences,Fully Furnished Condominium,689 sqft ,333 New Bridge Road, Ready to move,2,2,"S$ 4,100 /mo",EW16 Outram Park MRT Station,0.25 km
9,Altez,Partially Furnished Condominium,1173 sqft ,16 Enggor Street, Ready to move,2,3,"S$ 7,000 /mo",EW16 Outram Park MRT Station,0.99 km
10,The Beacon,Fully Furnished Apartment,1109 sqft ,130 Cantonment Road, Ready to move,2,2,"S$ 4,600 /mo",EW16 Outram Park MRT Station,0.62 km
11,IR1b - Neil Road Heritage Home High Ceiling 3+1/Garden,Partially Furnished Shophouse,"5000 sqft, 3400 sqft (land) ","Near by Blair Rd, Everton Rd, Neil Rd", Ready to move,3,4,"S$ 15,000 /mo",EW16 Outram Park MRT Station,0.50 km
12,IR19 - Bright N Breezy 1100 Sq Ft Tiong Bahru Retro 2 Bed Fully Restored,Partially Furnished Walk-up,1100 sqft ,"Near By Chay Yan St, Peng Nguan St", Ready to move,2,2,"S$ 5,500 /mo",EW16 Outram Park MRT Station,0.91 km
13,IR8a - Eclat Design 2 Bed Tiong Bahru With Courtyard,Fully Furnished Walk-up,1722 sqft ,"Near By Yong Siak Street, Chay Yan St", Available from 1 May,2,2,"S$ 6,800 /mo",EW16 Outram Park MRT Station,0.96 km
14,Best Ever Tiong Bahru Ground Floor! Funky! 2+1 1400 Sq,Partially Furnished Walk-up,1400 sqft ,"Near By Guan Chuan St, Chay Yan St", Ready to move,3,2,"S$ 7,000 /mo",EW16 Outram Park MRT Station,0.80 km
15,The Quayside,Fully Furnished Condominium,350 sqft ,60 Robertson Quay, Ready to move,Studio,0,"S$ 2,300 /mo",EW16 Outram Park MRT Station,0.96 km
16,The Beacon,Apartment,1109 sqft ,130 Cantonment Road, Ready to move,2,2,"S$ 4,900 /mo",EW16 Outram Park MRT Station,0.62 km
17,Emerald Garden,Partially Furnished Condominium,970 sqft ,33 Club Street, Ready to move,2,2,"S$ 3,900 /mo",EW16 Outram Park MRT Station,0.90 km
18,Spottiswoode Park,Fully Furnished Condominium,800 sqft ,(within 0.75 km), Ready to move,2,2,"S$ 4,500 /mo",EW16 Outram Park MRT Station,0.75 km
19,Spottiswoode Suites,Condominium,872 sqft ,14 Spottiswoode Park Road, Ready to move,2,2,"S$ 4,200 /mo",EW16 Outram Park MRT Station,0.63 km
0,1 Everton Park,Partially Furnished HDB Apartment,750 sqft ,1 Everton Park, Ready to move,2,1,"S$ 2,300 /mo",EW16 Outram Park MRT Station,0.47 km
1,Emerald Garden,Condominium,828 sqft ,33 Club Street, Ready to move,2,1,"S$ 3,800 /mo",EW16 Outram Park MRT Station,0.90 km
2,Pinnacle @ Duxton,Fully Furnished HDB Apartment,1044 sqft ,1C Cantonment Road, Ready to move,2,2,"S$ 3,500 /mo",EW16 Outram Park MRT Station,0.73 km
3,The Regency At Tiong Bahru,Fully Furnished Condominium,1281 sqft ,38 Chay Yan Street, Available from 10 May,3,2,"S$ 6,000 /mo",EW16 Outram Park MRT Station,0.99 km
4,River Place,Fully Furnished Condominium,1216 sqft ,60 Havelock Road, Ready to move,3,2,"S$ 5,500 /mo",EW16 Outram Park MRT Station,0.92 km
5,River Place,Fully Furnished Condominium,818 sqft ,60 Havelock Road, Available from 10 May,1,1,"S$ 3,500 /mo",EW16 Outram Park MRT Station,0.92 km
6,Skysuites @ Anson,Condominium,398 sqft ,8 Enggor Street, Ready to move,1,1,"S$ 3,300 /mo",EW16 Outram Park MRT Station,0.99 km
7,Icon,Apartment,570 sqft ,10 Gopeng Street, Available from 24 Apr,1,1,"S$ 3,300 /mo",EW16 Outram Park MRT Station,0.97 km
8,Spottiswoode Residences,Condominium,603 sqft ,48 Spottiswoode Park Road, Ready to move,1,1,"S$ 3,100 /mo",EW16 Outram Park MRT Station,0.75 km
9,Onze @ Tanjong Pagar,Partially Furnished Apartment,1141 sqft ,11 Kee Seng Street, Ready to move,3,2,"S$ 5,200 /mo",EW16 Outram Park MRT Station,0.82 km
10,Pinnacle @ Duxton,Fully Furnished HDB Apartment,70 sqft ,1 Cantonment Road, S$ 17.14 psf,Room,0,"S$ 1,200 /mo",EW16 Outram Park MRT Station,0.73 km
11,AWARD HERITAGE Charming ! So CONVENIENT ! CBD N MRT,Partially Furnished Conservation House,"570 sqft, 530 sqft (land) ",Chinatown MRT /Nr CBD Downtown City, Ready to move,1,1,"S$ 3,500 /mo",EW16 Outram Park MRT Station,0.66 km
12,"Chinatown, Singapore",Fully Furnished HDB Apartment,700 sqft ,(within 0.63 km), S$ 3.79 psf,2,1,"S$ 2,650 /mo",EW16 Outram Park MRT Station,0.63 km
13,Pearl Bank Apartment,Fully Furnished Apartment,200 sqft ,1A Pearl Bank, Ready to move,Room,0,"S$ 1,300 /mo",EW16 Outram Park MRT Station,0.20 km
14,Icon,Apartment,915 sqft ,10 Gopeng Street, Ready to move,2,2,"S$ 4,600 /mo",EW16 Outram Park MRT Station,0.97 km
15,2 Tanjong Pagar Plaza,Fully Furnished HDB Apartment,700 sqft ,2 Tanjong Pagar Plaza, Ready to move,Studio,0,"S$ 1,800 /mo",EW16 Outram Park MRT Station,0.82 km
16,Icon,Partially Furnished Apartment,904 sqft ,10 Gopeng Street, Ready to move,2,1,"S$ 4,700 /mo",EW16 Outram Park MRT Station,0.97 km
17,IR1b - Superb Old World Charm Rambling Neil Shophouse,Partially Furnished Shophouse,"5000 sqft, 3400 sqft (land) ","Near by Blair Rd, Everton Rd, Neil Rd", S$ 4.41 psf,3,4,"S$ 15,000 /mo",EW16 Outram Park MRT Station,0.47 km
18,Spottiswoode 18,Partially Furnished Condominium,389 sqft ,18 Spottiswoode Park Road, S$ 6.43 psf,1,1,"S$ 2,500 /mo",EW16 Outram Park MRT Station,0.68 km
19,Spottiswoode 18,Partially Furnished Condominium,389 sqft ,18 Spottiswoode Park Road, S$ 6.17 psf,1,2,"S$ 2,400 /mo",EW16 Outram Park MRT Station,0.68 km
0,Spottiswoode 18,Partially Furnished Condominium,389 sqft ,18 Spottiswoode Park Road, S$ 6.17 psf,1,2,"S$ 2,400 /mo",EW16 Outram Park MRT Station,0.68 km
1,Icon,Partially Furnished Apartment,657 sqft ,10 Gopeng Street, Ready to move,1,1,"S$ 4,200 /mo",EW16 Outram Park MRT Station,0.97 km
2,Craig Place,Partially Furnished Apartment,732 sqft ,20 Craig Road, Available from 22 Apr,2,1,"S$ 3,700 /mo",EW16 Outram Park MRT Station,0.55 km
3,Spottiswoode 18,Partially Furnished Condominium,635 sqft ,18 Spottiswoode Park Road, Ready to move,2,2,"S$ 3,400 /mo",EW16 Outram Park MRT Station,0.68 km
4,IR19 - Bright Tiong Bahru 1100 Sq 2 Bed 2 Bath Plus Roof Terrace,Partially Furnished Walk-up,1100 sqft ,"Near By Chay Yan St, Peng Nguan St", Ready to move,2,2,"S$ 5,500 /mo",EW16 Outram Park MRT Station,0.90 km
5,IR8a - Largest Tiong Bahru 2 Bed 1722 Sf With Parking,Fully Furnished Walk-up,1722 sqft ,"Near By Yong Siak Street, Chay Yan St", Ready to move,2,2,"S$ 6,800 /mo",EW16 Outram Park MRT Station,0.94 km
6,IR8 - Amazing Exposed Brick Walls! Character 2 Bed Plus Loft,Partially Furnished Walk-up,1400 sqft ,"Near By Guan Chuan St, Chay Yan St", Ready to move,3,2,"S$ 7,000 /mo",EW16 Outram Park MRT Station,0.84 km
7,River Place,Fully Furnished Condominium,786 sqft ,60 Havelock Road, Ready to move,1,1,"S$ 3,500 /mo",EW16 Outram Park MRT Station,0.92 km
8,Icon,Partially Furnished Apartment,904 sqft ,10 Gopeng Street, Available from 15 May,2,2,"S$ 4,200 /mo",EW16 Outram Park MRT Station,0.97 km
9,River Place,Partially Furnished Condominium,786 sqft ,62 Havelock Road, Available from 20 May,1,1,"S$ 3,400 /mo",EW16 Outram Park MRT Station,0.92 km
10,Icon,Partially Furnished Apartment,700 sqft ,10 Gopeng Street, Available from 20 May,1,1,"S$ 4,500 /mo",EW16 Outram Park MRT Station,0.97 km
11,Pinnacle @ Duxton,Fully Furnished HDB Apartment,1184 sqft ,1 Cantonment Road, Ready to move,3,2,"S$ 4,100 /mo",EW16 Outram Park MRT Station,0.73 km
12,Icon,Partially Furnished Apartment,904 sqft ,10 Gopeng Street, Ready to move,2,2,"S$ 4,900 /mo",EW16 Outram Park MRT Station,0.97 km
13,Icon,Apartment,678 sqft ,10 Gopeng Street, S$ 5.90 psf,1,2,"S$ 4,000 /mo",EW16 Outram Park MRT Station,0.97 km
14,Icon,Apartment,560 sqft ,10 Gopeng Street, S$ 5.89 psf,1,1,"S$ 3,300 /mo",EW16 Outram Park MRT Station,0.97 km
15,The Regency At Tiong Bahru,Partially Furnished Condominium,1280 sqft ,38 Chay Yan Street, Available from 16 Apr,3,3,"S$ 5,500 /mo",EW16 Outram Park MRT Station,0.99 km
16,Emerald Garden,Condominium,969 sqft ,(within 0.90 km), Available from 30 Apr,2,2,"S$ 3,800 /mo",EW16 Outram Park MRT Station,0.90 km
17,Spottiswoode Residences,Partially Furnished Condominium,602 sqft ,48 Spottiswoode Park Road, Ready to move,1,1,"S$ 3,000 /mo",EW16 Outram Park MRT Station,0.75 km
18,Altez,Fully Furnished Condominium,753 sqft ,16 Enggor Street, Ready to move,1,1,"S$ 5,000 /mo",EW16 Outram Park MRT Station,0.99 km
19,Altez,Fully Furnished Condominium,753 sqft ,16 Enggor Street, Ready to move,1,2,"S$ 5,000 /mo",EW16 Outram Park MRT Station,0.99 km
0,Skysuites @ Anson,Condominium,366 sqft ,8 Enggor Street, Ready to move,Studio,0,"S$ 3,200 /mo",EW16 Outram Park MRT Station,0.99 km
1,Altez,Partially Furnished Condominium,1012 sqft ,16 Enggor Street, Available from 14 May,2,2,"S$ 5,300 /mo",EW16 Outram Park MRT Station,0.99 km
2,Emerald Garden,Partially Furnished Condominium,990 sqft ,33 Club Street, Available from 7 Jun,2,2,"S$ 3,800 /mo",EW16 Outram Park MRT Station,0.90 km
3,32 New Market Road,Fully Furnished HDB Apartment,550 sqft ,32 New Market Road, Ready to move,2,1,"S$ 2,000 /mo",EW16 Outram Park MRT Station,0.59 km
4,Icon,Apartment,904 sqft ,10 Gopeng Street, S$ 5.53 psf,2,2,"S$ 5,000 /mo",EW16 Outram Park MRT Station,0.97 km
5,Icon,Fully Furnished Apartment,560 sqft ,10 Gopeng Street, Ready to move,1,1,"S$ 3,200 /mo",EW16 Outram Park MRT Station,0.97 km
6,Spottiswoode Residences,Partially Furnished Condominium,603 sqft ,48 Spottiswoode Park Road, Ready to move,1,1,"S$ 2,900 /mo",EW16 Outram Park MRT Station,0.75 km
7,Icon,Partially Furnished Apartment,1237 sqft ,10 Gopeng Street, Available from 1 May,3,3,"S$ 5,800 /mo",EW16 Outram Park MRT Station,0.97 km
8,535 Upper Cross Street,Partially Furnished HDB Apartment,60 sqft ,535 Upper Cross Street, Ready to move,2,1,"S$ 2,200 /mo",EW16 Outram Park MRT Station,0.92 km
9,Icon,Fully Furnished Condominium,1238 sqft ,10 Gopeng Street, S$ 4.44 psf,2,2,"S$ 5,500 /mo",EW16 Outram Park MRT Station,0.97 km
10,The Beacon,Partially Furnished Apartment,1109 sqft ,130 Cantonment Road, Ready to move,2,2,"S$ 4,900 /mo",EW16 Outram Park MRT Station,0.62 km
11,People'S Park Complex,Fully Furnished Apartment,409 sqft ,1 Park Road, S$ 3.91 psf,Studio,0,"S$ 1,600 /mo",EW16 Outram Park MRT Station,0.70 km
12,56 Eng Hoon Street,Walk-up,500 sqft ,56 Eng Hoon Street, Ready to move,1,1,"S$ 2,600 /mo",EW16 Outram Park MRT Station,0.62 km
13,17 Cantonment Close,Fully Furnished HDB Apartment,120 sqft ,17 Cantonment Close, Ready to move,Room,0,"S$ 1,000 /mo",EW16 Outram Park MRT Station,0.86 km
14,Pinnacle @ Duxton,Partially Furnished HDB Apartment,1022 sqft ,1C Cantonment Road, Ready to move,3,2,"S$ 3,900 /mo",EW16 Outram Park MRT Station,0.73 km
15,Pinnacle @ Duxton,Fully Furnished HDB Apartment,100 sqft ,1 Cantonment Road, Ready to move,Room,0,"S$ 1,200 /mo",EW16 Outram Park MRT Station,0.73 km
16,8 Cantonment Close,Fully Furnished HDB Apartment,138 sqft ,8 Cantonment Close, S$ 5.43 psf,Room,0,S$ 750 /mo,EW16 Outram Park MRT Station,0.62 km
17,River Place,Fully Furnished Condominium,786 sqft ,60 Havelock Road, Ready to move,1,1,"S$ 3,000 /mo",EW16 Outram Park MRT Station,0.92 km
18,Pearl Bank Apartment,Fully Furnished Apartment,150 sqft ,1 Pearl Bank, Ready to move,Room,0,"S$ 1,100 /mo",EW16 Outram Park MRT Station,0.20 km
19,102 Spottiswoode Park Road,Fully Furnished HDB Apartment,100 sqft ,102 Spottiswoode Park Road, S$ 8.00 psf,2,2,S$ 800 /mo,EW16 Outram Park MRT Station,0.80 km
0,Icon,Fully Furnished Apartment,904 sqft ,10 Gopeng Street, Ready to move,2,2,"S$ 4,600 /mo",EW16 Outram Park MRT Station,0.97 km
1,Spottiswoode Residences,Partially Furnished Condominium,603 sqft ,48 Spottiswoode Park Road, S$ 4.81 psf,1,1,"S$ 2,900 /mo",EW16 Outram Park MRT Station,0.75 km
2,Spottiswoode Residences,Partially Furnished Condominium,592 sqft ,48 Spottiswoode Park Road, Available from 17 May,1,1,"S$ 2,900 /mo",EW16 Outram Park MRT Station,0.75 km
3,94 Havelock Road,Fully Furnished HDB Apartment,161 sqft ,94 Havelock Road, Ready to move,Room,0,S$ 900 /mo,EW16 Outram Park MRT Station,0.96 km
4,127D Kim Tian Road,Partially Furnished HDB Apartment,161 sqft ,127D Kim Tian Road, Ready to move,Room,0,S$ 850 /mo,EW16 Outram Park MRT Station,0.96 km
5,The Beacon,Fully Furnished Apartment,1108 sqft ,130 Cantonment Road, Ready to move,2,2,"S$ 4,850 /mo",EW16 Outram Park MRT Station,0.62 km
6,57 Eng Hoon Street,Fully Furnished Apartment,1050 sqft ,57 Eng Hoon Street, Available from 27 May,3,1,"S$ 2,400 /mo",EW16 Outram Park MRT Station,0.69 km
7,13 Cantonment Close,Fully Furnished HDB Apartment,807 sqft ,13 Cantonment Close, Ready to move,2,2,"S$ 2,700 /mo",EW16 Outram Park MRT Station,0.79 km
8,Icon,Fully Furnished Apartment,926 sqft ,10 Gopeng Street, Ready to move,2,2,"S$ 4,650 /mo",EW16 Outram Park MRT Station,0.97 km
9,Spottiswoode 18,Partially Furnished Condominium,657 sqft ,18 Spottiswoode Park Road, S$ 4.49 psf,2,1,"S$ 2,950 /mo",EW16 Outram Park MRT Station,0.68 km
10,River Place,Condominium,786 sqft ,60 Havelock Road, Ready to move,1,1,"S$ 3,300 /mo",EW16 Outram Park MRT Station,0.92 km
11,Altez,Partially Furnished Condominium,1200 sqft ,16 Enggor Street, Ready to move,2,3,"S$ 7,200 /mo",EW16 Outram Park MRT Station,0.99 km
12,Emerald Garden,Fully Furnished Condominium,968 sqft ,33 Club Street, Available from 1 May,2,2,"S$ 3,800 /mo",EW16 Outram Park MRT Station,0.90 km
13,2 Bedrooms Condominium Tanjong Pagar,Partially Furnished Condominium,538 sqft ,Tanjong Pagar, Ready to move,2,2,"S$ 3,600 /mo",EW16 Outram Park MRT Station,0.92 km
14,Spottiswoode 18,Partially Furnished Condominium,657 sqft ,18 Spottiswoode Park Road, Available from 30 Apr,2,2,"S$ 3,200 /mo",EW16 Outram Park MRT Station,0.68 km
15,Skysuites @ Anson,Fully Furnished Condominium,365 sqft ,8 Enggor Street, Ready to move,Studio,0,"S$ 2,800 /mo",EW16 Outram Park MRT Station,0.99 km
16,Skysuites @ Anson,Partially Furnished Condominium,699 sqft ,8 Enggor Street, Ready to move,2,2,"S$ 3,700 /mo",EW16 Outram Park MRT Station,0.99 km
17,Skysuites @ Anson,Fully Furnished Condominium,398 sqft ,8 Enggor Street, Available from 14 Apr,1,1,"S$ 3,300 /mo",EW16 Outram Park MRT Station,0.99 km
18,Emerald Garden,Partially Furnished Condominium,926 sqft ,33 Club Street, Available from 3 May,2,1,"S$ 3,700 /mo",EW16 Outram Park MRT Station,0.90 km
19,Altez,Fully Furnished Condominium,1184 sqft ,16 Enggor Street, Ready to move,2,2,"S$ 7,200 /mo",EW16 Outram Park MRT Station,0.99 km
0,Altez,Fully Furnished Condominium,753 sqft ,16 Enggor Street, Ready to move,1,1,"S$ 5,000 /mo",EW16 Outram Park MRT Station,0.99 km
1,Skysuites @ Anson,Partially Furnished Condominium,398 sqft ,8 Enggor Street, Ready to move,1,1,"S$ 3,000 /mo",EW16 Outram Park MRT Station,0.99 km
2,73 Eng Watt Street,Partially Furnished Walk-up,1100 sqft ,73 Eng Watt Street, Ready to move,2,1,"S$ 4,500 /mo",EW16 Outram Park MRT Station,0.73 km
3,Pearl Bank Apartment,Fully Furnished Apartment,200 sqft ,1 Pearl Bank, Ready to move,Room,0,"S$ 1,200 /mo",EW16 Outram Park MRT Station,0.20 km
4,Icon,Fully Furnished Apartment,570 sqft ,10 Gopeng Street, S$ 5.96 psf,1,1,"S$ 3,400 /mo",EW16 Outram Park MRT Station,0.97 km
5,13 Cantonment Close,Fully Furnished HDB Apartment,1184 sqft ,13 Cantonment Close, S$ 2.36 psf,3,2,"S$ 2,800 /mo",EW16 Outram Park MRT Station,0.79 km
6,Spottiswoode 18,Partially Furnished Condominium,657 sqft ,18 Spottiswoode Park Road, Ready to move,2,2,"S$ 3,300 /mo",EW16 Outram Park MRT Station,0.68 km
7,12 York Hill,Fully Furnished HDB Apartment,650 sqft ,12 York Hill, Ready to move,2,1,"S$ 1,900 /mo",EW16 Outram Park MRT Station,0.61 km
8,The Beacon,Partially Furnished Apartment,1108 sqft ,130 Cantonment Road, Ready to move,2,2,"S$ 4,700 /mo",EW16 Outram Park MRT Station,0.62 km
9,3 Tanjong Pagar Plaza,Fully Furnished HDB Apartment,700 sqft ,3 Tanjong Pagar Plaza, Ready to move,2,1,"S$ 2,200 /mo",EW16 Outram Park MRT Station,0.76 km
10,Skysuites @ Anson,Partially Furnished Condominium,365 sqft ,8 Enggor Street, S$ 7.95 psf,1,1,"S$ 2,900 /mo",EW16 Outram Park MRT Station,0.99 km
11,Icon,Fully Furnished Apartment,581 sqft ,10 Gopeng Street, Ready to move,1,1,"S$ 3,200 /mo",EW16 Outram Park MRT Station,0.97 km
12,Pinnacle @ Duxton,Fully Furnished HDB Apartment,1130 sqft ,1B Cantonment Road, Ready to move,3,2,"S$ 3,500 /mo",EW16 Outram Park MRT Station,0.73 km
13,Icon,Apartment,1044 sqft ,10 Gopeng Street, Ready to move,2,2,"S$ 5,000 /mo",EW16 Outram Park MRT Station,0.97 km
14,Icon,Fully Furnished Apartment,1044 sqft ,10 Gopeng Street, Ready to move,2,2,"S$ 5,200 /mo",EW16 Outram Park MRT Station,0.97 km
15,Onze @ Tanjong Pagar,Fully Furnished Apartment,1044 sqft ,11 Kee Seng Street, Ready to move,4,2,"S$ 6,988 /mo",EW16 Outram Park MRT Station,0.82 km
16,Skysuites @ Anson,Fully Furnished Condominium,699 sqft ,8 Enggor Street, Ready to move,2,2,"S$ 3,800 /mo",EW16 Outram Park MRT Station,0.99 km
17,Spottiswoode 18,Fully Furnished Condominium,387 sqft ,18 Spottiswoode Park Road, Available from 29 Apr,1,1,"S$ 2,400 /mo",EW16 Outram Park MRT Station,0.68 km
18,Skysuites @ Anson,Partially Furnished Condominium,667 sqft ,8 Enggor Street, Ready to move,2,2,"S$ 3,950 /mo",EW16 Outram Park MRT Station,0.99 km
19,Spottiswoode 18,Fully Furnished Condominium,657 sqft ,18 Spottiswoode Park Road, Available from 1 May,2,2,"S$ 3,000 /mo",EW16 Outram Park MRT Station,0.68 km
0,Emerald Garden,Unfurnished Condominium,1055 sqft ,(within 0.90 km), Ready to move,2,2,"S$ 3,800 /mo",EW16 Outram Park MRT Station,0.90 km
1,Skysuites @ Anson,Fully Furnished Condominium,365 sqft ,8 Enggor Street, Ready to move,Studio,0,"S$ 2,800 /mo",EW16 Outram Park MRT Station,0.99 km
2,The Cliff,Fully Furnished Apartment,829 sqft ,(within 0.99 km), Available from 7 Jun,1,1,"S$ 5,200 /mo",EW16 Outram Park MRT Station,0.99 km
3,Altez,Partially Furnished Condominium,1173 sqft ,16 Enggor Street, S$ 5.97 psf,2,2,"S$ 7,000 /mo",EW16 Outram Park MRT Station,0.99 km
4,Pearl Bank Apartment,Fully Furnished Apartment,1323 sqft ,1 Pearl Bank, Available from 15 May,2,2,"S$ 3,300 /mo",EW16 Outram Park MRT Station,0.20 km
5,Altez,Partially Furnished Condominium,1109 sqft ,16 Enggor Street, Ready to move,2,2,"S$ 7,500 /mo",EW16 Outram Park MRT Station,0.99 km
6,Altez,Fully Furnished Condominium,840 sqft ,16 Enggor Street, Ready to move,1,2,"S$ 5,000 /mo",EW16 Outram Park MRT Station,0.99 km
7,Skysuites @ Anson,Partially Furnished Condominium,398 sqft ,8 Enggor Street, Ready to move,1,1,"S$ 2,900 /mo",EW16 Outram Park MRT Station,0.99 km
8,Skysuites @ Anson,Partially Furnished Condominium,667 sqft ,8 Enggor Street, Ready to move,2,2,"S$ 4,400 /mo",EW16 Outram Park MRT Station,0.99 km
9,Icon,Partially Furnished Apartment,904 sqft ,10 Gopeng Street, Available from 18 May,2,1,"S$ 4,200 /mo",EW16 Outram Park MRT Station,0.97 km
10,Eng Hoon Mansions,Fully Furnished Apartment,200 sqft ,17 Eng Hoon Street, Ready to move,Room,0,"S$ 1,000 /mo",EW16 Outram Park MRT Station,0.50 km
11,River Place,Fully Furnished Condominium,1658 sqft ,60 Havelock Road, Ready to move,3,3,"S$ 6,000 /mo",EW16 Outram Park MRT Station,0.92 km
12,River Place,Fully Furnished Condominium,818 sqft ,60 Havelock Road, Available from 15 May,2,1,"S$ 3,300 /mo",EW16 Outram Park MRT Station,0.92 km
13,Altez,Partially Furnished Condominium,753 sqft ,16 Enggor Street, Ready to move,1,1,"S$ 5,150 /mo",EW16 Outram Park MRT Station,0.99 km
14,Chinatown Plaza,Fully Furnished Apartment,1730 sqft ,34 Craig Road, Ready to move,3,2,"S$ 3,900 /mo",EW16 Outram Park MRT Station,0.51 km
15,Chinatown Plaza,Fully Furnished Apartment,2130 sqft ,34 Craig Road, Ready to move,3,3,"S$ 4,000 /mo",EW16 Outram Park MRT Station,0.50 km
16,Chinatown Plaza,Fully Furnished Apartment,200 sqft ,34 Craig Road, Ready to move,Room,0,"S$ 1,000 /mo",EW16 Outram Park MRT Station,0.50 km
17,19 Cantonment Close,Fully Furnished HDB Apartment,969 sqft ,19 Cantonment Close, Available from 1 May,3,2,"S$ 3,200 /mo",EW16 Outram Park MRT Station,0.83 km
18,Pearl's Hill Terrace,Fully Furnished Apartment,530 sqft ,201 Pearl's Hill Terrace, Ready to move,2,1,"S$ 1,950 /mo",EW16 Outram Park MRT Station,0.47 km
19,Pearl's Hill Terrace,Fully Furnished Apartment,450 sqft ,201 Pearl's Hill Terrace, Ready to move,1,1,"S$ 1,700 /mo",EW16 Outram Park MRT Station,0.47 km
0,146 Jalan Bukit Merah,Fully Furnished HDB Apartment,979 sqft ,146 Jalan Bukit Merah, Available from 1 May,3,2,"S$ 2,700 /mo",EW16 Outram Park MRT Station,0.97 km
1,Pearl Bank Apartment,Fully Furnished Apartment,180 sqft ,1 Pearl Bank, Ready to move,Room,0,"S$ 1,300 /mo",EW16 Outram Park MRT Station,0.20 km
2,Spottiswoode Residences,Partially Furnished Condominium,603 sqft ,48 Spottiswoode Park Road, S$ 4.81 psf,1,1,"S$ 2,900 /mo",EW16 Outram Park MRT Station,0.75 km
3,Icon,Fully Furnished Apartment,570 sqft ,(within 0.97 km), Ready to move,1,1,"S$ 3,400 /mo",EW16 Outram Park MRT Station,0.97 km
4,Spottiswoode Suites,Partially Furnished Condominium,872 sqft ,14 Spottiswoode Park Road, Ready to move,2,2,"S$ 4,200 /mo",EW16 Outram Park MRT Station,0.63 km
5,Icon,Partially Furnished Apartment,920 sqft ,10 Gopeng Street, Ready to move,2,2,"S$ 4,800 /mo",EW16 Outram Park MRT Station,0.97 km
6,Spottiswoode 18,Fully Furnished Condominium,387 sqft ,18 Spottiswoode Park Road, Ready to move,1,1,"S$ 2,500 /mo",EW16 Outram Park MRT Station,0.68 km
7,Altez,Fully Furnished Condominium,549 sqft ,16 Enggor Street, Ready to move,1,1,"S$ 4,000 /mo",EW16 Outram Park MRT Station,0.99 km
8,Spottiswoode 18,Fully Furnished Condominium,635 sqft ,18 Spottiswoode Park Road, S$ 5.12 psf,2,2,"S$ 3,250 /mo",EW16 Outram Park MRT Station,0.68 km
9,Wallich Residence,Partially Furnished Condominium,646 sqft ,3 Wallich Street, Available from 1 Jun,1,1,"S$ 6,800 /mo",EW16 Outram Park MRT Station,0.88 km
10,Spottiswoode Suites,Partially Furnished Condominium,452 sqft ,14 Spottiswoode Park Road, Ready to move,1,1,"S$ 2,750 /mo",EW16 Outram Park MRT Station,0.63 km
11,The Regency At Tiong Bahru,Partially Furnished Condominium,1281 sqft ,36 Chay Yan Street, Available from 1 May,3,3,"S$ 5,500 /mo",EW16 Outram Park MRT Station,0.99 km
12,Wallich Residence,Partially Furnished Condominium,861 sqft ,3 Wallich Street, Available from 1 Jun,2,2,"S$ 8,800 /mo",EW16 Outram Park MRT Station,0.88 km
13,Pinnacle @ Duxton,Fully Furnished HDB Apartment,990 sqft ,1B Cantonment Road, Available from 15 Apr,3,2,"S$ 3,600 /mo",EW16 Outram Park MRT Station,0.73 km
14,River Place,Fully Furnished Condominium,786 sqft ,60 Havelock Road, Ready to move,1,1,"S$ 3,500 /mo",EW16 Outram Park MRT Station,0.92 km
15,126C Kim Tian,Fully Furnished HDB Apartment,215 sqft ,Kim Tian, Ready to move,Room,0,S$ 850 /mo,EW16 Outram Park MRT Station,0.65 km
16,Altez,Partially Furnished Condominium,840 sqft ,16 Enggor Street, Available from 21 Apr,1,2,"S$ 5,100 /mo",EW16 Outram Park MRT Station,0.99 km
17,The Regency At Tiong Bahru,Fully Furnished Condominium,1281 sqft ,38 Chay Yan Street, Available from 15 May,3,2,"S$ 6,000 /mo",EW16 Outram Park MRT Station,0.99 km
18,Pearl Bank Apartment,Fully Furnished Apartment,250 sqft ,1 Pearl Bank, Ready to move,Room,0,"S$ 1,200 /mo",EW16 Outram Park MRT Station,0.20 km
19,Pearl Bank Apartment,Fully Furnished Apartment,250 sqft ,1 Pearl Bank, Ready to move,Room,0,"S$ 1,400 /mo",EW16 Outram Park MRT Station,0.20 km
0,Spottiswoode 18,Partially Furnished Condominium,657 sqft ,18 Spottiswoode Park Road, Ready to move,2,2,"S$ 3,200 /mo",EW16 Outram Park MRT Station,0.68 km
1,Spottiswoode Residences,Fully Furnished Condominium,603 sqft ,48 Spottiswoode Park Road, Ready to move,1,1,"S$ 2,900 /mo",EW16 Outram Park MRT Station,0.75 km
2,Spottiswoode 18,Condominium,506 sqft ,18 Spottiswoode Park Road, Ready to move,1,1,"S$ 2,700 /mo",EW16 Outram Park MRT Station,0.68 km
3,The Beacon,Partially Furnished Apartment,1108 sqft ,130 Cantonment Road, Ready to move,2,2,"S$ 4,900 /mo",EW16 Outram Park MRT Station,0.62 km
4,Pearl's Hill Terrace,Fully Furnished Apartment,540 sqft ,201 Pearl's Hill Terrace, Ready to move,2,1,"S$ 1,950 /mo",EW16 Outram Park MRT Station,0.47 km
5,Pearl's Hill Terrace,Fully Furnished Apartment,450 sqft ,201 Pearl's Hill Terrace, Ready to move,1,1,"S$ 1,700 /mo",EW16 Outram Park MRT Station,0.47 km
6,People'S Park Complex,Apartment,100 sqft ,1 Park Road, Ready to move,Room,0,S$ 800 /mo,EW16 Outram Park MRT Station,0.70 km
7,57 Eng Hoon Street,Fully Furnished HDB Apartment,1077 sqft ,57 Eng Hoon Street, Ready to move,2,1,"S$ 3,300 /mo",EW16 Outram Park MRT Station,0.69 km
8,Skysuites @ Anson,Partially Furnished Apartment,667 sqft ,8 Enggor Street, Ready to move,2,2,"S$ 4,000 /mo",EW16 Outram Park MRT Station,0.99 km
9,Emerald Garden,Fully Furnished Condominium,1098 sqft ,31 Club Street, S$ 3.64 psf,2,2,"S$ 4,000 /mo",EW16 Outram Park MRT Station,0.90 km
10,Icon,Apartment,914 sqft ,10 Gopeng Street, Ready to move,2,2,"S$ 4,500 /mo",EW16 Outram Park MRT Station,0.97 km
11,94 Havelock Road,Fully Furnished HDB Apartment,1281 sqft ,94 Havelock Road, Ready to move,3,2,"S$ 2,600 /mo",EW16 Outram Park MRT Station,0.96 km
12,Pearl Bank Apartment,Unfurnished Apartment,380 sqft ,1 Pearl Bank, S$ 3.95 psf,Studio,0,"S$ 1,500 /mo",EW16 Outram Park MRT Station,0.20 km
13,Pearl Bank Apartment,Fully Furnished Apartment,380 sqft ,1 Pearl Bank, Ready to move,Studio,0,"S$ 1,600 /mo",EW16 Outram Park MRT Station,0.20 km
14,Pearl Bank Apartment,Fully Furnished Apartment,1323 sqft ,1 Pearl Bank, Ready to move,2,2,"S$ 3,000 /mo",EW16 Outram Park MRT Station,0.20 km
15,Icon,Partially Furnished Apartment,700 sqft ,10 Gopeng Street, Ready to move,1,1,"S$ 4,000 /mo",EW16 Outram Park MRT Station,0.97 km
16,Emerald Garden,Condominium,969 sqft ,33 Club Street, Ready to move,2,2,"S$ 4,000 /mo",EW16 Outram Park MRT Station,0.90 km
17,Pinnacle @ Duxton,Fully Furnished HDB Apartment,1130 sqft ,1E Cantonment Road, Available from 8 Jun,3,2,"S$ 3,200 /mo",EW16 Outram Park MRT Station,0.73 km
18,Altez,Partially Furnished Condominium,530 sqft ,16 Enggor Street, Ready to move,1,1,"S$ 3,500 /mo",EW16 Outram Park MRT Station,0.99 km
19,A Heritage One Of A Kind Conserved With Garden,Partially Furnished Shophouse,"5000 sqft, 3400 sqft (land) ","Near by Blair Rd, Everton Rd, Neil Rd", Ready to move,3,4,"S$ 15,001 /mo",EW16 Outram Park MRT Station,0.49 km
0,Huge Living! Roof Terrace! 2 Bed And 2 Bath All New Tiong Bahru,Partially Furnished Walk-up,1100 sqft ,"Near By Chay Yan St, Peng Nguan St", Ready to move,2,2,"S$ 5,501 /mo",EW16 Outram Park MRT Station,0.90 km
1,Designer Cool! 2 Bed Tiong Bahru Best Kitchen Huge Living Full Furnished Courtyd,Fully Furnished Walk-up,1722 sqft ,"Near By Yong Siak Street, Chay Yan St", Ready to move,2,2,"S$ 6,802 /mo",EW16 Outram Park MRT Station,0.95 km
2,Fantastic Tiong Bahru Loft With Rear Terrace 2+1,Partially Furnished Walk-up,1400 sqft ,"Near By Guan Chuan St, Chay Yan St", Ready to move,3,2,"S$ 7,001 /mo",EW16 Outram Park MRT Station,0.80 km
3,Skysuites @ Anson,Fully Furnished Condominium,667 sqft ,8 Enggor Street, Ready to move,2,2,"S$ 4,400 /mo",EW16 Outram Park MRT Station,0.99 km
4,The Quayside,Fully Furnished Apartment,1615 sqft ,60 Robertson Quay, Ready to move,3,2,"S$ 7,000 /mo",EW16 Outram Park MRT Station,0.96 km
5,Icon,Fully Furnished Apartment,700 sqft ,10 Gopeng Street, Ready to move,1,1,"S$ 3,800 /mo",EW16 Outram Park MRT Station,0.97 km
6,78 Moh Guan Terrace,Partially Furnished Apartment,990 sqft ,78 Moh Guan Terrace, Available from 15 May,1,1,"S$ 4,200 /mo",EW16 Outram Park MRT Station,0.97 km
7,Pinnacle @ Duxton,Fully Furnished HDB Apartment,1001 sqft ,1 Cantonment Road, Ready to move,3,2,"S$ 3,600 /mo",EW16 Outram Park MRT Station,0.73 km
8,Icon,Partially Furnished Condominium,904 sqft ,10 Gopeng Street, Ready to move,2,2,"S$ 4,700 /mo",EW16 Outram Park MRT Station,0.97 km
9,Skysuites @ Anson,Fully Furnished Condominium,398 sqft ,8 Enggor Street, Ready to move,1,1,"S$ 3,300 /mo",EW16 Outram Park MRT Station,0.99 km
10,River Place,Condominium,1970 sqft ,60 Havelock Road, Ready to move,3,2,"S$ 5,000 /mo",EW16 Outram Park MRT Station,0.92 km
11,3 Tanjong Pagar Plaza,Fully Furnished HDB Apartment,645 sqft ,3 Tanjong Pagar Plaza, Ready to move,2,1,"S$ 2,300 /mo",EW16 Outram Park MRT Station,0.76 km
12,The Beacon,Fully Furnished Apartment,1109 sqft ,130 Cantonment Road, S$ 4.06 psf,3,2,"S$ 4,500 /mo",EW16 Outram Park MRT Station,0.62 km
13,People's Park Complex,Fully Furnished Apartment,1200 sqft ,1 Park Road, S$ 0.92 psf,Room,0,"S$ 1,100 /mo",EW16 Outram Park MRT Station,0.51 km
14,538 Upper Cross Street,Unfurnished HDB Apartment,630 sqft ,538 Upper Cross Street, Ready to move,2,1,"S$ 2,100 /mo",EW16 Outram Park MRT Station,0.88 km
15,River Place,Partially Furnished Condominium,1658 sqft ,60 Havelock Road, Ready to move,3,2,"S$ 6,800 /mo",EW16 Outram Park MRT Station,0.92 km
16,People's Park Complex,Partially Furnished Apartment,409 sqft ,1 Park Road, Ready to move,1,1,"S$ 2,200 /mo",EW16 Outram Park MRT Station,0.51 km
17,The Beacon,Fully Furnished Apartment,1163 sqft ,130 Cantonment Road, Available from 1 May,2,2,"S$ 4,600 /mo",EW16 Outram Park MRT Station,0.62 km
18,Pearl Bank Apartment,Fully Furnished Apartment,320 sqft ,1 Pearl Bank, S$ 4.38 psf,Room,0,"S$ 1,400 /mo",EW16 Outram Park MRT Station,0.20 km
19,532 Upper Cross Street,HDB Apartment,721 sqft ,532 Upper Cross Street, Ready to move,2,2,"S$ 2,500 /mo",EW16 Outram Park MRT Station,0.88 km
0,532 Upper Cross Street,HDB Apartment,721 sqft ,532 Upper Cross Street, Ready to move,2,2,"S$ 2,500 /mo",EW16 Outram Park MRT Station,0.88 km
1,Skysuites @ Anson,Condominium,398 sqft ,8 Enggor Street, Available from 14 Apr,1,1,"S$ 3,300 /mo",EW16 Outram Park MRT Station,0.99 km
2,Icon,Fully Furnished Apartment,570 sqft ,10 Gopeng Street, Available from 24 Apr,1,1,"S$ 3,300 /mo",EW16 Outram Park MRT Station,0.97 km
3,Skysuites @ Anson,Fully Furnished Condominium,398 sqft ,8 Enggor Street, Available from 15 Apr,1,1,"S$ 2,800 /mo",EW16 Outram Park MRT Station,0.99 km
4,Icon,Fully Furnished Apartment,581 sqft ,10 Gopeng Street, Available from 11 Apr,1,1,"S$ 3,500 /mo",EW16 Outram Park MRT Station,0.97 km
5,Spottiswoode Suites,Fully Furnished Condominium,441 sqft ,14 Spottiswoode Park Road, Ready to move,1,1,"S$ 2,800 /mo",EW16 Outram Park MRT Station,0.63 km
6,Icon,Fully Furnished Apartment,581 sqft ,10 Gopeng Street, Available from 23 Apr,1,1,"S$ 3,500 /mo",EW16 Outram Park MRT Station,0.97 km
7,1 Tanjong Pagar Plaza,Fully Furnished HDB Apartment,700 sqft ,1 Tanjong Pagar Plaza, Ready to move,1,1,"S$ 2,300 /mo",EW16 Outram Park MRT Station,0.85 km
8,Altez,Partially Furnished Condominium,1109 sqft ,16 Enggor Street, Ready to move,2,2,"S$ 7,500 /mo",EW16 Outram Park MRT Station,0.99 km
9,Spottiswoode Suites,Partially Furnished Condominium,484 sqft ,16 Spottiswoode Park Road, Ready to move,1,1,"S$ 2,600 /mo",EW16 Outram Park MRT Station,0.63 km
10,Pinnacle @ Duxton,Fully Furnished HDB Apartment,80 sqft ,1G Cantonment Road, Available from 30 Apr,Room,0,"S$ 1,300 /mo",EW16 Outram Park MRT Station,0.73 km
11,Pinnacle @ Duxton,Fully Furnished HDB Apartment,100 sqft ,1 Cantonment Road, Ready to move,Room,0,"S$ 1,200 /mo",EW16 Outram Park MRT Station,0.73 km
12,78 Guan Chuan Street,Fully Furnished HDB Apartment,900 sqft ,78 Guan Chuan Street, S$ 5.00 psf,2,1,"S$ 4,500 /mo",EW16 Outram Park MRT Station,0.92 km
13,Spottiswoode Residences,Partially Furnished Condominium,951 sqft ,48 Spottiswoode Park Road, Ready to move,2,2,"S$ 4,300 /mo",EW16 Outram Park MRT Station,0.75 km
14,127D Kim Tian Road,Fully Furnished HDB Apartment,160 sqft ,127D Kim Tian Road, Ready to move,Room,0,"S$ 1,200 /mo",EW16 Outram Park MRT Station,0.96 km
15,Eng Hoon Mansions,Partially Furnished Apartment,200 sqft ,17 Eng Hoon Street, Ready to move,1,1,"S$ 1,800 /mo",EW16 Outram Park MRT Station,0.50 km
16,People's Park Complex,Partially Furnished Apartment,409 sqft ,1 Park Road, Ready to move,Studio,0,"S$ 2,000 /mo",EW16 Outram Park MRT Station,0.51 km
17,River Place,Partially Furnished Condominium,969 sqft ,62 Havelock Road, Ready to move,2,2,"S$ 4,200 /mo",EW16 Outram Park MRT Station,0.92 km
18,Pinnacle @ Duxton,Partially Furnished HDB Apartment,1001 sqft ,1C Cantonment Road, Ready to move,2,2,"S$ 4,200 /mo",EW16 Outram Park MRT Station,0.73 km
19,Onze @ Tanjong Pagar,Fully Furnished Apartment,600 sqft ,11 Kee Seng Street, Ready to move,2,2,"S$ 4,000 /mo",EW16 Outram Park MRT Station,0.82 km
0,River Place,Partially Furnished Condominium,2357 sqft ,60 Havelock Road, Available from 30 Apr,3,2,"S$ 7,800 /mo",EW16 Outram Park MRT Station,0.92 km
1,7 Tanjong Pagar Plaza,HDB Apartment,893 sqft ,7 Tanjong Pagar Plaza, S$ 3.36 psf,3,1,"S$ 3,000 /mo",EW16 Outram Park MRT Station,0.71 km
2,11 Cantonment Close,HDB Apartment,980 sqft ,11 Cantonment Close, Ready to move,2,2,"S$ 2,900 /mo",EW16 Outram Park MRT Station,0.77 km
3,Spottiswoode Suites,Partially Furnished Condominium,872 sqft ,14 Spottiswoode Park Road, Ready to move,2,2,"S$ 5,000 /mo",EW16 Outram Park MRT Station,0.63 km
4,Pearl Bank Apartment,Fully Furnished Apartment,150 sqft ,1 Pearl Bank, Ready to move,Room,0,S$ 750 /mo,EW16 Outram Park MRT Station,0.20 km
5,The Tiles! The Newness! The Roof Terrace! 2 Bed 2 Bath Tiong Bahru,Partially Furnished Walk-up,1100 sqft ,"Near By Chay Yan St, Peng Nguan St", Ready to move,2,2,"S$ 5,501 /mo",EW16 Outram Park MRT Station,0.91 km
6,Largest Tiong Bahru 2 Bed 1722 Sf With Parking,Fully Furnished Walk-up,1722 sqft ,"Near By Yong Siak Street, Chay Yan St", Ready to move,2,2,"S$ 6,802 /mo",EW16 Outram Park MRT Station,0.94 km
7,Amazing Exposed Brick Walls! Character 2 Bed Plus Loft,Partially Furnished Walk-up,1400 sqft ,"Near By Guan Chuan St, Chay Yan St", Ready to move,3,2,"S$ 7,001 /mo",EW16 Outram Park MRT Station,0.80 km
8,Whispers Of The Past! Neil Road Huge! Classic! 5000 Sq Ft,Partially Furnished Conservation House,"5000 sqft, 3400 sqft (land) ","Near by Blair Rd, Everton Rd, Neil Rd", S$ 4.41 psf,3,4,"S$ 15,001 /mo",EW16 Outram Park MRT Station,0.47 km
9,AWARD WINNING CHINATOWN HERITAGE SHOPHOUSE GEM: Mins To CBD & MRT,Partially Furnished Shophouse,"580 sqft, 580 sqft (land) ",Mosque Street, Ready to move,1,1,"S$ 3,500 /mo",EW16 Outram Park MRT Station,0.77 km
10,AWARD WINNING CHINATOWN CONSERVATION SHOPHOUSE LOFT,Partially Furnished Shophouse,"570 sqft, 570 sqft (land) ",Temple Street, Ready to move,1,1,"S$ 3,500 /mo",EW16 Outram Park MRT Station,0.62 km
11,Skysuites @ Anson,Partially Furnished Condominium,398 sqft ,8 Enggor Street, Available from 14 Apr,1,1,"S$ 3,000 /mo",EW16 Outram Park MRT Station,0.99 km
12,Altez,Partially Furnished Condominium,861 sqft ,16 Enggor Street, Ready to move,1,1,"S$ 4,800 /mo",EW16 Outram Park MRT Station,0.99 km
13,2 Tanjong Pagar Plaza,Fully Furnished HDB Apartment,635 sqft ,2 Tanjong Pagar Plaza, Ready to move,2,1,"S$ 2,200 /mo",EW16 Outram Park MRT Station,0.82 km
14,532 Upper Cross Street,Fully Furnished HDB Apartment,699 sqft ,532 Upper Cross Street, Ready to move,2,2,"S$ 2,500 /mo",EW16 Outram Park MRT Station,0.88 km
15,Icon,Fully Furnished Apartment,926 sqft ,10 Gopeng Street, Ready to move,2,2,"S$ 4,600 /mo",EW16 Outram Park MRT Station,0.97 km
16,2C Boon Tiong Road,Fully Furnished HDB Apartment,1238 sqft ,2C Boon Tiong Road, Ready to move,2,2,"S$ 2,800 /mo",EW16 Outram Park MRT Station,0.88 km
17,Everton Road,Fully Furnished Condominium,1000 sqft ,Everton Road, Ready to move,1,2,"S$ 3,200 /mo",EW16 Outram Park MRT Station,0.61 km
18,Spottiswoode Suites,Fully Furnished Condominium,452 sqft ,14 Spottiswoode Park Road, Ready to move,1,1,"S$ 2,800 /mo",EW16 Outram Park MRT Station,0.63 km
19,Spottiswoode Suites,Fully Furnished Condominium,441 sqft ,16 Spottiswoode Park Road, Ready to move,1,1,"S$ 2,800 /mo",EW16 Outram Park MRT Station,0.63 km
0,Spottiswoode Suites,Fully Furnished Condominium,441 sqft ,16 Spottiswoode Park Road, Ready to move,1,1,"S$ 2,800 /mo",EW16 Outram Park MRT Station,0.63 km
1,Skysuites @ Anson,Partially Furnished Condominium,369 sqft ,8 Enggor Street, Ready to move,1,1,"S$ 3,000 /mo",EW16 Outram Park MRT Station,0.99 km
2,Icon,Fully Furnished Apartment,657 sqft ,10 Gopeng Street, Ready to move,1,1,"S$ 4,500 /mo",EW16 Outram Park MRT Station,0.97 km
3,Altez,Fully Furnished Condominium,840 sqft ,16 Enggor Street, Ready to move,1,2,"S$ 4,800 /mo",EW16 Outram Park MRT Station,0.99 km
4,Icon,Fully Furnished Apartment,700 sqft ,10 Gopeng Street, Ready to move,1,1,"S$ 4,500 /mo",EW16 Outram Park MRT Station,0.97 km
5,Altez,Fully Furnished Condominium,527 sqft ,16 Enggor Street, Ready to move,1,1,"S$ 3,500 /mo",EW16 Outram Park MRT Station,0.99 km
6,78 Guan Chuan Street,Fully Furnished HDB Apartment,320 sqft ,78 Guan Chuan Street, Ready to move,Studio,0,"S$ 2,350 /mo",EW16 Outram Park MRT Station,0.92 km
7,79 Chay Yan Street,Fully Furnished HDB Apartment,320 sqft ,79 Chay Yan Street, Ready to move,Studio,0,"S$ 2,500 /mo",EW16 Outram Park MRT Station,0.88 km
8,Spottiswoode 18,Condominium,657 sqft ,18 Spottiswoode Park Road, Ready to move,2,2,"S$ 3,100 /mo",EW16 Outram Park MRT Station,0.68 km
9,Icon,Fully Furnished Apartment,700 sqft ,10 Gopeng Street, S$ 5.57 psf,1,1,"S$ 3,900 /mo",EW16 Outram Park MRT Station,0.97 km
10,Skysuites @ Anson,Fully Furnished Condominium,398 sqft ,8 Enggor Street, Ready to move,1,1,"S$ 3,200 /mo",EW16 Outram Park MRT Station,0.99 km
11,Skysuites @ Anson,Partially Furnished Condominium,667 sqft ,8 Enggor Street, Available from 20 May,2,2,"S$ 4,000 /mo",EW16 Outram Park MRT Station,0.99 km
12,Spottiswoode 18,Partially Furnished Condominium,657 sqft ,18 Spottiswoode Park Road, Available from 16 Apr,2,2,"S$ 3,200 /mo",EW16 Outram Park MRT Station,0.68 km
13,Altez,Partially Furnished Condominium,840 sqft ,16 Enggor Street, S$ 5.60 psf,1,2,"S$ 4,700 /mo",EW16 Outram Park MRT Station,0.99 km
14,Skysuites @ Anson,Fully Furnished Condominium,667 sqft ,8 Enggor Street, Available from 20 May,2,2,"S$ 4,500 /mo",EW16 Outram Park MRT Station,0.99 km
15,532 Upper Cross Street,Fully Furnished HDB Apartment,595 sqft ,532 Upper Cross Street, Ready to move,Room,0,S$ 800 /mo,EW16 Outram Park MRT Station,0.88 km
16,The Beacon,Fully Furnished Apartment,200 sqft ,130 Cantonment Road, S$ 9.50 psf,Room,0,"S$ 1,900 /mo",EW16 Outram Park MRT Station,0.62 km
17,Pearl Bank Apartment,Fully Furnished Apartment,1300 sqft ,1 Pearl Bank, Ready to move,2,2,"S$ 2,290 /mo",EW16 Outram Park MRT Station,0.20 km
18,Skysuites @ Anson,Condominium,398 sqft ,8 Enggor Street, Ready to move,1,1,"S$ 3,300 /mo",EW16 Outram Park MRT Station,0.99 km
19,Pinnacle @ Duxton,Fully Furnished HDB Apartment,130 sqft ,1A Cantonment Road, Ready to move,Room,0,"S$ 1,100 /mo",EW16 Outram Park MRT Station,0.73 km
0,Pinnacle @ Duxton,Fully Furnished HDB Apartment,130 sqft ,1A Cantonment Road, Ready to move,Room,0,"S$ 1,100 /mo",EW16 Outram Park MRT Station,0.73 km
1,Dorsett Residences,Condominium,689 sqft ,333 New Bridge Road, Ready to move,2,2,"S$ 3,600 /mo",EW16 Outram Park MRT Station,0.25 km
2,River Place,Partially Furnished Condominium,1970 sqft ,60 Havelock Road, Ready to move,2,2,"S$ 6,000 /mo",EW16 Outram Park MRT Station,0.92 km
3,Altez,Partially Furnished Apartment,1109 sqft ,16 Enggor Street, Ready to move,2,2,"S$ 7,500 /mo",EW16 Outram Park MRT Station,0.99 km
4,Altez,Partially Furnished Condominium,1593 sqft ,16 Enggor Street, S$ 5.34 psf,3,2,"S$ 8,500 /mo",EW16 Outram Park MRT Station,0.99 km
5,Altez,Partially Furnished Condominium,828 sqft ,16 Enggor Street, Ready to move,2,3,"S$ 5,999 /mo",EW16 Outram Park MRT Station,0.99 km
6,Spottiswoode Residences,Fully Furnished Condominium,605 sqft ,48 Spottiswoode Park Road, Ready to move,1,1,"S$ 3,000 /mo",EW16 Outram Park MRT Station,0.75 km
7,Altez,Partially Furnished Condominium,1109 sqft ,16 Enggor Street, Ready to move,2,2,"S$ 7,500 /mo",EW16 Outram Park MRT Station,0.99 km
8,94 Havelock Road,Fully Furnished HDB Apartment,1270 sqft ,94 Havelock Road, Ready to move,5,2,"S$ 2,600 /mo",EW16 Outram Park MRT Station,0.96 km
9,65 Tiong Poh Road,Fully Furnished Walk-up,220 sqft ,65 Tiong Poh Road, Ready to move,Studio,0,"S$ 2,000 /mo",EW16 Outram Park MRT Station,0.64 km
10,78 Guan Chuan Street,Fully Furnished Walk-up,1000 sqft ,78 Guan Chuan Street, Ready to move,2,1,"S$ 4,350 /mo",EW16 Outram Park MRT Station,0.92 km
11,80 Chay Yan Street,Fully Furnished Walk-up,300 sqft ,80 Chay Yan Street, Ready to move,Studio,0,"S$ 2,500 /mo",EW16 Outram Park MRT Station,0.84 km
12,65 Tiong Poh Road,Fully Furnished Walk-up,450 sqft ,65 Tiong Poh Road, Ready to move,2,1,"S$ 4,200 /mo",EW16 Outram Park MRT Station,0.64 km
13,55 Tiong Bahru Road,Fully Furnished Walk-up,300 sqft ,55 Tiong Bahru Road, Ready to move,Studio,0,"S$ 2,400 /mo",EW16 Outram Park MRT Station,0.60 km
14,Yong Siak Court,Partially Furnished Walk-up,1200 sqft ,11 Yong Siak Street, Ready to move,4,2,"S$ 3,500 /mo",EW16 Outram Park MRT Station,0.95 km
15,5 Tanjong Pagar Plaza,Fully Furnished HDB Apartment,120 sqft ,5 Tanjong Pagar Plaza, Ready to move,Room,0,S$ 850 /mo,EW16 Outram Park MRT Station,0.74 km
16,People's Park Complex,Fully Furnished Apartment,135 sqft ,1 Park Road, Ready to move,Room,0,"S$ 1,100 /mo",EW16 Outram Park MRT Station,0.51 km
17,55 Tiong Bahru Road,Fully Furnished HDB Apartment,200 sqft ,55 Tiong Bahru Road, Ready to move,Room,0,"S$ 1,500 /mo",EW16 Outram Park MRT Station,0.60 km
18,River Place,Fully Furnished Condominium,721 sqft ,62 Havelock Road, Ready to move,1,1,"S$ 3,000 /mo",EW16 Outram Park MRT Station,0.92 km
19,80 Chay Yan Street,Fully Furnished Walk-up,300 sqft ,80 Chay Yan Street, Ready to move,Studio,0,"S$ 2,800 /mo",EW16 Outram Park MRT Station,0.84 km
0,80 Chay Yan Street,Fully Furnished Walk-up,300 sqft ,80 Chay Yan Street, Ready to move,Studio,0,"S$ 3,800 /mo",EW16 Outram Park MRT Station,0.84 km
1,81 Tiong Poh Road,Fully Furnished Walk-up,860 sqft ,81 Tiong Poh Road, S$ 3.72 psf,3,1,"S$ 3,200 /mo",EW16 Outram Park MRT Station,0.66 km
2,Icon,Fully Furnished Apartment,1238 sqft ,10 Gopeng Street, Ready to move,2,2,"S$ 5,500 /mo",EW16 Outram Park MRT Station,0.97 km
3,532 Upper Cross Street,Partially Furnished HDB Apartment,731 sqft ,532 Upper Cross Street, Ready to move,2,2,"S$ 2,500 /mo",EW16 Outram Park MRT Station,0.88 km
4,Altez,Fully Furnished Condominium,603 sqft ,16 Enggor Street, Ready to move,1,1,"S$ 4,200 /mo",EW16 Outram Park MRT Station,0.99 km
5,Skysuites @ Anson,Fully Furnished Condominium,398 sqft ,8 Enggor Street, Ready to move,1,1,"S$ 3,300 /mo",EW16 Outram Park MRT Station,0.99 km
6,Spottiswoode Residences,Partially Furnished Condominium,940 sqft ,48 Spottiswoode Park Road, Ready to move,2,2,"S$ 4,100 /mo",EW16 Outram Park MRT Station,0.75 km
7,Icon,Fully Furnished Apartment,570 sqft ,10 Gopeng Street, Ready to move,1,1,"S$ 3,300 /mo",EW16 Outram Park MRT Station,0.97 km
8,25b Yong Siak Street,Partially Furnished Apartment,1200 sqft ,Yong Siak Street, Available from 31 May,2,2,"S$ 4,000 /mo",EW16 Outram Park MRT Station,0.97 km
9,Dorsett Residences,Fully Furnished Condominium,484 sqft ,331 New Bridge Road, Available from 30 Apr,1,1,"S$ 3,400 /mo",EW16 Outram Park MRT Station,0.25 km
10,Icon,Partially Furnished Apartment,904 sqft ,10 Gopeng Street, Ready to move,2,1,"S$ 4,700 /mo",EW16 Outram Park MRT Station,0.97 km
11,Pinnacle @ Duxton,Fully Furnished HDB Apartment,1022 sqft ,1 Cantonment Road, Ready to move,3,2,"S$ 3,600 /mo",EW16 Outram Park MRT Station,0.73 km
12,Pearl Bank Apartment,Fully Furnished Apartment,160 sqft ,1 Pearl Bank, Ready to move,Room,0,"S$ 1,250 /mo",EW16 Outram Park MRT Station,0.20 km
13,82 Tiong Poh Road,Partially Furnished HDB Apartment,1020 sqft ,82 Tiong Poh Road, Ready to move,3,1,"S$ 3,000 /mo",EW16 Outram Park MRT Station,0.60 km
14,82 Tiong Poh Road,Partially Furnished Walk-up,1022 sqft ,82 Tiong Poh Road, Ready to move,3,1,"S$ 3,000 /mo",EW16 Outram Park MRT Station,0.60 km
15,Pearl Bank Apartment,Fully Furnished Apartment,400 sqft ,1 Pearl Bank, S$ 4.00 psf,Room,0,"S$ 1,600 /mo",EW16 Outram Park MRT Station,0.20 km
16,Hoe Chiang Apartment,Partially Furnished Apartment,1000 sqft ,Hoe Chiang road, Ready to move,3,2,"S$ 3,500 /mo",EW16 Outram Park MRT Station,0.93 km
17,Tiong Bahru Estate,Fully Furnished Walk-up,400 sqft ,289 Outram Road, Ready to move,1,1,"S$ 2,300 /mo",EW16 Outram Park MRT Station,0.68 km
18,River Place,Fully Furnished Condominium,786 sqft ,60 Havelock Road, Ready to move,1,1,"S$ 3,850 /mo",EW16 Outram Park MRT Station,0.92 km
19,12 Taman Ho Swee,Fully Furnished HDB Apartment,150 sqft ,12 Taman Ho Swee, Ready to move,Room,0,S$ 720 /mo,EW16 Outram Park MRT Station,0.97 km
0,Icon,Partially Furnished Apartment,904 sqft ,10 Gopeng Street, Available from 20 May,2,2,"S$ 4,000 /mo",EW16 Outram Park MRT Station,0.97 km
1,River Place,Fully Furnished Condominium,1658 sqft ,60 Havelock Road, Ready to move,3,2,"S$ 6,880 /mo",EW16 Outram Park MRT Station,0.92 km
2,"Neil Road, Blair Road, Kampong Bahru Road",Fully Furnished Conservation House,450 sqft ,Neil Road, Ready to move,Room,0,"S$ 1,900 /mo",EW16 Outram Park MRT Station,0.49 km
3,Spottiswoode Residences,Fully Furnished Condominium,926 sqft ,48 Spottiswoode Park Road, Available from 1 May,2,2,"S$ 5,000 /mo",EW16 Outram Park MRT Station,0.75 km
4,Landmark Tower,Partially Furnished Apartment,1292 sqft ,173 Chin Swee Road, Available from 12 May,3,3,"S$ 4,900 /mo",EW16 Outram Park MRT Station,0.53 km
5,Altez,Fully Furnished Condominium,840 sqft ,16 Enggor Street, Ready to move,1,2,"S$ 4,700 /mo",EW16 Outram Park MRT Station,0.99 km
6,Icon,Fully Furnished Apartment,904 sqft ,10 Gopeng Street, Ready to move,2,2,"S$ 4,800 /mo",EW16 Outram Park MRT Station,0.97 km
7,14 Everton Road,Partially Furnished Terraced House,"1200 sqft, 1200 sqft (land) ",Everton Road, Ready to move,1,1,"S$ 4,300 /mo",EW16 Outram Park MRT Station,0.49 km
8,Everton Neil Outram Road Conservation Terrace Apt,Partially Furnished Walk-up,1000 sqft ,Everton Rd, Ready to move,1,1,"S$ 4,000 /mo",EW16 Outram Park MRT Station,0.54 km
9,8 Cantonment Close,Fully Furnished HDB Apartment,200 sqft ,8 Cantonment Close, Ready to move,Room,0,S$ 700 /mo,EW16 Outram Park MRT Station,0.62 km
10,53 Chin Swee Road,Partially Furnished HDB Apartment,1033 sqft ,53 Chin Swee Road, Ready to move,3,2,"S$ 2,800 /mo",EW16 Outram Park MRT Station,0.77 km
11,Emerald Garden,Fully Furnished Condominium,800 sqft ,Club Street, Ready to move,2,2,"S$ 3,600 /mo",EW16 Outram Park MRT Station,0.82 km
12,Spottiswoode Park Road,Partially Furnished HDB Apartment,900 sqft ,Spottiswoode Park Road, Ready to move,1,2,"S$ 2,800 /mo",EW16 Outram Park MRT Station,0.73 km
13,7 Tanjong Pagar Plaza,Fully Furnished HDB Apartment,120 sqft ,7 Tanjong Pagar Plaza, Ready to move,Room,0,S$ 950 /mo,EW16 Outram Park MRT Station,0.71 km
14,127D Kim Tian Road,Fully Furnished HDB Apartment,1216 sqft ,127D Kim Tian Road, Available from 15 Apr,3,2,"S$ 3,000 /mo",EW16 Outram Park MRT Station,0.96 km
15,Pinnacle @ Duxton,Partially Furnished HDB Apartment,1056 sqft ,1 Cantonment Road, Ready to move,3,2,"S$ 3,900 /mo",EW16 Outram Park MRT Station,0.73 km
16,10 Jalan Kukoh,Fully Furnished HDB Apartment,581 sqft ,10 Jalan Kukoh, Ready to move,1,1,"S$ 1,700 /mo",EW16 Outram Park MRT Station,0.61 km
17,Altez,Partially Furnished Condominium,1658 sqft ,16 Enggor Street, S$ 4.83 psf,3,2,"S$ 8,000 /mo",EW16 Outram Park MRT Station,0.99 km
18,Altez,Partially Furnished Condominium,1658 sqft ,16 Enggor Street, Ready to move,3,3,"S$ 9,000 /mo",EW16 Outram Park MRT Station,0.99 km
19,Altez,Fully Furnished Condominium,829 sqft ,16 Enggor Street, Available from 1 Jun,2,2,"S$ 5,600 /mo",EW16 Outram Park MRT Station,0.99 km
0,Eng Hoon Mansions,Fully Furnished Conservation House,"200 sqft, 1500 sqft (land) ",17 Eng Hoon Street, Ready to move,Studio,0,"S$ 1,800 /mo",EW16 Outram Park MRT Station,0.50 km
1,Spottiswoode Suites,Partially Furnished Condominium,441 sqft ,16 Spottiswoode Park Road, Ready to move,1,1,"S$ 3,200 /mo",EW16 Outram Park MRT Station,0.63 km
2,River Place,Partially Furnished Condominium,743 sqft ,60 Havelock Road, Ready to move,1,1,"S$ 3,200 /mo",EW16 Outram Park MRT Station,0.92 km
3,Spottiswoode Suites,Fully Furnished Condominium,441 sqft ,14 Spottiswoode Park Road, S$ 6.46 psf,1,1,"S$ 2,850 /mo",EW16 Outram Park MRT Station,0.63 km
4,Spottiswoode Residences,Partially Furnished Condominium,938 sqft ,48 Spottiswoode Park Road, Ready to move,2,2,"S$ 4,000 /mo",EW16 Outram Park MRT Station,0.75 km
5,Yong Siak View,Walk-up,1250 sqft ,21 Yong Siak Street, Available from 16 Apr,3,1,"S$ 4,500 /mo",EW16 Outram Park MRT Station,0.95 km
6,RARE HERITAGE CONSERVATION HOUSE W ROOFTOP TERRACE: OUTRAM & TANJONG PAGAR MRT,Partially Furnished Conservation House,"2900 sqft, 1800 sqft (land) ","Everton Road, Blair Road, Tanjong Pagar", Ready to move,2,2,"S$ 6,500 /mo",EW16 Outram Park MRT Station,0.60 km
7,Heritage Conservation House With Rooftop Terrace @ Tanjong Pagar,Partially Furnished Conservation House,"1500 sqft, 1300 sqft (land) ",Blair Road / Everton Road / Outram MRT / Duxton, Ready to move,2,2,"S$ 5,500 /mo",EW16 Outram Park MRT Station,
8,4A Boon Tiong Road,Fully Furnished HDB Apartment,1300 sqft ,4A Boon Tiong Road, Ready to move,3,2,"S$ 2,800 /mo",EW16 Outram Park MRT Station,0.89 km
9,Altez,Fully Furnished Condominium,840 sqft ,16 Enggor Street, Ready to move,1,2,"S$ 4,900 /mo",EW16 Outram Park MRT Station,0.99 km
10,Emerald Garden,Partially Furnished Condominium,969 sqft ,(within 0.90 km), S$ 3.82 psf,2,2,"S$ 3,700 /mo",EW16 Outram Park MRT Station,0.90 km
11,Altez,Partially Furnished Condominium,1109 sqft ,16 Enggor Street, Ready to move,2,1,"S$ 7,500 /mo",EW16 Outram Park MRT Station,0.99 km
12,Icon,Fully Furnished Apartment,570 sqft ,10 Gopeng Street, Ready to move,Studio,0,"S$ 3,000 /mo",EW16 Outram Park MRT Station,0.97 km
13,People's Park Complex,Partially Furnished Apartment,1119 sqft ,1 Park Road, S$ 2.95 psf,3,2,"S$ 3,300 /mo",EW16 Outram Park MRT Station,0.51 km
14,SPOTTISWOODE PARK RD,Fully Furnished Conservation House,"550 sqft, 3000 sqft (land) ",Spottiswoode Park Rd, Ready to move,1,1,"S$ 2,000 /mo",EW16 Outram Park MRT Station,0.71 km
15,Pearl Bank Apartment,Fully Furnished Apartment,150 sqft ,1 Pearl Bank, Ready to move,Room,0,"S$ 1,200 /mo",EW16 Outram Park MRT Station,0.20 km
16,River Place,Fully Furnished Condominium,786 sqft ,60 Havelock Road, Ready to move,1,2,"S$ 3,500 /mo",EW16 Outram Park MRT Station,0.92 km
17,Icon,Fully Furnished Apartment,1044 sqft ,10 Gopeng Street, Ready to move,2,2,"S$ 5,300 /mo",EW16 Outram Park MRT Station,0.97 km
18,66 Eng Watt Street,Partially Furnished HDB Apartment,250 sqft ,66 Eng Watt Street, Ready to move,Studio,0,"S$ 1,700 /mo",EW16 Outram Park MRT Station,0.69 km
19,Icon,Partially Furnished Apartment,904 sqft ,10 Gopeng Street, Ready to move,2,2,"S$ 4,900 /mo",EW16 Outram Park MRT Station,0.97 km
0,River Place,Partially Furnished Condominium,1658 sqft ,62 Havelock Road, Ready to move,3,3,"S$ 6,800 /mo",EW16 Outram Park MRT Station,0.92 km
1,Emerald Garden,Fully Furnished Condominium,1000 sqft ,(within 0.90 km), Ready to move,2,2,"S$ 3,990 /mo",EW16 Outram Park MRT Station,0.90 km
2,*Beautiful Studio Suite @ Robertson Clarke Quay,Fully Furnished Apartment,380 sqft ,60 Robertson Quay, Ready to move,Studio,0,"S$ 2,200 /mo",EW16 Outram Park MRT Station,0.97 km
3,Emerald Garden,Fully Furnished Condominium,807 sqft ,33 Club Street, Available from 1 May,2,2,"S$ 3,900 /mo",EW16 Outram Park MRT Station,0.90 km
4,Icon,Fully Furnished Apartment,572 sqft ,10 Gopeng Street, Available from 30 Apr,1,1,"S$ 3,100 /mo",EW16 Outram Park MRT Station,0.97 km
5,Icon,Fully Furnished Apartment,571 sqft ,10 Gopeng Street, Ready to move,1,1,"S$ 3,700 /mo",EW16 Outram Park MRT Station,0.97 km
6,Icon,Fully Furnished Apartment,1050 sqft ,10 Gopeng Street, Ready to move,2,2,"S$ 5,300 /mo",EW16 Outram Park MRT Station,0.97 km
7,Spottiswoode 18,Fully Furnished Condominium,657 sqft ,18 Spottiswoode Park Road, Available from 15 Apr,2,2,"S$ 3,200 /mo",EW16 Outram Park MRT Station,0.68 km
8,River Place,Fully Furnished Condominium,786 sqft ,66 Havelock Road, Ready to move,1,1,"S$ 3,400 /mo",EW16 Outram Park MRT Station,0.92 km
9,Altez,Condominium,753 sqft ,16 Enggor Street, Ready to move,1,1,"S$ 4,700 /mo",EW16 Outram Park MRT Station,0.99 km
10,Tiong Bahru Estate,Partially Furnished Apartment,1000 sqft ,289 Outram Road, Ready to move,3,1,"S$ 3,500 /mo",EW16 Outram Park MRT Station,0.68 km
11,Pinnacle @ Duxton,Fully Furnished HDB Apartment,150 sqft ,1 Cantonment Road, S$ 10.00 psf,Room,0,"S$ 1,500 /mo",EW16 Outram Park MRT Station,0.73 km
12,Altez,Partially Furnished Condominium,1184 sqft ,16 Enggor Street, S$ 6.00 psf,2,2,"S$ 7,100 /mo",EW16 Outram Park MRT Station,0.99 km
13,Altez,Partially Furnished Condominium,1109 sqft ,16 Enggor Street, Ready to move,2,2,"S$ 7,500 /mo",EW16 Outram Park MRT Station,0.99 km
14,Icon,Fully Furnished Apartment,700 sqft ,10 Gopeng Street, Ready to move,1,1,"S$ 4,400 /mo",EW16 Outram Park MRT Station,0.97 km
15,Altez,Fully Furnished Condominium,549 sqft ,16 Enggor Street, Ready to move,1,1,"S$ 4,000 /mo",EW16 Outram Park MRT Station,0.99 km
16,Skysuites @ Anson,Fully Furnished Condominium,398 sqft ,8 Enggor Street, Ready to move,1,1,"S$ 3,300 /mo",EW16 Outram Park MRT Station,0.99 km
17,Skysuites @ Anson,Partially Furnished Condominium,698 sqft ,8 Enggor Street, Ready to move,1,1,"S$ 4,200 /mo",EW16 Outram Park MRT Station,0.99 km
18,Skysuites @ Anson,Fully Furnished Condominium,364 sqft ,8 Enggor Street, Ready to move,Studio,0,"S$ 2,650 /mo",EW16 Outram Park MRT Station,0.99 km
19,Pinnacle @ Duxton,Fully Furnished HDB Apartment,130 sqft ,1F Cantonment Road, Available from 15 Apr,Room,0,"S$ 1,150 /mo",EW16 Outram Park MRT Station,0.73 km
0,Pinnacle @ Duxton,Fully Furnished HDB Apartment,130 sqft ,1D Cantonment Road, Ready to move,Room,0,"S$ 1,000 /mo",EW16 Outram Park MRT Station,0.73 km
1,Skysuites @ Anson,Fully Furnished Condominium,398 sqft ,8 Enggor Street, Ready to move,1,1,"S$ 3,300 /mo",EW16 Outram Park MRT Station,0.99 km
2,334 Kreta Ayer Road,Partially Furnished HDB Apartment,968 sqft ,334 Kreta Ayer Road, Ready to move,2,1,"S$ 3,000 /mo",EW16 Outram Park MRT Station,0.41 km
3,Icon,Fully Furnished Apartment,678 sqft ,10 Gopeng Street, Ready to move,1,1,"S$ 3,800 /mo",EW16 Outram Park MRT Station,0.97 km
4,Icon,Fully Furnished Apartment,1044 sqft ,(within 0.97 km), Ready to move,2,2,"S$ 5,000 /mo",EW16 Outram Park MRT Station,0.97 km
5,Eng Hoon Mansions,Partially Furnished Apartment,200 sqft ,17 Eng Hoon Street, Ready to move,Room,0,S$ 900 /mo,EW16 Outram Park MRT Station,0.50 km
6,Landmark Tower,Fully Furnished Apartment,750 sqft ,173 Chin Swee Road, Ready to move,2,2,"S$ 2,600 /mo",EW16 Outram Park MRT Station,0.53 km
7,Landmark Tower,Fully Furnished Apartment,200 sqft ,173 Chin Swee Road, Ready to move,Room,0,"S$ 1,450 /mo",EW16 Outram Park MRT Station,0.53 km
8,Landmark Tower,Fully Furnished Apartment,800 sqft ,173 Chin Swee Road, Ready to move,1,1,"S$ 2,500 /mo",EW16 Outram Park MRT Station,0.53 km
9,Landmark Tower,Fully Furnished Apartment,130 sqft ,173 Chin Swee Road, Ready to move,Room,0,"S$ 1,000 /mo",EW16 Outram Park MRT Station,0.53 km
10,Icon,Fully Furnished Apartment,904 sqft ,10 Gopeng Street, Ready to move,2,2,"S$ 4,800 /mo",EW16 Outram Park MRT Station,0.97 km
11,Icon,Condominium,1238 sqft ,10 Gopeng Street, Ready to move,2,2,"S$ 5,500 /mo",EW16 Outram Park MRT Station,0.97 km
12,Skysuites @ Anson,Partially Furnished Condominium,700 sqft ,8 Enggor Street, Ready to move,2,2,"S$ 4,200 /mo",EW16 Outram Park MRT Station,0.99 km
13,Emerald Garden,Fully Furnished Condominium,1098 sqft ,33 Club Street, Ready to move,2,3,"S$ 4,200 /mo",EW16 Outram Park MRT Station,0.90 km
14,Pearl Bank Apartment,Fully Furnished Apartment,300 sqft ,1 Pearl Bank, Ready to move,Studio,0,"S$ 1,500 /mo",EW16 Outram Park MRT Station,0.20 km
15,8 Tanjong Pagar Plaza,Fully Furnished HDB Apartment,893 sqft ,8 Tanjong Pagar Plaza, Ready to move,3,2,"S$ 2,800 /mo",EW16 Outram Park MRT Station,0.66 km
16,2C Boon Tiong Road,Fully Furnished HDB Apartment,150 sqft ,2C Boon Tiong Road, S$ 5.33 psf,Room,0,S$ 800 /mo,EW16 Outram Park MRT Station,0.88 km
17,Icon,Apartment,1238 sqft ,10 Gopeng Street, Ready to move,2,2,"S$ 5,500 /mo",EW16 Outram Park MRT Station,0.97 km
18,74 Tiong Poh Road,Partially Furnished HDB Apartment,1000 sqft ,74 Tiong Poh Road, S$ 6.00 psf,2,1,"S$ 6,000 /mo",EW16 Outram Park MRT Station,0.69 km
19,71 Seng Poh Road,Fully Furnished Walk-up,200 sqft ,71 Seng Poh Road, Ready to move,Room,0,"S$ 1,500 /mo",EW16 Outram Park MRT Station,0.75 km
0,Skysuites @ Anson,Partially Furnished Condominium,398 sqft ,8 Enggor Street, Ready to move,1,1,"S$ 2,700 /mo",EW16 Outram Park MRT Station,0.99 km
1,Skysuites @ Anson,Partially Furnished Condominium,398 sqft ,8 Enggor Street, Available from 15 Apr,1,1,"S$ 3,400 /mo",EW16 Outram Park MRT Station,0.99 km
2,Skysuites @ Anson,Partially Furnished Condominium,365 sqft ,8 Enggor Street, Ready to move,1,1,"S$ 2,900 /mo",EW16 Outram Park MRT Station,0.99 km
3,Icon,Fully Furnished Apartment,570 sqft ,10 Gopeng Street, Ready to move,1,1,"S$ 3,200 /mo",EW16 Outram Park MRT Station,0.97 km
4,Pinnacle @ Duxton,Fully Furnished HDB Apartment,1000 sqft ,1F Cantonment Road, Ready to move,2,2,"S$ 3,499 /mo",EW16 Outram Park MRT Station,0.66 km
5,NO OWNER/Master And COMMON Rooms AT People's Park Complex,Fully Furnished Apartment,150 sqft ,1 Park Road, Ready to move,Room,0,S$ 850 /mo,EW16 Outram Park MRT Station,0.53 km
6,Icon,Condominium,1238 sqft ,10 Gopeng Street, S$ 4.44 psf,2,0,"S$ 5,500 /mo",EW16 Outram Park MRT Station,0.97 km
7,Icon,Condominium,1238 sqft ,10 Gopeng Street, S$ 4.44 psf,2,0,"S$ 5,500 /mo",EW16 Outram Park MRT Station,0.97 km
8,Icon,Condominium,1238 sqft ,10 Gopeng Street, S$ 4.44 psf,2,0,"S$ 5,500 /mo",EW16 Outram Park MRT Station,0.97 km
9,Icon,Condominium,1238 sqft ,10 Gopeng Street, S$ 4.44 psf,2,0,"S$ 5,500 /mo",EW16 Outram Park MRT Station,0.97 km
10,Altez,Condominium,1173 sqft ,16 Enggor Street, Ready to move,2,2,"S$ 7,300 /mo",EW16 Outram Park MRT Station,0.99 km
11,Altez,Fully Furnished Condominium,550 sqft ,16 Enggor Street, Ready to move,1,1,"S$ 3,800 /mo",EW16 Outram Park MRT Station,0.99 km
12,Skysuites @ Anson,Partially Furnished Condominium,365 sqft ,8 Enggor Street, Ready to move,1,1,"S$ 3,000 /mo",EW16 Outram Park MRT Station,0.99 km
13,Everton Road Unique 2 Bedrooms Conservation House For Rent,Fully Furnished Conservation House,1300 sqft ,Everton Road, Ready to move,2,2,"S$ 5,500 /mo",EW16 Outram Park MRT Station,0.50 km
14,74 Tiong Poh Road,Partially Furnished HDB Apartment,960 sqft ,74 Tiong Poh Road, Ready to move,3,1,"S$ 2,800 /mo",EW16 Outram Park MRT Station,0.69 km
15,4B Boon Tiong Road,Fully Furnished HDB Apartment,1237 sqft ,4B Boon Tiong Road, Ready to move,3,2,"S$ 3,200 /mo",EW16 Outram Park MRT Station,0.95 km
16,Icon,Fully Furnished Apartment,581 sqft ,10 Gopeng Street, Available from 19 May,1,1,"S$ 3,500 /mo",EW16 Outram Park MRT Station,0.97 km
17,10 Jalan Kukoh,Fully Furnished HDB Apartment,500 sqft ,10 Jalan Kukoh, Ready to move,1,1,"S$ 1,700 /mo",EW16 Outram Park MRT Station,0.61 km
18,River Place,Partially Furnished Condominium,2357 sqft ,60 Havelock Road, Available from 1 May,3,3,"S$ 7,800 /mo",EW16 Outram Park MRT Station,0.92 km
19,Spottiswoode Park,Partially Furnished Conservation House,1200 sqft ,Spottiswoode Park Road, Ready to move,1,1,"S$ 3,400 /mo",EW16 Outram Park MRT Station,0.75 km
