0,428 Clementi Avenue 3,Fully Furnished HDB Apartment,750 sqft ,428 Clementi Avenue 3, Ready to move,2,2,"S$ 2,400 /mo",EW23 Clementi MRT Station,0.37 km
1,426 Clementi Avenue 3,Partially Furnished HDB Apartment,922 sqft ,426 Clementi Avenue 3, Available from 15 Apr,2,2,"S$ 2,200 /mo",EW23 Clementi MRT Station,0.40 km
2,429 Clementi Avenue 3,Fully Furnished HDB Apartment,883 sqft ,429 Clementi Avenue 3, Available from 1 May,3,2,"S$ 2,400 /mo",EW23 Clementi MRT Station,0.38 km
3,The Parc Condominium,Partially Furnished Condominium,1421 sqft ,1 West Coast Walk, Ready to move,3,2,"S$ 4,000 /mo",EW23 Clementi MRT Station,0.77 km
4,350 Clementi Avenue 2,Fully Furnished HDB Apartment,990 sqft ,350 Clementi Avenue 2, S$ 0.66 psf,Room,0,S$ 650 /mo,EW23 Clementi MRT Station,0.55 km
5,The Parc Condominium,Partially Furnished Condominium,1216 sqft ,3 West Coast Walk, Ready to move,3,3,"S$ 3,900 /mo",EW23 Clementi MRT Station,0.77 km
6,The Parc Condominium,Partially Furnished Condominium,1421 sqft ,1 West Coast Walk, Ready to move,3,2,"S$ 4,500 /mo",EW23 Clementi MRT Station,0.77 km
7,412 Commonwealth Avenue West,HDB Apartment,1044 sqft ,412 Commonwealth Avenue West, Ready to move,3,2,"S$ 2,500 /mo",EW23 Clementi MRT Station,0.73 km
8,Bungalow @ Faber Park For Rent,Partially Furnished Bungalow House,"6000 sqft, 9500 sqft (land) ",(within 0.86 km), Ready to move,4,5,"S$ 8,000 /mo",EW23 Clementi MRT Station,0.86 km
9,The Parc Condominium,Fully Furnished Condominium,1442 sqft ,15 West Coast Walk, Available from 3 May,4,3,"S$ 4,500 /mo",EW23 Clementi MRT Station,0.77 km
10,414 Commonwealth Avenue West,Fully Furnished HDB Apartment,200 sqft ,414 Commonwealth Avenue West, Ready to move,Room,0,S$ 700 /mo,EW23 Clementi MRT Station,0.79 km
11,427 Clementi Avenue 3,Fully Furnished HDB Apartment,721 sqft ,427 Clementi Avenue 3, Ready to move,2,2,"S$ 2,300 /mo",EW23 Clementi MRT Station,0.38 km
12,Park West,Partially Furnished Condominium,1249 sqft ,2 Jalan Lempeng, Available from 30 Apr,3,3,"S$ 2,800 /mo",EW23 Clementi MRT Station,0.62 km
13,319 Clementi Avenue 4,Fully Furnished HDB Apartment,721 sqft ,319 Clementi Avenue 4, S$ 3.12 psf,2,2,"S$ 2,250 /mo",EW23 Clementi MRT Station,0.29 km
14,The Parc Condominium,Fully Furnished Condominium,1421 sqft ,11 West Coast Walk, Available from 22 Apr,4,3,"S$ 4,500 /mo",EW23 Clementi MRT Station,0.77 km
15,103 Clementi Street 14,Fully Furnished HDB Apartment,990 sqft ,103 Clementi Street 14, Ready to move,3,2,"S$ 2,400 /mo",EW23 Clementi MRT Station,0.94 km
16,345 Clementi Avenue 5,Fully Furnished HDB Apartment,750 sqft ,345 Clementi Avenue 5, Ready to move,2,2,"S$ 2,000 /mo",EW23 Clementi MRT Station,0.49 km
17,456 Clementi Avenue 3,Fully Furnished HDB Apartment,914 sqft ,456 Clementi Avenue 3, Ready to move,3,2,"S$ 2,600 /mo",EW23 Clementi MRT Station,0.37 km
18,The Parc Condominium,Partially Furnished Condominium,1421 sqft ,11 West Coast Walk, Ready to move,4,3,"S$ 4,300 /mo",EW23 Clementi MRT Station,0.77 km
19,Freesia Woods,Partially Furnished Condominium,1227 sqft ,61 Sunset Way, Ready to move,2,2,"S$ 3,000 /mo",EW23 Clementi MRT Station,0.99 km
0,427 Clementi Avenue 3,Fully Furnished HDB Apartment,753 sqft ,427 Clementi Avenue 3, Available from 14 Apr,2,2,"S$ 2,300 /mo",EW23 Clementi MRT Station,0.38 km
1,Regent Park,Fully Furnished Condominium,960 sqft ,26 Jalan Lempeng, Ready to move,2,2,"S$ 3,000 /mo",EW23 Clementi MRT Station,0.57 km
2,102 Clementi Street 14,Fully Furnished HDB Apartment,1100 sqft ,102 Clementi Street 14, Ready to move,3,2,"S$ 2,399 /mo",EW23 Clementi MRT Station,0.93 km
3,301 Clementi Avenue 4,Fully Furnished HDB Apartment,990 sqft ,301 Clementi Avenue 4, Ready to move,3,2,"S$ 2,400 /mo",EW23 Clementi MRT Station,0.79 km
4,The Parc Condominium,Fully Furnished Condominium,980 sqft ,1 West Coast Walk, Ready to move,2,2,"S$ 3,000 /mo",EW23 Clementi MRT Station,0.77 km
5,104 Clementi Street 14,Fully Furnished HDB Apartment,1689 sqft ,104 Clementi Street 14, Ready to move,4,3,"S$ 2,450 /mo",EW23 Clementi MRT Station,0.99 km
6,The Trilinq,Condominium,1518 sqft ,28 Jalan Lempeng, Ready to move,4,3,"S$ 4,900 /mo",EW23 Clementi MRT Station,0.56 km
7,The Parc Condominium,Fully Furnished Condominium,1216 sqft ,5 West Coast Walk, Ready to move,3,2,"S$ 4,300 /mo",EW23 Clementi MRT Station,0.77 km
8,The Parc Condominium,Partially Furnished Condominium,1292 sqft ,11 West Coast Walk, Ready to move,3,3,"S$ 4,000 /mo",EW23 Clementi MRT Station,0.77 km
9,309 Clementi Avenue 4,Fully Furnished HDB Apartment,721 sqft ,309 Clementi Avenue 4, Ready to move,2,2,"S$ 2,100 /mo",EW23 Clementi MRT Station,0.67 km
10,345 Clementi Avenue 5,HDB Apartment,600 sqft ,345 Clementi Avenue 5, Ready to move,2,2,"S$ 1,800 /mo",EW23 Clementi MRT Station,0.49 km
11,416 Clementi Avenue 1,Fully Furnished HDB Apartment,200 sqft ,416 Clementi Avenue 1, S$ 4.00 psf,Room,0,S$ 800 /mo,EW23 Clementi MRT Station,0.85 km
12,Faber Park Bangalow,Partially Furnished Bungalow House,"10000 sqft, 7500 sqft (land) ",Faber Park, Ready to move,4,5,"S$ 8,888 /mo",EW23 Clementi MRT Station,0.83 km
13,Regent Park,Fully Furnished Condominium,1130 sqft ,26 Jalan Lempeng, Ready to move,3,3,"S$ 3,100 /mo",EW23 Clementi MRT Station,0.57 km
14,354 Clementi Avenue 2,HDB Apartment,600 sqft ,354 Clementi Avenue 2, Ready to move,2,2,"S$ 1,800 /mo",EW23 Clementi MRT Station,0.58 km
15,Faber Park,Fully Furnished Bungalow House,"6000 sqft, 10000 sqft (land) ",Faber Park, Ready to move,5,4,"S$ 8,000 /mo",EW23 Clementi MRT Station,0.90 km
16,506 West Coast Drive,Fully Furnished HDB Apartment,980 sqft ,506 West Coast Drive, Ready to move,3,2,"S$ 2,390 /mo",EW23 Clementi MRT Station,0.59 km
17,Regent Park,Fully Furnished Condominium,818 sqft ,(within 0.57 km), Ready to move,2,2,"S$ 2,500 /mo",EW23 Clementi MRT Station,0.57 km
18,"340 Clementi Avenue 5, Singapore",Partially Furnished HDB Apartment,1302 sqft ,340 Clementi Avenue 5, Ready to move,3,2,"S$ 2,500 /mo",EW23 Clementi MRT Station,0.67 km
19,The Trilinq,Fully Furnished Condominium,538 sqft ,28B Jalan Lempeng, Ready to move,1,1,"S$ 2,800 /mo",EW23 Clementi MRT Station,0.56 km
0,357 Clementi Avenue 2,Fully Furnished HDB Apartment,1300 sqft ,357 Clementi Avenue 2, Available from 1 Jun,3,2,"S$ 3,300 /mo",EW23 Clementi MRT Station,0.44 km
1,334 Clementi Avenue 2,HDB Apartment,67 sqft ,334 Clementi Avenue 2, Ready to move,2,2,"S$ 2,200 /mo",EW23 Clementi MRT Station,0.31 km
2,208A Clementi Avenue 6,HDB Apartment,100 sqft ,208A Clementi Avenue 6, S$ 7.00 psf,Room,0,S$ 700 /mo,EW23 Clementi MRT Station,0.68 km
3,316 Clementi Avenue 4,Fully Furnished HDB Apartment,981 sqft ,316 Clementi Avenue 4, Ready to move,3,2,"S$ 2,500 /mo",EW23 Clementi MRT Station,0.39 km
4,Regent Park,Partially Furnished Condominium,1130 sqft ,26 Jalan Lempeng, Ready to move,3,3,"S$ 3,100 /mo",EW23 Clementi MRT Station,0.57 km
5,Hundred Trees,Fully Furnished Condominium,786 sqft ,85 West Coast Drive, Available from 15 Apr,2,1,"S$ 2,950 /mo",EW23 Clementi MRT Station,0.75 km
6,358 Clementi Avenue 2,HDB Apartment,990 sqft ,358 Clementi Avenue 2, Ready to move,Room,0,S$ 750 /mo,EW23 Clementi MRT Station,0.42 km
7,The Trilinq,Condominium,710 sqft ,28 Jalan Lempeng, Ready to move,2,1,"S$ 3,300 /mo",EW23 Clementi MRT Station,0.56 km
8,312B Clementi Avenue 4,Fully Furnished HDB Apartment,1100 sqft ,312B Clementi Avenue 4, Ready to move,Room,0,S$ 700 /mo,EW23 Clementi MRT Station,0.52 km
9,308 Clementi Avenue 4,Partially Furnished HDB Apartment,690 sqft ,308 Clementi Avenue 4, Ready to move,2,2,"S$ 1,900 /mo",EW23 Clementi MRT Station,0.68 km
10,The Parc Condominium,Fully Furnished Condominium,1421 sqft ,1 West Coast Walk, Available from 7 Jun,3,3,"S$ 4,350 /mo",EW23 Clementi MRT Station,0.77 km
11,Hundred Trees,Fully Furnished Condominium,786 sqft ,(within 0.75 km), Ready to move,2,2,"S$ 2,800 /mo",EW23 Clementi MRT Station,0.75 km
12,Regent Park,Fully Furnished Condominium,904 sqft ,26 Jalan Lempeng, Ready to move,2,2,"S$ 2,700 /mo",EW23 Clementi MRT Station,0.57 km
13,Hundred Trees,Fully Furnished Condominium,915 sqft ,89 West Coast Drive, Ready to move,2,2,"S$ 2,700 /mo",EW23 Clementi MRT Station,0.75 km
14,508 West Coast Drive,Fully Furnished HDB Apartment,732 sqft ,508 West Coast Drive, Ready to move,2,2,"S$ 1,800 /mo",EW23 Clementi MRT Station,0.55 km
15,The Trilinq,Condominium,538 sqft ,28 Jalan Lempeng, Ready to move,1,1,"S$ 2,696 /mo",EW23 Clementi MRT Station,0.56 km
16,Regent Park,Partially Furnished Condominium,1130 sqft ,26 Jalan Lempeng, S$ 2.83 psf,3,3,"S$ 3,200 /mo",EW23 Clementi MRT Station,0.57 km
17,Park West,Fully Furnished Condominium,1250 sqft ,2 Jalan Lempeng, Ready to move,3,3,"S$ 2,700 /mo",EW23 Clementi MRT Station,0.62 km
18,318 Clementi Avenue 4,Fully Furnished HDB Apartment,100 sqft ,318 Clementi Avenue 4, Ready to move,Room,0,"S$ 1,000 /mo",EW23 Clementi MRT Station,0.33 km
19,The Parc Condominium,Condominium,667 sqft ,1 West Coast Walk, Ready to move,1,1,"S$ 2,600 /mo",EW23 Clementi MRT Station,0.77 km
0,Regent Park,Fully Furnished Condominium,904 sqft ,22 Jalan Lempeng, Ready to move,2,2,"S$ 2,900 /mo",EW23 Clementi MRT Station,0.57 km
1,Hundred Trees,Condominium,786 sqft ,85 West Coast Drive, Ready to move,2,2,"S$ 2,800 /mo",EW23 Clementi MRT Station,0.75 km
2,304 Clementi Avenue 4,Fully Furnished HDB Apartment,882 sqft ,304 Clementi Avenue 4, Ready to move,2,2,"S$ 3,300 /mo",EW23 Clementi MRT Station,0.65 km
3,308 Clementi Avenue 4,Fully Furnished HDB Apartment,721 sqft ,308 Clementi Avenue 4, Ready to move,2,2,"S$ 1,950 /mo",EW23 Clementi MRT Station,0.68 km
4,378 Clementi Avenue 5,Fully Furnished HDB Apartment,990 sqft ,378 Clementi Avenue 5, Ready to move,2,2,"S$ 2,300 /mo",EW23 Clementi MRT Station,0.38 km
5,428 Clementi Avenue 3,Fully Furnished HDB Apartment,150 sqft ,428 Clementi Avenue 3, Ready to move,Room,0,S$ 750 /mo,EW23 Clementi MRT Station,0.37 km
6,506 West Coast Drive,Fully Furnished HDB Apartment,990 sqft ,506 West Coast Drive, Ready to move,3,2,"S$ 2,350 /mo",EW23 Clementi MRT Station,0.59 km
7,329 Clementi Avenue 2,Fully Furnished HDB Apartment,990 sqft ,329 Clementi Avenue 2, Ready to move,3,2,"S$ 2,500 /mo",EW23 Clementi MRT Station,0.29 km
8,Hundred Trees,Fully Furnished Condominium,786 sqft ,95 West Coast Drive, Ready to move,2,2,"S$ 2,900 /mo",EW23 Clementi MRT Station,0.75 km
9,New Room @ Casa Clementi,Fully Furnished HDB Apartment,100 sqft ,New Room @ Casa Clementi, Ready to move,Room,0,S$ 800 /mo,EW23 Clementi MRT Station,0.69 km
10,Hundred Trees,Fully Furnished Condominium,786 sqft ,(within 0.75 km), Ready to move,2,2,"S$ 2,800 /mo",EW23 Clementi MRT Station,0.75 km
11,Pine Grove,Fully Furnished Condominium,120 sqft ,1A Pine Grove, S$ 8.08 psf,Room,0,S$ 970 /mo,EW23 Clementi MRT Station,0.96 km
12,454 Clementi Avenue 3,Fully Furnished HDB Apartment,130 sqft ,454 Clementi Avenue 3, Ready to move,Room,0,S$ 740 /mo,EW23 Clementi MRT Station,0.32 km
13,456 Clementi Avenue 3,Fully Furnished HDB Apartment,1000 sqft ,456 Clementi Avenue 3, S$ 2.50 psf,3,2,"S$ 2,500 /mo",EW23 Clementi MRT Station,0.37 km
14,329 Clementi Avenue 2,Fully Furnished HDB Apartment,721 sqft ,329 Clementi Avenue 2, S$ 2.77 psf,2,2,"S$ 2,000 /mo",EW23 Clementi MRT Station,0.29 km
15,303 Clementi Avenue 4,Fully Furnished HDB Apartment,722 sqft ,303 Clementi Avenue 4, Ready to move,2,2,"S$ 1,900 /mo",EW23 Clementi MRT Station,0.70 km
16,343 Clementi Avenue 5,Fully Furnished HDB Apartment,250 sqft ,343 Clementi Avenue 5, Ready to move,Room,0,"S$ 1,100 /mo",EW23 Clementi MRT Station,0.71 km
17,515 West Coast Road,Fully Furnished HDB Apartment,200 sqft ,515 West Coast Road, Ready to move,Room,0,"S$ 1,000 /mo",EW23 Clementi MRT Station,0.96 km
18,339 Clementi Avenue 5,Fully Furnished HDB Apartment,721 sqft ,339 Clementi Avenue 5, Ready to move,2,2,"S$ 1,900 /mo",EW23 Clementi MRT Station,0.67 km
19,441B Clementi Avenue 3,Fully Furnished HDB Apartment,753 sqft ,441B Clementi Avenue 3, Ready to move,2,2,"S$ 2,200 /mo",EW23 Clementi MRT Station,0.11 km
0,Faber Park,Partially Furnished Bungalow House,"6000 sqft, 9077 sqft (land) ",(within 0.82 km), Ready to move,5,5,"S$ 8,800 /mo",EW23 Clementi MRT Station,0.82 km
1,440C Clementi Avenue 3,Partially Furnished HDB Apartment,1184 sqft ,440C Clementi Avenue 3, Ready to move,2,2,"S$ 2,500 /mo",EW23 Clementi MRT Station,0.16 km
2,450 Clementi Avenue 3,Fully Furnished HDB Apartment,120 sqft ,450 Clementi Avenue 3, Ready to move,Room,0,S$ 750 /mo,EW23 Clementi MRT Station,0.19 km
3,506 West Coast Drive,Fully Furnished HDB Apartment,990 sqft ,506 West Coast Drive, Ready to move,3,2,"S$ 2,300 /mo",EW23 Clementi MRT Station,0.59 km
4,The Trilinq,Partially Furnished Condominium,539 sqft ,28 Jalan Lempeng, Ready to move,1,1,"S$ 2,500 /mo",EW23 Clementi MRT Station,0.56 km
5,327 Clementi Avenue 5,Fully Furnished HDB Apartment,720 sqft ,327 Clementi Avenue 5, Ready to move,2,2,"S$ 2,350 /mo",EW23 Clementi MRT Station,0.16 km
6,461 Clementi Avenue 3,Fully Furnished HDB Apartment,150 sqft ,461 Clementi Avenue 3, Ready to move,Room,0,S$ 800 /mo,EW23 Clementi MRT Station,0.49 km
7,The Parc Condominium,Condominium,1464 sqft ,1 West Coast Walk, Ready to move,4,3,"S$ 4,400 /mo",EW23 Clementi MRT Station,0.77 km
8,320 Clementi Avenue 4,Fully Furnished HDB Apartment,721 sqft ,320 Clementi Avenue 4, Available from 1 May,2,2,"S$ 2,300 /mo",EW23 Clementi MRT Station,0.25 km
9,330 Clementi Avenue 2,Fully Furnished HDB Apartment,741 sqft ,330 Clementi Avenue 2, Ready to move,2,2,"S$ 2,100 /mo",EW23 Clementi MRT Station,0.29 km
10,101 Clementi Street 14,Fully Furnished HDB Apartment,1356 sqft ,101 Clementi Street 14, Ready to move,3,2,"S$ 2,500 /mo",EW23 Clementi MRT Station,0.89 km
11,461 Clementi Avenue 3,Fully Furnished HDB Apartment,100 sqft ,461 Clementi Avenue 3, Ready to move,Room,0,S$ 850 /mo,EW23 Clementi MRT Station,0.49 km
12,329 Clementi Avenue 2,Fully Furnished HDB Apartment,150 sqft ,329 Clementi Avenue 2, Ready to move,Room,0,"S$ 1,000 /mo",EW23 Clementi MRT Station,0.29 km
13,Hundred Trees,Fully Furnished Condominium,786 sqft ,85 West Coast Drive, Ready to move,2,2,"S$ 2,600 /mo",EW23 Clementi MRT Station,0.75 km
14,The Parc Condominium,Partially Furnished Condominium,2433 sqft ,1 West Coast Walk, Ready to move,5,5,"S$ 7,000 /mo",EW23 Clementi MRT Station,0.77 km
15,Faber Crescent,Unfurnished Detached House,"6500 sqft, 5847 sqft (land) ",Faber Crescent, S$ 1.11 psf,6,5,"S$ 6,500 /mo",EW23 Clementi MRT Station,0.95 km
16,Regent Park,Partially Furnished Condominium,1140 sqft ,26 Jalan Lempeng, S$ 2.72 psf,3,3,"S$ 3,100 /mo",EW23 Clementi MRT Station,0.57 km
17,421 Clementi Avenue 1,Partially Furnished HDB Apartment,1033 sqft ,421 Clementi Avenue 1, S$ 2.66 psf,3,2,"S$ 2,750 /mo",EW23 Clementi MRT Station,0.75 km
18,343 Clementi Avenue 5,Fully Furnished HDB Apartment,760 sqft ,343 Clementi Avenue 5, S$ 2.63 psf,2,2,"S$ 2,000 /mo",EW23 Clementi MRT Station,0.71 km
19,Hundred Trees,Fully Furnished Condominium,786 sqft ,81 West Coast Drive, Ready to move,2,2,"S$ 2,600 /mo",EW23 Clementi MRT Station,0.75 km
0,329 Clementi Avenue 2,HDB Apartment,882 sqft ,329 Clementi Avenue 2, Ready to move,2,2,"S$ 2,300 /mo",EW23 Clementi MRT Station,0.29 km
1,412 Commonwealth Avenue West,Fully Furnished HDB Apartment,1033 sqft ,412 Commonwealth Avenue West, Ready to move,3,2,"S$ 2,650 /mo",EW23 Clementi MRT Station,0.73 km
2,310 Clementi Avenue 4,Fully Furnished HDB Apartment,760 sqft ,310 Clementi Avenue 4, S$ 2.43 psf,2,2,"S$ 1,850 /mo",EW23 Clementi MRT Station,0.59 km
3,Hundred Trees,Fully Furnished Condominium,786 sqft ,85 West Coast Drive, Available from 16 Apr,2,2,"S$ 2,950 /mo",EW23 Clementi MRT Station,0.75 km
4,341 Clementi Avenue 5,Fully Furnished HDB Apartment,200 sqft ,341 Clementi Avenue 5, Available from 15 Apr,Room,0,"S$ 1,100 /mo",EW23 Clementi MRT Station,0.46 km
5,53 Faber Hill,Partially Furnished Detached House,"6000 sqft, 9300 sqft (land) ",53 Faber park, Ready to move,4,6,"S$ 9,500 /mo",EW23 Clementi MRT Station,0.80 km
6,Park West,Fully Furnished Condominium,200 sqft ,6 Jalan Lempeng, Ready to move,Room,0,"S$ 1,100 /mo",EW23 Clementi MRT Station,0.62 km
7,378 Clementi Avenue 5,HDB Apartment,980 sqft ,378 Clementi Avenue 5, Ready to move,4,2,"S$ 3,000 /mo",EW23 Clementi MRT Station,0.38 km
8,441B Clementi Avenue 3,HDB Apartment,600 sqft ,441B Clementi Avenue 3, Ready to move,2,2,"S$ 2,200 /mo",EW23 Clementi MRT Station,0.11 km
9,Freesia Woods,Fully Furnished Condominium,1421 sqft ,61 Sunset Way, Ready to move,3,3,"S$ 4,300 /mo",EW23 Clementi MRT Station,0.99 km
10,Pine Grove,Condominium,1935 sqft ,1A Pine Grove, Ready to move,4,3,"S$ 3,400 /mo",EW23 Clementi MRT Station,0.96 km
11,Pine Grove,Unfurnished Condominium,1800 sqft ,1K Pine Grove, Ready to move,3,3,"S$ 3,000 /mo",EW23 Clementi MRT Station,0.96 km
12,Hundred Trees,Fully Furnished Condominium,786 sqft ,85 West Coast Drive, Ready to move,2,2,"S$ 2,800 /mo",EW23 Clementi MRT Station,0.75 km
13,311 Clementi Avenue 4,Fully Furnished HDB Apartment,150 sqft ,311 Clementi Avenue 4, Ready to move,Room,0,S$ 850 /mo,EW23 Clementi MRT Station,0.51 km
14,Clementi Landed House! !!,Partially Furnished Terraced House,"150 sqft, 1499 sqft (land) ",Jalan Mas Kuning, S$ 0.67 psf,Room,0,"S$ 1,000 /mo",EW23 Clementi MRT Station,0.93 km
15,Pine Grove,Fully Furnished Condominium,120 sqft ,1A Pine Grove, Ready to move,Room,0,S$ 900 /mo,EW23 Clementi MRT Station,0.96 km
16,318 Clementi Avenue 4,Fully Furnished HDB Apartment,150 sqft ,318 Clementi Avenue 4, Ready to move,Room,0,S$ 650 /mo,EW23 Clementi MRT Station,0.33 km
17,461 Clementi Avenue 3,Fully Furnished HDB Apartment,190 sqft ,461 Clementi Avenue 3, Ready to move,Room,0,S$ 900 /mo,EW23 Clementi MRT Station,0.49 km
18,The Parc Condominium,Unfurnished Condominium,1292 sqft ,1 West Coast Walk, Ready to move,3,3,"S$ 4,000 /mo",EW23 Clementi MRT Station,0.77 km
19,341 Clementi Avenue 5,Partially Furnished HDB Apartment,166 sqft ,341 Clementi Avenue 5, Ready to move,Room,0,S$ 500 /mo,EW23 Clementi MRT Station,0.46 km
0,335 Clementi Avenue 2,Fully Furnished HDB Apartment,200 sqft ,335 Clementi Avenue 2, Ready to move,Room,0,S$ 750 /mo,EW23 Clementi MRT Station,0.43 km
1,331 Clementi Avenue 2,Fully Furnished HDB Apartment,721 sqft ,331 Clementi Avenue 2, Ready to move,2,2,"S$ 2,000 /mo",EW23 Clementi MRT Station,0.28 km
2,309 Clementi Avenue 4,Fully Furnished HDB Apartment,720 sqft ,309 Clementi Avenue 4, Ready to move,2,2,"S$ 2,300 /mo",EW23 Clementi MRT Station,0.67 km
3,345 Clementi Avenue 5,Fully Furnished HDB Apartment,721 sqft ,345 Clementi Avenue 5, Available from 15 Apr,2,2,"S$ 2,000 /mo",EW23 Clementi MRT Station,0.49 km
4,462 Clementi Avenue 3,Partially Furnished HDB Apartment,968 sqft ,462 Clementi Avenue 3, Available from 15 May,3,2,"S$ 2,800 /mo",EW23 Clementi MRT Station,0.49 km
5,315 Clementi Avenue 4,Partially Furnished HDB Apartment,990 sqft ,315 Clementi Avenue 4, Ready to move,3,2,"S$ 2,500 /mo",EW23 Clementi MRT Station,0.38 km
6,462 Clementi Avenue 3,Fully Furnished HDB Apartment,969 sqft ,462 Clementi Avenue 3, Ready to move,3,2,"S$ 2,500 /mo",EW23 Clementi MRT Station,0.49 km
7,The Trilinq,Fully Furnished Condominium,915 sqft ,28 Jalan Lempeng, Ready to move,3,3,"S$ 3,500 /mo",EW23 Clementi MRT Station,0.56 km
8,103 Clementi Street 14,Fully Furnished HDB Apartment,1055 sqft ,103 Clementi Street 14, Ready to move,3,2,"S$ 2,200 /mo",EW23 Clementi MRT Station,0.94 km
9,306 Clementi Avenue 4,Fully Furnished HDB Apartment,882 sqft ,306 Clementi Avenue 4, S$ 2.49 psf,2,2,"S$ 2,200 /mo",EW23 Clementi MRT Station,0.72 km
10,Regent Park,Partially Furnished Condominium,1152 sqft ,26 Jalan Lempeng, Available from 15 Apr,3,3,"S$ 3,380 /mo",EW23 Clementi MRT Station,0.57 km
11,442 Clementi Avenue 3,Fully Furnished HDB Apartment,800 sqft ,442 Clementi Avenue 3, Ready to move,2,2,"S$ 2,200 /mo",EW23 Clementi MRT Station,0.33 km
12,Hundred Trees,Fully Furnished Condominium,915 sqft ,85 West Coast Drive, Available from 30 Jun,3,2,"S$ 3,300 /mo",EW23 Clementi MRT Station,0.75 km
13,454 Clementi Avenue 3,Fully Furnished HDB Apartment,129 sqft ,454 Clementi Avenue 3, Ready to move,Room,0,S$ 950 /mo,EW23 Clementi MRT Station,0.32 km
14,434 Clementi Avenue 3,Fully Furnished HDB Apartment,721 sqft ,434 Clementi Avenue 3, Ready to move,2,2,"S$ 1,950 /mo",EW23 Clementi MRT Station,0.40 km
15,Faber Park Bungalow,Partially Furnished Bungalow House,"5100 sqft, 9800 sqft (land) ",Faber Avenue, S$ 0.82 psf,5,5,"S$ 8,000 /mo",EW23 Clementi MRT Station,0.87 km
16,425 Clementi Avenue 1,Fully Furnished HDB Apartment,140 sqft ,425 Clementi Avenue 1, Ready to move,Room,0,S$ 850 /mo,EW23 Clementi MRT Station,0.89 km
17,303 Clementi Avenue 4,Fully Furnished HDB Apartment,700 sqft ,303 Clementi Avenue 4, Ready to move,2,2,"S$ 1,800 /mo",EW23 Clementi MRT Station,0.70 km
18,Sunset Way - 2 Storey Bungalow,Partially Furnished Bungalow House,"3800 sqft, 8000 sqft (land) ",Sunset Way, Ready to move,3,3,"S$ 7,800 /mo",EW23 Clementi MRT Station,0.90 km
19,Regent Park,Partially Furnished Condominium,1200 sqft ,26 Jalan Lempeng, Ready to move,3,3,"S$ 3,250 /mo",EW23 Clementi MRT Station,0.57 km
0,338 Clementi Avenue 2,Fully Furnished HDB Apartment,100 sqft ,338 Clementi Avenue 2, Ready to move,Room,0,S$ 700 /mo,EW23 Clementi MRT Station,0.49 km
1,506 West Coast Drive,Fully Furnished HDB Apartment,893 sqft ,506 West Coast Drive, Available from 1 May,2,2,"S$ 2,200 /mo",EW23 Clementi MRT Station,0.59 km
2,308 Clementi Avenue 4,Fully Furnished HDB Apartment,100 sqft ,308 Clementi Avenue 4, Ready to move,Room,0,S$ 600 /mo,EW23 Clementi MRT Station,0.68 km
3,378 Clementi Avenue 5,Partially Furnished HDB Apartment,980 sqft ,378 Clementi Avenue 5, Ready to move,4,2,"S$ 3,000 /mo",EW23 Clementi MRT Station,0.38 km
4,504 West Coast Drive,Fully Furnished HDB Apartment,200 sqft ,504 West Coast Drive, S$ 5.00 psf,Room,0,"S$ 1,000 /mo",EW23 Clementi MRT Station,0.72 km
5,418 Clementi Avenue 1,Fully Furnished HDB Apartment,100 sqft ,418 Clementi Avenue 1, Ready to move,Room,0,S$ 980 /mo,EW23 Clementi MRT Station,0.76 km
6,Hundred Trees,Partially Furnished Condominium,484 sqft ,93 West Coast Drive, S$ 4.75 psf,1,1,"S$ 2,300 /mo",EW23 Clementi MRT Station,0.75 km
7,The Parc Condominium,Condominium,200 sqft ,1 West Coast Walk, Ready to move,Room,0,"S$ 1,700 /mo",EW23 Clementi MRT Station,0.77 km
8,365 Clementi Avenue 2,Fully Furnished HDB Apartment,721 sqft ,365 Clementi Avenue 2, Ready to move,2,2,"S$ 1,900 /mo",EW23 Clementi MRT Station,0.59 km
9,310 Clementi Avenue 4,Fully Furnished HDB Apartment,785 sqft ,310 Clementi Avenue 4, Available from 1 May,2,1,"S$ 2,000 /mo",EW23 Clementi MRT Station,0.59 km
10,319 Clementi Avenue 4,Fully Furnished HDB Apartment,731 sqft ,319 Clementi Avenue 4, Ready to move,2,2,"S$ 2,000 /mo",EW23 Clementi MRT Station,0.29 km
11,103 Clementi Street 14,Fully Furnished HDB Apartment,1100 sqft ,103 Clementi Street 14, Ready to move,3,2,"S$ 2,500 /mo",EW23 Clementi MRT Station,0.94 km
12,Trivelis,Fully Furnished HDB Apartment,150 sqft ,311A Clementi Avenue 4, S$ 7.67 psf,Room,0,"S$ 1,150 /mo",EW23 Clementi MRT Station,0.57 km
13,426 Clementi Avenue 3,Fully Furnished HDB Apartment,750 sqft ,426 Clementi Avenue 3, S$ 2.93 psf,2,2,"S$ 2,200 /mo",EW23 Clementi MRT Station,0.41 km
14,346 Clementi Avenue 5,Fully Furnished HDB Apartment,80 sqft ,346 Clementi Avenue 5, Ready to move,Room,0,S$ 700 /mo,EW23 Clementi MRT Station,0.56 km
15,441B Clementi Avenue 3,Fully Furnished HDB Apartment,150 sqft ,441B Clementi Avenue 3, Ready to move,Room,0,"S$ 1,000 /mo",EW23 Clementi MRT Station,0.11 km
16,Blk 431 Clementi Ave 3,Fully Furnished HDB Apartment,883 sqft ,431 Clement Ave 3, S$ 2.83 psf,3,2,"S$ 2,500 /mo",EW23 Clementi MRT Station,0.34 km
17,Regent Park,Fully Furnished Condominium,1179 sqft ,26 Jalan Lempeng, Ready to move,3,2,"S$ 3,300 /mo",EW23 Clementi MRT Station,0.57 km
18,306 Clementi Avenue 4,Fully Furnished HDB Apartment,732 sqft ,306 Clementi Avenue 4, Available from 2 May,2,2,"S$ 2,200 /mo",EW23 Clementi MRT Station,0.72 km
19,308 Clementi Avenue 4,Fully Furnished HDB Apartment,732 sqft ,308 Clementi Avenue 4, Ready to move,2,2,"S$ 2,000 /mo",EW23 Clementi MRT Station,0.68 km
0,308 Clementi Avenue 4,Fully Furnished HDB Apartment,700 sqft ,308 Clementi Avenue 4, Ready to move,2,2,"S$ 2,000 /mo",EW23 Clementi MRT Station,0.68 km
1,The Parc Condominium,Condominium,1421 sqft ,1 West Coast Walk, Ready to move,3,3,"S$ 4,300 /mo",EW23 Clementi MRT Station,0.77 km
2,341 Clementi Avenue 5,Fully Furnished HDB Apartment,67 sqft ,341 Clementi Avenue 5, Ready to move,2,2,"S$ 2,300 /mo",EW23 Clementi MRT Station,0.46 km
3,429 Clementi Avenue 3,Fully Furnished HDB Apartment,742 sqft ,429 Clementi Avenue 3, S$ 2.83 psf,2,2,"S$ 2,100 /mo",EW23 Clementi MRT Station,0.38 km
4,Pine Grove,Condominium,180 sqft ,1A Pine Grove, Ready to move,Room,0,"S$ 1,100 /mo",EW23 Clementi MRT Station,0.96 km
5,Pine Grove,Fully Furnished Condominium,150 sqft ,1P Pine Grove, Ready to move,Room,0,S$ 799 /mo,EW23 Clementi MRT Station,0.96 km
6,Trivelis,Fully Furnished HDB Apartment,200 sqft ,311A Clementi Avenue 4, Available from 1 May,Room,0,S$ 900 /mo,EW23 Clementi MRT Station,0.57 km
7,308 Clementi Avenue 4,Fully Furnished HDB Apartment,721 sqft ,308 Clementi Avenue 4, Ready to move,2,2,"S$ 1,800 /mo",EW23 Clementi MRT Station,0.68 km
8,The Trilinq,Partially Furnished Condominium,915 sqft ,28 Jalan Lempeng, Available from 9 May,3,2,"S$ 3,500 /mo",EW23 Clementi MRT Station,0.56 km
9,The Parc Condominium,Fully Furnished Condominium,1421 sqft ,7 West Coast Walk, Ready to move,3,3,"S$ 4,300 /mo",EW23 Clementi MRT Station,0.77 km
10,504 West Coast Drive,Unfurnished HDB Apartment,840 sqft ,504 West Coast Drive, Available from 30 Apr,2,2,"S$ 2,100 /mo",EW23 Clementi MRT Station,0.72 km
11,The Parc Condominium,Fully Furnished Condominium,1292 sqft ,1 West Coast Walk, S$ 3.10 psf,3,3,"S$ 3,999 /mo",EW23 Clementi MRT Station,0.77 km
12,Hundred Trees,Partially Furnished Condominium,1475 sqft ,85 West Coast Drive, Available from 15 Jun,4,4,"S$ 4,700 /mo",EW23 Clementi MRT Station,0.75 km
13,327 Clementi Avenue 5,Fully Furnished HDB Apartment,721 sqft ,327 Clementi Avenue 5, Ready to move,2,2,"S$ 2,400 /mo",EW23 Clementi MRT Station,0.16 km
14,312C Clementi Avenue 4,Fully Furnished HDB Apartment,100 sqft ,312C Clementi avenue 4, S$ 6.50 psf,Room,0,S$ 650 /mo,EW23 Clementi MRT Station,0.57 km
15,301 Clementi Avenue 4,Partially Furnished HDB Apartment,990 sqft ,301 Clementi Avenue 4, Ready to move,1,2,"S$ 1,900 /mo",EW23 Clementi MRT Station,0.79 km
16,330 Clementi Avenue 2,Fully Furnished HDB Apartment,699 sqft ,330 Clementi Avenue 2, Available from 15 Apr,1,2,"S$ 2,300 /mo",EW23 Clementi MRT Station,0.29 km
17,The Parc Condominium,Fully Furnished Condominium,980 sqft ,1 West Coast Walk, Ready to move,2,2,"S$ 3,000 /mo",EW23 Clementi MRT Station,0.77 km
18,513 West Coast Road,Fully Furnished HDB Apartment,720 sqft ,513 West Coast Road, Ready to move,2,2,"S$ 1,750 /mo",EW23 Clementi MRT Station,0.90 km
19,434 Clementi Avenue 3,Fully Furnished HDB Apartment,120 sqft ,434 Clementi Avenue 3, Ready to move,Room,0,S$ 950 /mo,EW23 Clementi MRT Station,0.40 km
0,Park West,Fully Furnished Condominium,300 sqft ,2 Jalan Lempeng, Ready to move,Room,0,S$ 600 /mo,EW23 Clementi MRT Station,0.62 km
1,442 Clementi Avenue 3,Fully Furnished HDB Apartment,730 sqft ,442 Clementi Avenue 3, Ready to move,2,2,"S$ 2,100 /mo",EW23 Clementi MRT Station,0.33 km
2,The Trilinq,Partially Furnished Condominium,915 sqft ,28A Jalan Lempeng, Ready to move,3,3,"S$ 3,300 /mo",EW23 Clementi MRT Station,0.56 km
3,320 Clementi Avenue 4,Fully Furnished HDB Apartment,850 sqft ,320 Clementi Avenue 4, S$ 2.94 psf,2,2,"S$ 2,500 /mo",EW23 Clementi MRT Station,0.25 km
4,371 Clementi Avenue 4,Fully Furnished HDB Apartment,731 sqft ,371 Clementi Avenue 4, Ready to move,2,2,"S$ 1,750 /mo",EW23 Clementi MRT Station,0.70 km
5,375 Clementi Avenue 4,Fully Furnished HDB Apartment,720 sqft ,375 Clementi Avenue 4, Ready to move,2,2,"S$ 1,900 /mo",EW23 Clementi MRT Station,0.40 km
6,Hundred Trees,Fully Furnished Condominium,786 sqft ,85 West Coast Drive, Ready to move,2,2,"S$ 2,800 /mo",EW23 Clementi MRT Station,0.75 km
7,435 Clementi Avenue 3,Fully Furnished HDB Apartment,700 sqft ,435 Clementi Avenue 3, Ready to move,2,2,"S$ 1,950 /mo",EW23 Clementi MRT Station,0.30 km
8,510 West Coast Drive,Fully Furnished HDB Apartment,721 sqft ,510 West Coast Drive, Ready to move,2,2,"S$ 1,900 /mo",EW23 Clementi MRT Station,0.70 km
9,509 West Coast Drive,Fully Furnished HDB Apartment,990 sqft ,509 West Coast Drive, Ready to move,3,2,"S$ 2,650 /mo",EW23 Clementi MRT Station,0.66 km
10,The Parc Condominium,Fully Furnished Condominium,1216 sqft ,5 West Coast Walk, Ready to move,3,2,"S$ 4,000 /mo",EW23 Clementi MRT Station,0.77 km
11,The Parc Condominium,Partially Furnished Condominium,667 sqft ,7 West Coast Walk, Ready to move,1,1,"S$ 2,500 /mo",EW23 Clementi MRT Station,0.77 km
12,103 Clementi Street 14,Fully Furnished HDB Apartment,1055 sqft ,103 Clementi Street 14, Ready to move,3,2,"S$ 2,400 /mo",EW23 Clementi MRT Station,0.94 km
13,329 Clementi Avenue 2,Fully Furnished HDB Apartment,990 sqft ,329 Clementi Avenue 2, Ready to move,3,2,"S$ 2,500 /mo",EW23 Clementi MRT Station,0.29 km
14,442 Clementi Avenue 3,Fully Furnished HDB Apartment,700 sqft ,442 Clementi Avenue 3, Ready to move,2,2,"S$ 1,900 /mo",EW23 Clementi MRT Station,0.33 km
15,421 Clementi Avenue 1,Fully Furnished HDB Apartment,732 sqft ,421 Clementi Avenue 1, Ready to move,Room,0,S$ 800 /mo,EW23 Clementi MRT Station,0.75 km
16,508 West Coast Drive,Fully Furnished HDB Apartment,150 sqft ,508 West Coast Drive, Ready to move,Room,0,S$ 950 /mo,EW23 Clementi MRT Station,0.55 km
17,302 Clementi Avenue 4,Fully Furnished HDB Apartment,990 sqft ,302 Clementi Avenue 4, Ready to move,3,2,"S$ 2,400 /mo",EW23 Clementi MRT Station,0.74 km
18,Park West,Condominium,1249 sqft ,2 Jalan Lempeng, Available from 30 Apr,3,3,"S$ 2,800 /mo",EW23 Clementi MRT Station,0.62 km
19,Regent Park,Fully Furnished Condominium,818 sqft ,26 Jalan Lempeng, Ready to move,2,2,"S$ 2,500 /mo",EW23 Clementi MRT Station,0.57 km
0,512 West Coast Drive,HDB Apartment,980 sqft ,512 West Coast Drive, Ready to move,3,2,"S$ 2,300 /mo",EW23 Clementi MRT Station,0.81 km
1,440C Clementi Avenue 3,Fully Furnished HDB Apartment,120 sqft ,440C Clementi Avenue 3, Ready to move,Room,0,S$ 900 /mo,EW23 Clementi MRT Station,0.16 km
2,103 Clementi Street 14,Fully Furnished HDB Apartment,150 sqft ,103 Clementi Street 14, Ready to move,Room,0,S$ 750 /mo,EW23 Clementi MRT Station,0.94 km
3,327 Clementi Avenue 5,Fully Furnished HDB Apartment,721 sqft ,327 Clementi Avenue 5, Ready to move,2,2,"S$ 2,400 /mo",EW23 Clementi MRT Station,0.16 km
4,The Parc Condominium,Partially Furnished Condominium,1216 sqft ,7 West Coast Walk, Ready to move,3,3,"S$ 3,900 /mo",EW23 Clementi MRT Station,0.77 km
5,516 West Coast Road,HDB Apartment,300 sqft ,516 West Coast Road, Ready to move,Studio,0,"S$ 3,000 /mo",EW23 Clementi MRT Station,0.95 km
6,376 Clementi Avenue 4,Fully Furnished HDB Apartment,768 sqft ,376 Clementi Avenue 4, Ready to move,3,2,"S$ 2,200 /mo",EW23 Clementi MRT Station,0.36 km
7,The Parc Condominium,Fully Furnished Condominium,980 sqft ,1 West Coast Walk, S$ 3.52 psf,2,2,"S$ 3,450 /mo",EW23 Clementi MRT Station,0.77 km
8,374 Clementi Avenue 4,Fully Furnished HDB Apartment,105 sqft ,374 Clementi Avenue 4, S$ 7.62 psf,Room,0,S$ 800 /mo,EW23 Clementi MRT Station,0.48 km
9,440C Clementi Avenue 3,Partially Furnished HDB Apartment,1184 sqft ,440C Clementi Avenue 3, S$ 2.11 psf,2,2,"S$ 2,500 /mo",EW23 Clementi MRT Station,0.16 km
10,319 Clementi Avenue 4,Fully Furnished HDB Apartment,721 sqft ,319 Clementi Avenue 4, Ready to move,2,2,"S$ 2,000 /mo",EW23 Clementi MRT Station,0.29 km
11,329 Clementi Avenue 2,Fully Furnished HDB Apartment,990 sqft ,329 Clementi Avenue 2, S$ 2.52 psf,3,2,"S$ 2,499 /mo",EW23 Clementi MRT Station,0.29 km
12,323 Clementi Avenue 5,Fully Furnished HDB Apartment,1120 sqft ,323 Clementi Avenue 5, S$ 2.41 psf,3,2,"S$ 2,700 /mo",EW23 Clementi MRT Station,0.21 km
13,327 Clementi Avenue 5,Fully Furnished HDB Apartment,721 sqft ,327 Clementi Avenue 5, Ready to move,2,2,"S$ 2,500 /mo",EW23 Clementi MRT Station,0.16 km
14,The Parc Condominium,Partially Furnished Condominium,1272 sqft ,9 West Coast Walk, Ready to move,3,2,"S$ 3,999 /mo",EW23 Clementi MRT Station,0.77 km
15,The Parc Condominium,Partially Furnished Condominium,100 sqft ,11 West Coast Walk, Ready to move,Room,0,"S$ 1,250 /mo",EW23 Clementi MRT Station,0.77 km
16,The Parc Condominium,Partially Furnished Condominium,980 sqft ,1 West Coast Walk, Ready to move,2,2,"S$ 3,600 /mo",EW23 Clementi MRT Station,0.77 km
17,The Trilinq,Fully Furnished Condominium,80 sqft ,28 Jalan Lempeng, Ready to move,Room,0,"S$ 1,400 /mo",EW23 Clementi MRT Station,0.56 km
18,Lifestyle Living Near Clementi MRT,Fully Furnished HDB Apartment,150 sqft ,(within 0.36 km), Ready to move,Room,0,S$ 900 /mo,EW23 Clementi MRT Station,0.36 km
19,376 Clementi Avenue 4,Fully Furnished HDB Apartment,721 sqft ,376 Clementi Avenue 4, Ready to move,2,2,"S$ 2,200 /mo",EW23 Clementi MRT Station,0.36 km
0,Regent Park,Fully Furnished Condominium,818 sqft ,26 Jalan Lempeng, Ready to move,2,2,"S$ 2,500 /mo",EW23 Clementi MRT Station,0.57 km
1,513 West Coast Road,Partially Furnished HDB Apartment,732 sqft ,513 West Coast Road, Ready to move,2,2,"S$ 1,800 /mo",EW23 Clementi MRT Station,0.90 km
2,456 Clementi Avenue 3,Fully Furnished HDB Apartment,969 sqft ,456 Clementi Avenue 3, Available from 16 Jun,3,2,"S$ 2,800 /mo",EW23 Clementi MRT Station,0.37 km
3,374 Clementi Avenue 4,Fully Furnished HDB Apartment,120 sqft ,374 Clementi Avenue 4, S$ 5.42 psf,Room,0,S$ 650 /mo,EW23 Clementi MRT Station,0.48 km
4,The Trilinq,Fully Furnished Condominium,915 sqft ,28B Jalan Lempeng, S$ 3.93 psf,3,2,"S$ 3,600 /mo",EW23 Clementi MRT Station,0.56 km
5,Regent Park,Fully Furnished Condominium,957 sqft ,26 Jalan Lempeng, Ready to move,2,2,"S$ 2,650 /mo",EW23 Clementi MRT Station,0.57 km
6,320 Clementi Avenue 4,Fully Furnished HDB Apartment,150 sqft ,320 Clementi Avenue 4, Ready to move,Room,0,S$ 700 /mo,EW23 Clementi MRT Station,0.25 km
7,320 Clementi Avenue 4,Fully Furnished HDB Apartment,250 sqft ,320 Clementi Avenue 4, Ready to move,Room,0,S$ 900 /mo,EW23 Clementi MRT Station,0.25 km
8,377 Clementi Avenue 5,Fully Furnished HDB Apartment,721 sqft ,377 Clementi Avenue 5, Available from 15 Apr,2,2,"S$ 2,200 /mo",EW23 Clementi MRT Station,0.39 km
9,305 Clementi Avenue 4,Fully Furnished HDB Apartment,700 sqft ,305 Clementi Avenue 4, Ready to move,2,2,"S$ 2,100 /mo",EW23 Clementi MRT Station,0.78 km
10,The Parc Condominium,Partially Furnished Condominium,1291 sqft ,1 West Coast Walk, Ready to move,3,3,"S$ 4,000 /mo",EW23 Clementi MRT Station,0.77 km
11,The Parc Condominium,Fully Furnished Condominium,1292 sqft ,11 West Coast Walk, Ready to move,3,3,"S$ 4,200 /mo",EW23 Clementi MRT Station,0.77 km
12,441A Clementi Avenue 3,Fully Furnished HDB Apartment,100 sqft ,441A Clementi Avenue 3, Ready to move,Room,0,"S$ 1,000 /mo",EW23 Clementi MRT Station,0.11 km
13,Hundred Trees,Fully Furnished Condominium,1163 sqft ,93 West Coast Drive, Available from 1 May,3,2,"S$ 4,300 /mo",EW23 Clementi MRT Station,0.75 km
14,Trivelis,HDB Apartment,974 sqft ,311A Clementi Avenue 4, Ready to move,3,2,"S$ 2,800 /mo",EW23 Clementi MRT Station,0.57 km
15,330 Clementi Avenue 2,Fully Furnished HDB Apartment,721 sqft ,330 Clementi Avenue 2, Ready to move,2,2,"S$ 2,200 /mo",EW23 Clementi MRT Station,0.29 km
16,Charming Detached In Faber Crescent,Partially Furnished Detached House,"7000 sqft, 5842 sqft (land) ",40 faber crescent, Ready to move,7,8,"S$ 7,000 /mo",EW23 Clementi MRT Station,0.81 km
17,The Parc Condominium,Fully Furnished Condominium,1420 sqft ,7 West Coast Walk, Ready to move,4,3,"S$ 4,300 /mo",EW23 Clementi MRT Station,0.77 km
18,305 Clementi Avenue 4,Fully Furnished HDB Apartment,200 sqft ,305 Clementi Avenue 4, Ready to move,Room,0,"S$ 1,000 /mo",EW23 Clementi MRT Station,0.78 km
19,320 Clementi Avenue 4,Fully Furnished HDB Apartment,200 sqft ,320 Clementi Avenue 4, Ready to move,Room,0,S$ 700 /mo,EW23 Clementi MRT Station,0.25 km
0,The Trilinq,Fully Furnished Condominium,915 sqft ,28A Jalan Lempeng, Ready to move,Room,0,"S$ 1,100 /mo",EW23 Clementi MRT Station,0.56 km
1,440C Clementi Avenue 3,Fully Furnished HDB Apartment,150 sqft ,440C Clementi Avenue 3, Ready to move,1,1,S$ 900 /mo,EW23 Clementi MRT Station,0.16 km
2,371 Clementi Avenue 4,Fully Furnished HDB Apartment,721 sqft ,371 Clementi Avenue 4, Ready to move,2,2,"S$ 1,800 /mo",EW23 Clementi MRT Station,0.70 km
3,335 Clementi Avenue 2,HDB Apartment,721 sqft ,335 Clementi Avenue 2, Ready to move,2,2,"S$ 2,200 /mo",EW23 Clementi MRT Station,0.43 km
4,329 Clementi Avenue 2,Partially Furnished HDB Apartment,721 sqft ,329 Clementi Avenue 2, Ready to move,2,2,"S$ 2,300 /mo",EW23 Clementi MRT Station,0.29 km
5,511 West Coast Drive,Partially Furnished HDB Apartment,1184 sqft ,511 West Coast Drive, Ready to move,3,2,"S$ 2,400 /mo",EW23 Clementi MRT Station,0.77 km
6,375 Clementi Avenue 4,Fully Furnished HDB Apartment,721 sqft ,375 Clementi Avenue 4, Ready to move,2,2,"S$ 1,900 /mo",EW23 Clementi MRT Station,0.40 km
7,513 West Coast Road,Fully Furnished HDB Apartment,688 sqft ,513 West Coast Road, Ready to move,2,2,"S$ 1,800 /mo",EW23 Clementi MRT Station,0.90 km
8,Blk 341 Clementi Avenue 5,Fully Furnished HDB Apartment,720 sqft ,341 Clementi Avenue 5, Ready to move,2,2,"S$ 2,000 /mo",EW23 Clementi MRT Station,0.57 km
9,363 Clementi Avenue 2,Fully Furnished HDB Apartment,750 sqft ,363 Clementi Avenue 2, Ready to move,2,2,"S$ 1,900 /mo",EW23 Clementi MRT Station,0.45 km
10,339 Clementi Avenue 5,Fully Furnished HDB Apartment,742 sqft ,339 Clementi Avenue 5, Ready to move,2,2,"S$ 1,900 /mo",EW23 Clementi MRT Station,0.67 km
11,441B Clementi Avenue 3,Fully Furnished HDB Apartment,200 sqft ,441B Clementi Avenue 3, Available from 15 May,Room,0,S$ 800 /mo,EW23 Clementi MRT Station,0.11 km
12,374 Clementi Avenue 4,Fully Furnished HDB Apartment,200 sqft ,374 Clementi Avenue 4, Ready to move,Room,0,S$ 750 /mo,EW23 Clementi MRT Station,0.48 km
13,508 West Coast Drive,Fully Furnished HDB Apartment,732 sqft ,508 West Coast Drive, Ready to move,2,2,"S$ 1,800 /mo",EW23 Clementi MRT Station,0.55 km
14,457 Clementi Avenue 3,Fully Furnished HDB Apartment,150 sqft ,457 Clementi Avenue 3, Ready to move,Room,0,S$ 750 /mo,EW23 Clementi MRT Station,0.41 km
15,Pine Grove,Fully Furnished Condominium,150 sqft ,1N Pine Grove, S$ 7.33 psf,Room,0,"S$ 1,100 /mo",EW23 Clementi MRT Station,0.96 km
16,West Coast Suitable For Company Workers,Unfurnished Walk-up,1000 sqft ,Jalan Mas Puteh, Ready to move,3,2,"S$ 2,600 /mo",EW23 Clementi MRT Station,0.79 km
17,325 Clementi Avenue 5,Fully Furnished HDB Apartment,990 sqft ,325 Clementi Avenue 5, Ready to move,3,2,"S$ 2,700 /mo",EW23 Clementi MRT Station,0.17 km
18,355 Clementi Avenue 2,Fully Furnished HDB Apartment,120 sqft ,355 Clementi Avenue 2, S$ 5.83 psf,Room,0,S$ 700 /mo,EW23 Clementi MRT Station,0.48 km
19,The Parc Condominium,Partially Furnished Condominium,1422 sqft ,1 West Coast Walk, Ready to move,3,3,"S$ 4,100 /mo",EW23 Clementi MRT Station,0.77 km
0,339 Clementi Avenue 5,Fully Furnished HDB Apartment,882 sqft ,339 Clementi Avenue 5, Available from 16 May,2,2,"S$ 2,000 /mo",EW23 Clementi MRT Station,0.67 km
1,Park West,Partially Furnished Condominium,1302 sqft ,2 Jalan Lempeng, S$ 2.76 psf,3,2,"S$ 3,600 /mo",EW23 Clementi MRT Station,0.62 km
2,The Parc Condominium,Partially Furnished Condominium,1496 sqft ,1 West Coast Walk, Ready to move,4,3,"S$ 4,690 /mo",EW23 Clementi MRT Station,0.77 km
3,441A Clementi Avenue 3,Fully Furnished HDB Apartment,200 sqft ,441A Clementi Avenue 3, S$ 4.45 psf,Room,0,S$ 890 /mo,EW23 Clementi MRT Station,0.11 km
4,105 Clementi Street 12,Fully Furnished HDB Apartment,780 sqft ,105 Clementi Street 12, Ready to move,2,2,"S$ 2,100 /mo",EW23 Clementi MRT Station,0.99 km
5,Regent Park,Fully Furnished Condominium,818 sqft ,26 Jalan Lempeng, Ready to move,2,2,"S$ 2,500 /mo",EW23 Clementi MRT Station,0.57 km
6,53 Faber Park,Detached House,"9300 sqft, 6000 sqft (land) ",Faber Park, Ready to move,5,4,"S$ 10,000 /mo",EW23 Clementi MRT Station,0.82 km
7,Regent Park,Fully Furnished Condominium,818 sqft ,(within 0.57 km), Ready to move,2,2,"S$ 2,500 /mo",EW23 Clementi MRT Station,0.57 km
8,343 Clementi Avenue 5,Fully Furnished HDB Apartment,721 sqft ,343 Clementi Avenue 5, Ready to move,2,2,"S$ 2,000 /mo",EW23 Clementi MRT Station,0.71 km
9,Hundred Trees,Partially Furnished Condominium,915 sqft ,85 West Coast Drive, Ready to move,2,2,"S$ 3,200 /mo",EW23 Clementi MRT Station,0.75 km
10,350 Clementi Avenue 2,Fully Furnished HDB Apartment,100 sqft ,350 Clementi Avenue 2, Ready to move,Room,0,S$ 900 /mo,EW23 Clementi MRT Station,0.55 km
11,461 Clementi Avenue 3,Fully Furnished HDB Apartment,100 sqft ,461 Clementi Avenue 3, Ready to move,Room,0,S$ 800 /mo,EW23 Clementi MRT Station,0.49 km
12,339 Clementi Avenue 5,Fully Furnished HDB Apartment,882 sqft ,339 Clementi Avenue 5, Ready to move,2,2,"S$ 2,000 /mo",EW23 Clementi MRT Station,0.67 km
13,The Parc Condominium,Fully Furnished Condominium,1400 sqft ,15 West Coast Walk, Available from 10 May,4,3,"S$ 4,700 /mo",EW23 Clementi MRT Station,0.77 km
14,441B Clementi Avenue 3,HDB Apartment,100 sqft ,441B Clementi Avenue 3, Ready to move,Room,0,S$ 900 /mo,EW23 Clementi MRT Station,0.11 km
15,510 West Coast Drive,Fully Furnished HDB Apartment,130 sqft ,510 West Coast Drive, S$ 5.00 psf,Room,0,S$ 650 /mo,EW23 Clementi MRT Station,0.70 km
16,Pine Grove,Partially Furnished Condominium,1700 sqft ,1A Pine Grove, Ready to move,3,3,"S$ 3,300 /mo",EW23 Clementi MRT Station,0.96 km
17,Hundred Trees,Partially Furnished Condominium,1163 sqft ,83 West Coast Drive, Ready to move,3,3,"S$ 3,588 /mo",EW23 Clementi MRT Station,0.75 km
18,Freesia Woods,Partially Furnished Condominium,1227 sqft ,61 Sunset Way, Ready to move,2,2,"S$ 3,000 /mo",EW23 Clementi MRT Station,0.99 km
19,315 Clementi Avenue 4,Fully Furnished HDB Apartment,990 sqft ,315 Clementi Avenue 4, Ready to move,3,2,"S$ 2,600 /mo",EW23 Clementi MRT Station,0.38 km
0,303 Clementi Avenue 4,Fully Furnished HDB Apartment,721 sqft ,303 Clementi Avenue 4, Ready to move,2,2,"S$ 2,200 /mo",EW23 Clementi MRT Station,0.70 km
1,The Trilinq,Fully Furnished Condominium,915 sqft ,28A Jalan Lempeng, Available from 1 Jun,3,2,"S$ 3,600 /mo",EW23 Clementi MRT Station,0.56 km
2,324 Clementi Avenue 5,Fully Furnished HDB Apartment,150 sqft ,324 Clementi Avenue 5, S$ 6.33 psf,Room,0,S$ 950 /mo,EW23 Clementi MRT Station,0.10 km
3,The Trilinq,Fully Furnished Condominium,900 sqft ,28A Jalan Lempeng, Available from 15 May,3,2,"S$ 3,600 /mo",EW23 Clementi MRT Station,0.56 km
4,351 Clementi Avenue 2,Fully Furnished HDB Apartment,450 sqft ,351 Clementi Avenue 2, Ready to move,1,1,"S$ 1,950 /mo",EW23 Clementi MRT Station,0.65 km
5,440B Clementi Avenue 3,Fully Furnished HDB Apartment,100 sqft ,440B Clementi Avenue 3, Ready to move,1,1,S$ 850 /mo,EW23 Clementi MRT Station,0.16 km
6,324 Clementi Avenue 5,Fully Furnished HDB Apartment,120 sqft ,324 Clementi Avenue 5, Ready to move,Room,0,S$ 850 /mo,EW23 Clementi MRT Station,0.10 km
7,319 Clementi Avenue 4,Fully Furnished HDB Apartment,120 sqft ,319 Clementi Avenue 4, Ready to move,Room,0,S$ 750 /mo,EW23 Clementi MRT Station,0.29 km
8,Hundred Trees,Fully Furnished Condominium,915 sqft ,91 West Coast Drive, Ready to move,2,2,"S$ 3,000 /mo",EW23 Clementi MRT Station,0.75 km
9,Blk 428 Clementi Avenue 3,Partially Furnished HDB Apartment,150 sqft ,428 Clement Ave 3, S$ 5.00 psf,Room,0,S$ 750 /mo,EW23 Clementi MRT Station,0.36 km
10,Hundred Trees,Partially Furnished Condominium,484 sqft ,93 West Coast Drive, S$ 4.75 psf,1,1,"S$ 2,300 /mo",EW23 Clementi MRT Station,0.75 km
11,Hundred Trees,Condominium,786 sqft ,85 West Coast Drive, Ready to move,2,1,"S$ 2,950 /mo",EW23 Clementi MRT Station,0.75 km
12,339 Clementi Avenue 5,Fully Furnished HDB Apartment,721 sqft ,339 Clementi Avenue 5, Ready to move,2,2,"S$ 1,900 /mo",EW23 Clementi MRT Station,0.67 km
13,Faber Park,Fully Furnished Bungalow House,"5200 sqft, 9148 sqft (land) ",Faber Park, Ready to move,4,4,"S$ 7,900 /mo",EW23 Clementi MRT Station,0.90 km
14,Genuine Listing. Beautiful Bungalow Off Tanglin. Walk To Mall,Partially Furnished Good Class Bungalow,"10000 sqft, 17000 sqft (land) ",Tanglin/Chatsworth/Bishopsgate, Ready to move,5,6,"S$ 30,000 /mo",EW23 Clementi MRT Station,0.99 km
15,The Parc Condominium,Fully Furnished Condominium,1421 sqft ,7 West Coast Walk, Available from 22 Apr,3,2,"S$ 4,500 /mo",EW23 Clementi MRT Station,0.77 km
16,415 Commonwealth Avenue West,Fully Furnished HDB Apartment,130 sqft ,415 Commonwealth Avenue West, Ready to move,Room,0,S$ 750 /mo,EW23 Clementi MRT Station,0.82 km
17,Freesia Woods,Partially Furnished Condominium,1227 sqft ,67 Sunset Way, Ready to move,2,2,"S$ 3,000 /mo",EW23 Clementi MRT Station,0.99 km
18,418 Clementi Avenue 1,Fully Furnished HDB Apartment,150 sqft ,418 Clementi Avenue 1, S$ 6.67 psf,Room,0,"S$ 1,000 /mo",EW23 Clementi MRT Station,0.76 km
19,435 Clementi Avenue 3,Fully Furnished HDB Apartment,785 sqft ,435 Clementi Avenue 3, Ready to move,2,2,"S$ 2,200 /mo",EW23 Clementi MRT Station,0.30 km
0,334 Clementi Avenue 2,Fully Furnished HDB Apartment,990 sqft ,334 Clementi Avenue 2, Ready to move,3,2,"S$ 2,800 /mo",EW23 Clementi MRT Station,0.31 km
1,307 Clementi Avenue 4,Fully Furnished HDB Apartment,721 sqft ,307 Clementi Avenue 4, Ready to move,2,2,"S$ 2,200 /mo",EW23 Clementi MRT Station,0.73 km
2,355 Clementi Avenue 2,Fully Furnished HDB Apartment,90 sqft ,355 Clementi Avenue 2, Ready to move,Room,0,S$ 850 /mo,EW23 Clementi MRT Station,0.48 km
3,The Parc Condominium,Fully Furnished Condominium,1292 sqft ,1 West Coast Walk, Ready to move,3,3,"S$ 4,000 /mo",EW23 Clementi MRT Station,0.77 km
4,Pasir Panjang Gardens,Fully Furnished Terraced House,"1981 sqft, 3300 sqft (land) ",Taman Mas Merah, Ready to move,5,4,"S$ 5,800 /mo",EW23 Clementi MRT Station,0.71 km
5,324 Clementi Avenue 5,Fully Furnished HDB Apartment,980 sqft ,324 Clementi Avenue 5, Available from 1 Jun,3,2,"S$ 2,700 /mo",EW23 Clementi MRT Station,0.10 km
6,421 Clementi Avenue 1,Fully Furnished HDB Apartment,200 sqft ,421 Clementi Avenue 1, Available from 1 May,Room,0,"S$ 1,000 /mo",EW23 Clementi MRT Station,0.75 km
7,Regent Park,Fully Furnished Condominium,904 sqft ,26 Jalan Lempeng, Ready to move,2,2,"S$ 2,700 /mo",EW23 Clementi MRT Station,0.57 km
8,462 Clementi Avenue 3,Fully Furnished HDB Apartment,180 sqft ,462 Clementi Avenue 3, S$ 5.00 psf,Room,0,S$ 900 /mo,EW23 Clementi MRT Station,0.49 km
9,506 West Coast Drive,Partially Furnished HDB Apartment,990 sqft ,506 West Coast Drive, Ready to move,3,2,"S$ 2,350 /mo",EW23 Clementi MRT Station,0.59 km
10,103 Clementi Street 14,Partially Furnished HDB Apartment,1055 sqft ,103 Clementi Street 14, Ready to move,3,2,"S$ 2,400 /mo",EW23 Clementi MRT Station,0.94 km
11,420 Clementi Avenue 1,Fully Furnished HDB Apartment,96 sqft ,420 Clementi Avenue 1, Ready to move,Room,0,S$ 680 /mo,EW23 Clementi MRT Station,0.68 km
12,334 Clementi Avenue 2,Fully Furnished HDB Apartment,721 sqft ,334 Clementi Avenue 2, Available from 19 Jun,2,2,"S$ 2,180 /mo",EW23 Clementi MRT Station,0.31 km
13,104 Clementi Street 14,Fully Furnished HDB Apartment,1689 sqft ,104 Clementi Street 14, Ready to move,3,2,"S$ 2,500 /mo",EW23 Clementi MRT Station,0.99 km
14,309 Clementi Avenue 4,Fully Furnished HDB Apartment,721 sqft ,309 Clementi Avenue 4, Ready to move,2,2,"S$ 2,000 /mo",EW23 Clementi MRT Station,0.67 km
15,339 Clementi Avenue 5,Fully Furnished HDB Apartment,742 sqft ,339 Clementi Avenue 5, Ready to move,2,2,"S$ 1,700 /mo",EW23 Clementi MRT Station,0.67 km
16,343 Clementi Avenue 5,Partially Furnished HDB Apartment,731 sqft ,343 Clementi Avenue 5, Ready to move,2,2,"S$ 2,000 /mo",EW23 Clementi MRT Station,0.71 km
17,339 Clementi Avenue 5,Fully Furnished HDB Apartment,882 sqft ,339 Clementi Avenue 5, Ready to move,2,2,"S$ 2,250 /mo",EW23 Clementi MRT Station,0.67 km
18,Pine Grove,Partially Furnished Condominium,1100 sqft ,1A Pine Grove, Ready to move,2,2,"S$ 2,500 /mo",EW23 Clementi MRT Station,0.96 km
19,Regent Park,Fully Furnished Condominium,1130 sqft ,26 Jalan Lempeng, Ready to move,3,3,"S$ 3,250 /mo",EW23 Clementi MRT Station,0.57 km
0,Regent Park,Fully Furnished Condominium,1130 sqft ,26 Jalan Lempeng, Ready to move,3,2,"S$ 3,200 /mo",EW23 Clementi MRT Station,0.57 km
1,New Rm Casa Clementi,Fully Furnished HDB Apartment,101 sqft ,Casa Clementi, Ready to move,Room,0,S$ 850 /mo,EW23 Clementi MRT Station,0.84 km
2,511 West Coast Drive,Fully Furnished HDB Apartment,980 sqft ,511 West Coast Drive, Ready to move,Room,0,S$ 800 /mo,EW23 Clementi MRT Station,0.77 km
3,Charming Bungalow With Pool In Tranquil Neighbourhood,Partially Furnished Bungalow House,"6000 sqft, 9300 sqft (land) ",Faber Park, Ready to move,5,5,"S$ 10,000 /mo",EW23 Clementi MRT Station,0.82 km
4,429 Clementi Avenue 3,Fully Furnished HDB Apartment,882 sqft ,429 Clementi Avenue 3, Available from 22 Apr,3,2,"S$ 2,600 /mo",EW23 Clementi MRT Station,0.38 km
5,441B Clementi Avenue 3,HDB Apartment,300 sqft ,441B Clementi Avenue 3, Ready to move,1,1,"S$ 1,200 /mo",EW23 Clementi MRT Station,0.11 km
6,343 Clementi Avenue 5,Fully Furnished HDB Apartment,200 sqft ,343 Clementi Avenue 5, Ready to move,Room,0,"S$ 1,100 /mo",EW23 Clementi MRT Station,0.71 km
7,Hundred Trees,Fully Furnished Condominium,786 sqft ,85 West Coast Drive, Ready to move,2,2,"S$ 2,800 /mo",EW23 Clementi MRT Station,0.75 km
8,506 West Coast Drive,Fully Furnished HDB Apartment,990 sqft ,506 West Coast Drive, Ready to move,3,2,"S$ 2,350 /mo",EW23 Clementi MRT Station,0.59 km
9,376 Clementi Avenue 4,HDB Apartment,754 sqft ,376 Clementi Avenue 4, Ready to move,2,2,"S$ 1,900 /mo",EW23 Clementi MRT Station,0.36 km
10,416 Clementi Avenue 1,Fully Furnished HDB Apartment,150 sqft ,416 Clementi Avenue 1, Ready to move,Room,0,S$ 750 /mo,EW23 Clementi MRT Station,0.85 km
11,327 Clementi Avenue 5,HDB Apartment,721 sqft ,327 Clementi Avenue 5, Ready to move,2,2,"S$ 2,300 /mo",EW23 Clementi MRT Station,0.16 km
12,The Parc Condominium,Fully Furnished Condominium,1292 sqft ,1 West Coast Walk, Available from 16 May,3,3,"S$ 3,550 /mo",EW23 Clementi MRT Station,0.77 km
13,Blk 429 Clementi Ave 3,Fully Furnished HDB Apartment,720 sqft ,Blk 429 Clementi Ave 3, Available from 16 May,2,2,"S$ 2,100 /mo",EW23 Clementi MRT Station,0.34 km
14,312B Clementi Avenue 4,HDB Apartment,150 sqft ,312B Clementi Avenue 4, S$ 5.33 psf,Room,0,S$ 800 /mo,EW23 Clementi MRT Station,0.52 km
15,441B Clementi Avenue 3,HDB Apartment,150 sqft ,441B Clementi Avenue 3, S$ 5.67 psf,Room,0,S$ 850 /mo,EW23 Clementi MRT Station,0.11 km
16,330 Clementi Avenue 2,HDB Apartment,700 sqft ,330 Clementi Avenue 2, Available from 16 Apr,2,2,"S$ 2,000 /mo",EW23 Clementi MRT Station,0.29 km
17,347 Clementi Avenue 5,Fully Furnished HDB Apartment,990 sqft ,347 Clementi Avenue 5, Ready to move,3,2,"S$ 2,500 /mo",EW23 Clementi MRT Station,0.63 km
18,Regent Park,Fully Furnished Condominium,1200 sqft ,26 Jalan Lempeng, Ready to move,3,3,"S$ 3,000 /mo",EW23 Clementi MRT Station,0.57 km
19,Regent Park,Fully Furnished Condominium,916 sqft ,26 Jalan Lempeng, S$ 2.73 psf,2,2,"S$ 2,500 /mo",EW23 Clementi MRT Station,0.57 km
0,327 Clementi Avenue 5,Fully Furnished HDB Apartment,790 sqft ,327 Clementi Avenue 5, Ready to move,1,2,"S$ 2,490 /mo",EW23 Clementi MRT Station,0.16 km
1,501 West Coast Drive,Fully Furnished HDB Apartment,215 sqft ,501 West Coast Drive, Available from 16 May,Room,0,S$ 800 /mo,EW23 Clementi MRT Station,0.82 km
2,Jubilee Road,Fully Furnished Semi-Detached House,"3000 sqft, 3000 sqft (land) ",Jubilee Road, S$ 0.28 psf,Room,0,S$ 850 /mo,EW23 Clementi MRT Station,0.98 km
3,455 Clementi Avenue 3,Fully Furnished HDB Apartment,980 sqft ,455 Clementi Avenue 3, Ready to move,3,2,"S$ 2,500 /mo",EW23 Clementi MRT Station,0.34 km
4,506 West Coast Drive,Fully Furnished HDB Apartment,150 sqft ,506 West Coast Drive, Ready to move,Room,0,S$ 550 /mo,EW23 Clementi MRT Station,0.59 km
5,373 Clementi Avenue 4,Fully Furnished HDB Apartment,979 sqft ,373 Clementi Avenue 4, Ready to move,3,2,"S$ 2,500 /mo",EW23 Clementi MRT Station,0.54 km
6,348 Clementi Avenue 5,Fully Furnished HDB Apartment,300 sqft ,348 Clementi Avenue 5, S$ 1.83 psf,Room,0,S$ 550 /mo,EW23 Clementi MRT Station,0.63 km
7,Regent Park,Fully Furnished Condominium,818 sqft ,26 Jalan Lempeng, Available from 12 Apr,2,2,"S$ 2,600 /mo",EW23 Clementi MRT Station,0.57 km
8,305 Clementi Avenue 4,Fully Furnished HDB Apartment,990 sqft ,305 Clementi Avenue 4, Ready to move,3,2,"S$ 2,200 /mo",EW23 Clementi MRT Station,0.78 km
9,320 Clementi Avenue 4,Partially Furnished HDB Apartment,200 sqft ,320 Clementi Avenue 4, Ready to move,Room,0,S$ 700 /mo,EW23 Clementi MRT Station,0.25 km
10,319 Clementi Avenue 4,Fully Furnished HDB Apartment,150 sqft ,319 Clementi Avenue 4, Ready to move,Room,0,S$ 900 /mo,EW23 Clementi MRT Station,0.29 km
11,339 Clementi Avenue 5,Fully Furnished HDB Apartment,200 sqft ,339 Clementi Avenue 5, Ready to move,Room,0,S$ 750 /mo,EW23 Clementi MRT Station,0.67 km
12,Hundred Trees,Partially Furnished Condominium,1475 sqft ,85 West Coast Drive, Ready to move,4,4,"S$ 4,500 /mo",EW23 Clementi MRT Station,0.75 km
13,Hundred Trees,Partially Furnished Condominium,1475 sqft ,89 West Coast Drive, Available from 11 Apr,4,4,"S$ 4,400 /mo",EW23 Clementi MRT Station,0.75 km
14,507 West Coast Drive,HDB Apartment,721 sqft ,507 West Coast Drive, Ready to move,2,2,"S$ 1,800 /mo",EW23 Clementi MRT Station,0.61 km
15,347 Clementi Avenue 5,Partially Furnished HDB Apartment,990 sqft ,347 Clementi Avenue 5, Ready to move,Room,0,"S$ 1,000 /mo",EW23 Clementi MRT Station,0.63 km
16,345 Clementi Avenue 5,Fully Furnished HDB Apartment,150 sqft ,345 Clementi Avenue 5, Ready to move,Room,0,S$ 800 /mo,EW23 Clementi MRT Station,0.49 km
17,The Parc Condominium,Partially Furnished Condominium,1421 sqft ,1 West Coast Walk, Ready to move,3,3,"S$ 4,200 /mo",EW23 Clementi MRT Station,0.77 km
18,320 Clementi Avenue 4,Fully Furnished HDB Apartment,150 sqft ,320 Clementi Avenue 4, Available from 1 May,Room,0,S$ 900 /mo,EW23 Clementi MRT Station,0.25 km
19,363 Clementi Avenue 2,Fully Furnished HDB Apartment,150 sqft ,363 Clementi Avenue 2, Ready to move,Room,0,S$ 900 /mo,EW23 Clementi MRT Station,0.45 km
0,462 Clementi Avenue 3,Partially Furnished HDB Apartment,969 sqft ,462 Clementi Avenue 3, Ready to move,Room,0,"S$ 1,000 /mo",EW23 Clementi MRT Station,0.49 km
1,312 Clementi Avenue 4,Fully Furnished HDB Apartment,818 sqft ,312 Clementi Avenue 4, Ready to move,2,2,"S$ 2,280 /mo",EW23 Clementi MRT Station,0.52 km
2,308 Clementi Avenue 4,HDB Apartment,721 sqft ,308 Clementi Avenue 4, Ready to move,2,2,"S$ 1,900 /mo",EW23 Clementi MRT Station,0.68 km
3,Hundred Trees,Fully Furnished Condominium,786 sqft ,85 West Coast Drive, Available from 1 May,2,2,"S$ 2,950 /mo",EW23 Clementi MRT Station,0.75 km
4,367 Clementi Avenue 2,Fully Furnished HDB Apartment,656 sqft ,367 Clementi Avenue 2, Ready to move,2,2,"S$ 2,000 /mo",EW23 Clementi MRT Station,0.74 km
5,Regent Park,Fully Furnished Condominium,980 sqft ,26 Jalan Lempeng, Ready to move,2,2,"S$ 2,600 /mo",EW23 Clementi MRT Station,0.57 km
6,315 Clementi Avenue 4,Fully Furnished HDB Apartment,900 sqft ,315 Clementi Avenue 4, Ready to move,Room,0,S$ 650 /mo,EW23 Clementi MRT Station,0.38 km
7,312B Clementi Avenue 4,Fully Furnished HDB Apartment,100 sqft ,312B Clementi Avenue 4, Ready to move,Room,0,S$ 750 /mo,EW23 Clementi MRT Station,0.52 km
8,410 Commonwealth Avenue West,Fully Furnished HDB Apartment,150 sqft ,410 Commonwealth Avenue West, Available from 25 Apr,Room,0,S$ 800 /mo,EW23 Clementi MRT Station,0.61 km
9,The Parc Condominium,Partially Furnished Condominium,1422 sqft ,1 West Coast Walk, Ready to move,3,3,"S$ 4,100 /mo",EW23 Clementi MRT Station,0.77 km
10,The Parc Condominium,Partially Furnished Condominium,1420 sqft ,1 West Coast Walk, Ready to move,3,3,"S$ 4,200 /mo",EW23 Clementi MRT Station,0.77 km
11,Pine Grove,Partially Furnished Condominium,1700 sqft ,1A Pine Grove, Ready to move,3,3,"S$ 3,200 /mo",EW23 Clementi MRT Station,0.96 km
12,304 Clementi Avenue 4,Fully Furnished HDB Apartment,721 sqft ,304 Clementi Avenue 4, Ready to move,2,2,"S$ 2,000 /mo",EW23 Clementi MRT Station,0.65 km
13,301 Clementi Avenue 4,Partially Furnished HDB Apartment,990 sqft ,301 Clementi Avenue 4, Ready to move,1,2,"S$ 1,900 /mo",EW23 Clementi MRT Station,0.79 km
14,343 Clementi Avenue 5,Fully Furnished HDB Apartment,150 sqft ,343 Clementi Avenue 5, S$ 4.67 psf,Room,0,S$ 700 /mo,EW23 Clementi MRT Station,0.71 km
15,Clementii,Fully Furnished Apartment,720 sqft ,Clementi, Ready to move,1,2,"S$ 2,300 /mo",EW23 Clementi MRT Station,0.67 km
16,Park West,Partially Furnished Condominium,1900 sqft ,2 Jalan Lempeng, Ready to move,3,3,"S$ 4,200 /mo",EW23 Clementi MRT Station,0.62 km
17,334 Clementi Avenue 2,Partially Furnished HDB Apartment,882 sqft ,334 Clementi Avenue 2, Ready to move,2,2,"S$ 2,200 /mo",EW23 Clementi MRT Station,0.31 km
18,315 Clementi Avenue 4,Fully Furnished HDB Apartment,250 sqft ,315 Clementi Avenue 4, Ready to move,Room,0,S$ 800 /mo,EW23 Clementi MRT Station,0.38 km
19,Hundred Trees,Fully Furnished Condominium,915 sqft ,87 West Coast Drive, Available from 15 May,2,2,"S$ 3,000 /mo",EW23 Clementi MRT Station,0.75 km
0,The Trilinq,Partially Furnished Condominium,1518 sqft ,28 Jalan Lempeng, Ready to move,4,2,"S$ 4,500 /mo",EW23 Clementi MRT Station,0.56 km
1,411 Commonwealth Avenue West,Partially Furnished HDB Apartment,150 sqft ,411 Commonwealth Avenue West, Ready to move,Room,0,"S$ 1,150 /mo",EW23 Clementi MRT Station,0.67 km
2,513 West Coast Road,Fully Furnished HDB Apartment,689 sqft ,513 West Coast Road, Ready to move,2,2,"S$ 1,700 /mo",EW23 Clementi MRT Station,0.90 km
3,320 Clementi Avenue 4,HDB Apartment,721 sqft ,320 Clementi Avenue 4, Ready to move,2,2,"S$ 1,800 /mo",EW23 Clementi MRT Station,0.25 km
4,The Parc Condominium,Fully Furnished Condominium,667 sqft ,7 West Coast Walk, Ready to move,2,1,"S$ 2,400 /mo",EW23 Clementi MRT Station,0.77 km
5,Trivelis,Fully Furnished HDB Apartment,974 sqft ,311B Clementi Avenue 4, Ready to move,3,2,"S$ 2,888 /mo",EW23 Clementi MRT Station,0.57 km
6,Pine Grove,Condominium,150 sqft ,1A Pine Grove, Ready to move,Room,0,S$ 987 /mo,EW23 Clementi MRT Station,0.96 km
7,354 Clementi Avenue 2,Partially Furnished HDB Apartment,750 sqft ,354 Clementi Avenue 2, Ready to move,2,2,"S$ 2,500 /mo",EW23 Clementi MRT Station,0.58 km
8,305 Clementi Avenue 4,Fully Furnished HDB Apartment,99 sqft ,305 Clementi Avenue 4, Ready to move,Room,0,S$ 630 /mo,EW23 Clementi MRT Station,0.78 km
9,The Parc Condominium,Fully Furnished Condominium,1291 sqft ,1 West Coast Walk, Ready to move,3,3,"S$ 4,000 /mo",EW23 Clementi MRT Station,0.77 km
10,The Parc Condominium,Partially Furnished Condominium,1292 sqft ,11 West Coast Walk, S$ 3.02 psf,3,3,"S$ 3,900 /mo",EW23 Clementi MRT Station,0.77 km
11,351 Clementi Avenue 2,Fully Furnished HDB Apartment,100 sqft ,351 Clementi Avenue 2, Ready to move,Room,0,S$ 800 /mo,EW23 Clementi MRT Station,0.65 km
12,The Trilinq,Fully Furnished Condominium,534 sqft ,28B Jalan Lempeng, Ready to move,1,1,"S$ 2,800 /mo",EW23 Clementi MRT Station,0.56 km
13,The Parc Condominium,Fully Furnished Condominium,1421 sqft ,7 West Coast Walk, Ready to move,3,1,"S$ 4,500 /mo",EW23 Clementi MRT Station,0.77 km
14,320 Clementi Avenue 4,Fully Furnished HDB Apartment,700 sqft ,320 Clementi Avenue 4, Ready to move,2,2,"S$ 2,400 /mo",EW23 Clementi MRT Station,0.25 km
15,309 Clementi Avenue 4,Fully Furnished HDB Apartment,990 sqft ,309 Clementi Avenue 4, Ready to move,3,2,"S$ 2,300 /mo",EW23 Clementi MRT Station,0.67 km
16,449 Clementi Avenue 3,HDB Apartment,720 sqft ,449 Clementi Avenue 3, Ready to move,Room,0,S$ 300 /mo,EW23 Clementi MRT Station,0.17 km
17,435 Clementi Avenue 3,Fully Furnished HDB Apartment,300 sqft ,435 Clementi Avenue 3, Ready to move,Room,0,S$ 600 /mo,EW23 Clementi MRT Station,0.30 km
18,308 Clementi Avenue 4,Fully Furnished HDB Apartment,1050 sqft ,308 Clementi Avenue 4, Ready to move,3,2,"S$ 2,700 /mo",EW23 Clementi MRT Station,0.68 km
19,The Parc Condominium,Fully Furnished Condominium,1216 sqft ,1 West Coast Walk, Ready to move,3,2,"S$ 4,000 /mo",EW23 Clementi MRT Station,0.77 km
0,Regent Park,Condominium,818 sqft ,26 Jalan Lempeng, Ready to move,2,2,"S$ 2,400 /mo",EW23 Clementi MRT Station,0.57 km
1,308 Clementi Avenue 4,Fully Furnished HDB Apartment,721 sqft ,308 Clementi Avenue 4, Ready to move,1,2,"S$ 1,900 /mo",EW23 Clementi MRT Station,0.68 km
2,511 West Coast Drive,Fully Furnished HDB Apartment,150 sqft ,511 West Coast Drive, Ready to move,2,2,S$ 680 /mo,EW23 Clementi MRT Station,0.77 km
3,377 Clementi Avenue 5,Fully Furnished HDB Apartment,883 sqft ,377 Clementi Avenue 5, Ready to move,2,2,"S$ 1,950 /mo",EW23 Clementi MRT Station,0.39 km
4,Hundred Trees,Fully Furnished Condominium,786 sqft ,95 West Coast Drive, Available from 1 May,2,2,"S$ 2,950 /mo",EW23 Clementi MRT Station,0.75 km
5,316 Clementi Avenue 4,Unfurnished HDB Apartment,990 sqft ,316 Clementi Avenue 4, Ready to move,3,2,"S$ 2,200 /mo",EW23 Clementi MRT Station,0.39 km
6,507 West Coast Drive,Partially Furnished HDB Apartment,721 sqft ,507 West Coast Drive, Ready to move,2,2,"S$ 1,880 /mo",EW23 Clementi MRT Station,0.61 km
7,354 Clementi Avenue 2,Fully Furnished HDB Apartment,200 sqft ,354 Clementi Avenue 2, Ready to move,Room,0,S$ 750 /mo,EW23 Clementi MRT Station,0.58 km
8,329 Clementi Avenue 2,Fully Furnished HDB Apartment,100 sqft ,329 Clementi Avenue 2, Available from 15 Apr,Room,0,S$ 700 /mo,EW23 Clementi MRT Station,0.29 km
9,105 Clementi Street 12,Fully Furnished HDB Apartment,150 sqft ,105 Clementi Street 12, S$ 5.87 psf,Room,0,S$ 880 /mo,EW23 Clementi MRT Station,0.99 km
10,454 Clementi Avenue 3,Fully Furnished HDB Apartment,120 sqft ,454 Clementi Avenue 3, Ready to move,1,2,S$ 850 /mo,EW23 Clementi MRT Station,0.32 km
11,414 Commonwealth Avenue West,Fully Furnished HDB Apartment,1346 sqft ,414 Commonwealth Avenue West, Ready to move,3,1,"S$ 2,800 /mo",EW23 Clementi MRT Station,0.79 km
12,303 Clementi Avenue 4,Partially Furnished HDB Apartment,1300 sqft ,303 Clementi Avenue 4, Available from 1 May,3,2,"S$ 2,300 /mo",EW23 Clementi MRT Station,0.70 km
13,510 West Coast Drive,Fully Furnished HDB Apartment,150 sqft ,510 West Coast Drive, S$ 4.00 psf,Room,0,S$ 600 /mo,EW23 Clementi MRT Station,0.70 km
14,Regent Park,Fully Furnished Condominium,807 sqft ,26 Jalan Lempeng, Ready to move,2,2,"S$ 2,500 /mo",EW23 Clementi MRT Station,0.57 km
15,309 Clementi Avenue 4,Fully Furnished HDB Apartment,721 sqft ,309 Clementi Avenue 4, Ready to move,2,2,"S$ 1,800 /mo",EW23 Clementi MRT Station,0.67 km
16,The Parc Condominium,Condominium,1216 sqft ,1 West Coast Walk, Ready to move,3,3,"S$ 4,200 /mo",EW23 Clementi MRT Station,0.77 km
17,304 Clementi Avenue 4,Partially Furnished HDB Apartment,721 sqft ,304 Clementi Avenue 4, Ready to move,2,2,"S$ 2,000 /mo",EW23 Clementi MRT Station,0.65 km
18,The Parc Condominium,Unfurnished Condominium,980 sqft ,15 West Coast Walk, Ready to move,2,2,"S$ 3,000 /mo",EW23 Clementi MRT Station,0.77 km
19,415 Commonwealth Avenue West,Fully Furnished HDB Apartment,140 sqft ,415 Commonwealth Avenue West, S$ 5.36 psf,Room,0,S$ 750 /mo,EW23 Clementi MRT Station,0.82 km
0,366 Clementi Avenue 2,Fully Furnished HDB Apartment,721 sqft ,366 Clementi Avenue 2, Ready to move,2,2,"S$ 2,100 /mo",EW23 Clementi MRT Station,0.76 km
1,The Trilinq,Condominium,150 sqft ,28B Jalan Lempeng, Ready to move,Room,0,"S$ 1,100 /mo",EW23 Clementi MRT Station,0.56 km
2,53 Faber Park,Partially Furnished Bungalow House,5000 sqft ,Faber Park, Ready to move,4,4,"S$ 10,000 /mo",EW23 Clementi MRT Station,0.81 km
3,515 West Coast Road,Fully Furnished HDB Apartment,250 sqft ,515 West Coast Road, Ready to move,Room,0,S$ 800 /mo,EW23 Clementi MRT Station,0.96 km
4,8 Sided Hexagon Bungalow For Rent,Partially Furnished Bungalow House,"6000 sqft, 9300 sqft (land) ",53 faber park, Ready to move,5,5,"S$ 9,800 /mo",EW23 Clementi MRT Station,0.82 km
5,The Parc Condominium,Fully Furnished Condominium,150 sqft ,1 West Coast Walk, Ready to move,Room,0,"S$ 1,200 /mo",EW23 Clementi MRT Station,0.77 km
6,The Trilinq,Partially Furnished Condominium,753 sqft ,28A Jalan Lempeng, Available from 2 May,2,2,"S$ 3,000 /mo",EW23 Clementi MRT Station,0.56 km
7,Freesia Woods,Partially Furnished Condominium,1378 sqft ,61 Sunset Way, Available from 16 Apr,3,3,"S$ 3,800 /mo",EW23 Clementi MRT Station,0.99 km
8,326 Clementi Avenue 5,Fully Furnished HDB Apartment,721 sqft ,326 Clementi Avenue 5, Ready to move,2,2,"S$ 1,900 /mo",EW23 Clementi MRT Station,0.15 km
9,Park West,Fully Furnished Condominium,900 sqft ,2 Jalan Lempeng, Ready to move,2,2,"S$ 2,000 /mo",EW23 Clementi MRT Station,0.62 km
10,459 Clementi Avenue 3,Fully Furnished HDB Apartment,1184 sqft ,459 Clementi Avenue 3, S$ 2.62 psf,3,2,"S$ 3,100 /mo",EW23 Clementi MRT Station,0.46 km
11,357 Clementi Avenue 2,Fully Furnished HDB Apartment,1259 sqft ,357 Clementi Avenue 2, Ready to move,3,2,"S$ 2,600 /mo",EW23 Clementi MRT Station,0.44 km
12,334 Clementi Avenue 2,Fully Furnished HDB Apartment,150 sqft ,334 Clementi Avenue 2, Ready to move,Room,0,S$ 900 /mo,EW23 Clementi MRT Station,0.31 km
13,351 Clementi Avenue 2,Fully Furnished HDB Apartment,721 sqft ,351 Clementi Avenue 2, Available from 1 May,2,2,"S$ 2,300 /mo",EW23 Clementi MRT Station,0.65 km
14,420 Clementi Avenue 1,Fully Furnished HDB Apartment,120 sqft ,420 Clementi Avenue 1, Ready to move,Room,0,S$ 850 /mo,EW23 Clementi MRT Station,0.68 km
15,363 Clementi Avenue 2,Fully Furnished HDB Apartment,728 sqft ,363 Clementi Avenue 2, Ready to move,2,2,"S$ 1,800 /mo",EW23 Clementi MRT Station,0.45 km
16,354 Clementi Avenue 2,Unfurnished HDB Apartment,800 sqft ,354 Clementi Avenue 2, Ready to move,2,2,"S$ 2,300 /mo",EW23 Clementi MRT Station,0.58 km
17,Hundred Trees,Partially Furnished Condominium,915 sqft ,85 West Coast Drive, Ready to move,2,2,"S$ 2,800 /mo",EW23 Clementi MRT Station,0.75 km
18,430 Clementi Avenue 3,Fully Furnished HDB Apartment,743 sqft ,430 Clementi Avenue 3, Ready to move,2,2,"S$ 2,200 /mo",EW23 Clementi MRT Station,0.38 km
19,508 West Coast Drive,Fully Furnished HDB Apartment,120 sqft ,508 West Coast Drive, S$ 6.25 psf,2,2,S$ 750 /mo,EW23 Clementi MRT Station,0.55 km
0,The Parc Condominium,Partially Furnished Condominium,1421 sqft ,9 West Coast Walk, Ready to move,3,3,"S$ 4,350 /mo",EW23 Clementi MRT Station,0.77 km
1,372 Clementi Avenue 4,Fully Furnished HDB Apartment,90 sqft ,372 Clementi Avenue 4, Ready to move,Room,0,S$ 650 /mo,EW23 Clementi MRT Station,0.60 km
2,348 Clementi Avenue 5,HDB Apartment,120 sqft ,348 Clementi Avenue 5, Ready to move,Room,0,S$ 700 /mo,EW23 Clementi MRT Station,0.63 km
3,Hundred Trees,Fully Furnished Condominium,786 sqft ,85 West Coast Drive, Available from 14 Apr,2,2,"S$ 2,950 /mo",EW23 Clementi MRT Station,0.75 km
4,322 Clementi Avenue 5,Fully Furnished HDB Apartment,721 sqft ,322 Clementi Avenue 5, S$ 2.77 psf,2,2,"S$ 2,000 /mo",EW23 Clementi MRT Station,0.15 km
5,514 West Coast Road,Fully Furnished HDB Apartment,731 sqft ,514 West Coast Road, Available from 1 May,2,2,"S$ 1,900 /mo",EW23 Clementi MRT Station,0.95 km
6,BLK 352 CLEMENTI AVE 2,HDB Apartment,893 sqft ,(within 0.69 km), S$ 2.24 psf,2,1,"S$ 2,000 /mo",EW23 Clementi MRT Station,0.69 km
7,420 Clementi Avenue 1,Fully Furnished HDB Apartment,120 sqft ,420 Clementi Avenue 1, Ready to move,Room,0,S$ 680 /mo,EW23 Clementi MRT Station,0.68 km
8,351 Clementi Avenue 2,Fully Furnished HDB Apartment,721 sqft ,351 Clementi Avenue 2, Ready to move,2,2,"S$ 2,150 /mo",EW23 Clementi MRT Station,0.65 km
9,The Parc Condominium,Partially Furnished Condominium,1292 sqft ,1 West Coast Walk, Ready to move,3,3,"S$ 3,999 /mo",EW23 Clementi MRT Station,0.77 km
10,461 Clementi Avenue 3,Fully Furnished HDB Apartment,161 sqft ,461 Clementi Avenue 3, Ready to move,Room,0,S$ 800 /mo,EW23 Clementi MRT Station,0.49 km
11,324 Clementi Avenue 5,HDB Apartment,990 sqft ,324 Clementi Avenue 5, Ready to move,3,2,"S$ 2,400 /mo",EW23 Clementi MRT Station,0.10 km
12,510 West Coast Drive,Fully Furnished HDB Apartment,900 sqft ,510 West Coast Drive, Ready to move,2,2,"S$ 1,800 /mo",EW23 Clementi MRT Station,0.70 km
13,Walkuo,Partially Furnished Walk-up,800 sqft ,Mas puteh, Ready to move,3,1,"S$ 3,000 /mo",EW23 Clementi MRT Station,0.76 km
14,Trivelis,Fully Furnished HDB Apartment,90 sqft ,311A Clementi Avenue 4, Ready to move,Room,0,S$ 800 /mo,EW23 Clementi MRT Station,0.57 km
15,Hundred Trees,Partially Furnished Condominium,1475 sqft ,85 West Coast Drive, Ready to move,4,4,"S$ 5,500 /mo",EW23 Clementi MRT Station,0.75 km
16,316 Clementi Avenue 4,Fully Furnished HDB Apartment,979 sqft ,316 Clementi Avenue 4, Ready to move,Room,0,S$ 800 /mo,EW23 Clementi MRT Station,0.39 km
17,511 West Coast Drive,Partially Furnished HDB Apartment,920 sqft ,511 West Coast Drive, Ready to move,3,2,"S$ 2,350 /mo",EW23 Clementi MRT Station,0.77 km
18,326 Clementi Avenue 5,Fully Furnished HDB Apartment,721 sqft ,326 Clementi Avenue 5, Ready to move,2,2,"S$ 2,200 /mo",EW23 Clementi MRT Station,0.15 km
19,377 Clementi Avenue 5,Fully Furnished HDB Apartment,882 sqft ,377 Clementi Avenue 5, Ready to move,2,2,"S$ 2,200 /mo",EW23 Clementi MRT Station,0.39 km
0,BUNGALOW NEAR AMENITIES AND MRT --- Faber Hills Vicinity,Partially Furnished Detached House,"6000 sqft, 9000 sqft (land) ",(within 0.70 km), Ready to move,5,5,"S$ 8,800 /mo",EW23 Clementi MRT Station,0.70 km
1,Regent Park,Partially Furnished Condominium,987 sqft ,26 Jalan Lempeng, Ready to move,2,2,"S$ 2,700 /mo",EW23 Clementi MRT Station,0.57 km
2,Hundred Trees,Fully Furnished Condominium,786 sqft ,85 West Coast Drive, Ready to move,3,2,"S$ 2,900 /mo",EW23 Clementi MRT Station,0.75 km
3,358 Clementi Avenue 2,Fully Furnished HDB Apartment,67 sqft ,358 Clementi Avenue 2, S$ 11.19 psf,Room,0,S$ 750 /mo,EW23 Clementi MRT Station,0.42 km
4,306 Clementi Avenue 4,Partially Furnished HDB Apartment,721 sqft ,306 Clementi Avenue 4, Ready to move,1,2,"S$ 1,680 /mo",EW23 Clementi MRT Station,0.72 km
5,431 Clementi Avenue 3,Fully Furnished HDB Apartment,721 sqft ,431 Clementi Avenue 3, Ready to move,2,2,"S$ 2,400 /mo",EW23 Clementi MRT Station,0.34 km
6,506 West Coast Drive,Fully Furnished HDB Apartment,990 sqft ,506 West Coast Drive, Ready to move,3,2,"S$ 2,500 /mo",EW23 Clementi MRT Station,0.59 km
7,The Parc Condominium,Partially Furnished Condominium,1294 sqft ,1 West Coast Walk, S$ 3.25 psf,3,3,"S$ 4,200 /mo",EW23 Clementi MRT Station,0.77 km
8,430 Clementi Avenue 3,Fully Furnished HDB Apartment,750 sqft ,430 Clementi Avenue 3, Ready to move,1,2,"S$ 2,200 /mo",EW23 Clementi MRT Station,0.38 km
9,428 Clementi Avenue 3,Fully Furnished HDB Apartment,200 sqft ,428 Clementi Avenue 3, S$ 4.50 psf,Room,0,S$ 900 /mo,EW23 Clementi MRT Station,0.37 km
10,378 Clementi Avenue 5,Fully Furnished HDB Apartment,1184 sqft ,378 Clementi Avenue 5, Ready to move,4,1,"S$ 2,800 /mo",EW23 Clementi MRT Station,0.38 km
11,310 Clementi Avenue 4,Partially Furnished HDB Apartment,580 sqft ,310 Clementi Avenue 4, Ready to move,1,2,"S$ 1,700 /mo",EW23 Clementi MRT Station,0.59 km
12,Pine Grove,Fully Furnished Condominium,1700 sqft ,1A Pine Grove, Ready to move,Room,0,"S$ 1,100 /mo",EW23 Clementi MRT Station,0.96 km
13,Pine Grove,Fully Furnished Condominium,1700 sqft ,1A Pine Grove, Available from 18 Apr,3,3,"S$ 3,200 /mo",EW23 Clementi MRT Station,0.96 km
14,457 Clementi Avenue 3,Fully Furnished HDB Apartment,90 sqft ,457 Clementi Avenue 3, Ready to move,3,2,"S$ 2,600 /mo",EW23 Clementi MRT Station,0.41 km
15,440C Clementi Avenue 3,Fully Furnished HDB Apartment,200 sqft ,440C Clementi Avenue 3, Ready to move,2,1,"S$ 2,200 /mo",EW23 Clementi MRT Station,0.16 km
16,378 Clementi Avenue 5,Fully Furnished HDB Apartment,200 sqft ,378 Clementi Avenue 5, S$ 3.25 psf,Room,0,S$ 650 /mo,EW23 Clementi MRT Station,0.38 km
17,103 Clementi Street 14,Partially Furnished HDB Apartment,1012 sqft ,103 Clementi Street 14, Ready to move,3,2,"S$ 2,400 /mo",EW23 Clementi MRT Station,0.94 km
18,Master Room At Faber Green,Fully Furnished Terraced House,360 sqft ,Faber Green, Ready to move,Room,0,"S$ 1,300 /mo",EW23 Clementi MRT Station,0.92 km
19,430 Clementi Avenue 3,Fully Furnished HDB Apartment,721 sqft ,430 Clementi Avenue 3, Available from 20 May,2,2,"S$ 2,150 /mo",EW23 Clementi MRT Station,0.38 km
0,New Room @ Casa Clementi (near NUS),Fully Furnished HDB Apartment,110 sqft ,New Room @ Casa Clementi, Ready to move,Room,0,S$ 800 /mo,EW23 Clementi MRT Station,0.84 km
1,The Parc Condominium,Partially Furnished Condominium,1421 sqft ,11 West Coast Walk, Available from 1 May,3,3,"S$ 4,600 /mo",EW23 Clementi MRT Station,0.77 km
2,440C Clementi Avenue 3,Fully Furnished HDB Apartment,150 sqft ,440C Clementi Avenue 3, Ready to move,Room,0,S$ 900 /mo,EW23 Clementi MRT Station,0.16 km
3,320 Clementi Avenue 4,Fully Furnished HDB Apartment,130 sqft ,320 Clementi Avenue 4, Available from 1 May,Room,0,S$ 850 /mo,EW23 Clementi MRT Station,0.25 km
4,337 Clementi Avenue 2,Partially Furnished HDB Apartment,1280 sqft ,337 Clementi Avenue 2, Available from 15 Apr,3,2,"S$ 2,900 /mo",EW23 Clementi MRT Station,0.44 km
5,Regent Park,Fully Furnished Condominium,904 sqft ,22 Jalan Lempeng, Available from 1 Jul,2,2,"S$ 2,700 /mo",EW23 Clementi MRT Station,0.57 km
6,Pine Grove,Fully Furnished Condominium,150 sqft ,1A Pine Grove, Ready to move,Room,0,S$ 799 /mo,EW23 Clementi MRT Station,0.96 km
7,The Parc Condominium,Fully Furnished Condominium,1292 sqft ,9 West Coast Walk, Ready to move,3,3,"S$ 3,999 /mo",EW23 Clementi MRT Station,0.77 km
8,430 Clementi Avenue 3,HDB Apartment,979 sqft ,430 Clementi Avenue 3, Ready to move,3,2,"S$ 2,500 /mo",EW23 Clementi MRT Station,0.38 km
9,325 Clementi Avenue 5,HDB Apartment,721 sqft ,325 Clementi Avenue 5, Ready to move,2,2,"S$ 1,900 /mo",EW23 Clementi MRT Station,0.17 km
10,103 Clementi Street 14,Partially Furnished HDB Apartment,1012 sqft ,103 Clementi Street 14, Ready to move,3,2,"S$ 2,400 /mo",EW23 Clementi MRT Station,0.94 km
11,435 Clementi Avenue 3,Fully Furnished HDB Apartment,150 sqft ,435 Clementi Avenue 3, Available from 1 May,Room,0,S$ 950 /mo,EW23 Clementi MRT Station,0.30 km
12,The Parc Condominium,Fully Furnished Condominium,1216 sqft ,1 West Coast Walk, Available from 1 Jun,3,3,"S$ 4,300 /mo",EW23 Clementi MRT Station,0.77 km
13,414 Commonwealth Avenue West,Fully Furnished HDB Apartment,130 sqft ,414 Commonwealth Avenue West, Ready to move,Room,0,S$ 700 /mo,EW23 Clementi MRT Station,0.79 km
14,315 Clementi Avenue 4,Fully Furnished HDB Apartment,990 sqft ,315 Clementi Avenue 4, Ready to move,3,2,"S$ 2,700 /mo",EW23 Clementi MRT Station,0.38 km
15,301 Clementi Avenue 4,Partially Furnished HDB Apartment,990 sqft ,301 Clementi Avenue 4, Ready to move,2,2,"S$ 2,100 /mo",EW23 Clementi MRT Station,0.79 km
16,510 West Coast Drive,Partially Furnished HDB Apartment,72 sqft ,510 West Coast Drive, Ready to move,2,2,"S$ 1,490 /mo",EW23 Clementi MRT Station,0.70 km
17,The Parc Condominium,Partially Furnished Condominium,1518 sqft ,1 West Coast Walk, Ready to move,4,4,"S$ 4,600 /mo",EW23 Clementi MRT Station,0.77 km
18,305 Clementi Avenue 4,Fully Furnished HDB Apartment,725 sqft ,305 Clementi Avenue 4, Available from 13 Apr,2,2,"S$ 2,100 /mo",EW23 Clementi MRT Station,0.78 km
19,325 Clementi Avenue 5,Fully Furnished HDB Apartment,100 sqft ,325 Clementi Avenue 5, Ready to move,Room,0,S$ 850 /mo,EW23 Clementi MRT Station,0.17 km
0,351 Clementi Avenue 2,Fully Furnished HDB Apartment,741 sqft ,351 Clementi Avenue 2, Available from 11 Apr,2,2,"S$ 2,140 /mo",EW23 Clementi MRT Station,0.65 km
1,449 Clementi Avenue 3,Partially Furnished HDB Apartment,732 sqft ,449 Clementi Avenue 3, Ready to move,2,2,"S$ 2,000 /mo",EW23 Clementi MRT Station,0.17 km
2,306 Clementi Avenue 4,Fully Furnished HDB Apartment,107 sqft ,306 Clementi Avenue 4, S$ 6.07 psf,Room,0,S$ 650 /mo,EW23 Clementi MRT Station,0.72 km
3,460 Clementi Avenue 3,Fully Furnished HDB Apartment,1000 sqft ,460 Clementi Avenue 3, Ready to move,3,2,"S$ 2,500 /mo",EW23 Clementi MRT Station,0.50 km
4,Jalan Mas Putah,Partially Furnished Corner Terrace,"1900 sqft, 1650 sqft (land) ",(within 0.77 km), S$ 2.48 psf,3,2,"S$ 4,100 /mo",EW23 Clementi MRT Station,0.77 km
5,508 West Coast Drive,Fully Furnished HDB Apartment,753 sqft ,508 West Coast Drive, S$ 2.65 psf,2,2,"S$ 1,999 /mo",EW23 Clementi MRT Station,0.55 km
6,362 Clementi Avenue 2,Fully Furnished HDB Apartment,721 sqft ,362 Clementi Avenue 2, Ready to move,2,2,"S$ 1,950 /mo",EW23 Clementi MRT Station,0.58 km
7,510 West Coast Drive,Fully Furnished HDB Apartment,700 sqft ,510 West Coast Drive, Ready to move,2,2,"S$ 1,800 /mo",EW23 Clementi MRT Station,0.70 km
8,706 Clementi West Street 2,Fully Furnished HDB Apartment,150 sqft ,706 Clementi West Street 2, Ready to move,Room,0,S$ 700 /mo,EW23 Clementi MRT Station,0.99 km
9,340 Clementi Avenue 5,Fully Furnished HDB Apartment,100 sqft ,340 Clementi Avenue 5, Ready to move,3,2,S$ 750 /mo,EW23 Clementi MRT Station,0.68 km
10,352 Clementi Avenue 2,HDB Apartment,891 sqft ,352 Clementi Avenue 2, S$ 2.47 psf,2,0,"S$ 2,200 /mo",EW23 Clementi MRT Station,0.64 km
11,The Trilinq,Fully Furnished Condominium,80 sqft ,28 Jalan Lempeng, Ready to move,1,1,"S$ 1,080 /mo",EW23 Clementi MRT Station,0.56 km
12,327 Clementi Avenue 5,Fully Furnished HDB Apartment,900 sqft ,327 Clementi Avenue 5, Ready to move,2,2,"S$ 2,400 /mo",EW23 Clementi MRT Station,0.16 km
13,456 Clementi Avenue 3,Partially Furnished HDB Apartment,100 sqft ,456 Clementi Avenue 3, Ready to move,Room,0,S$ 700 /mo,EW23 Clementi MRT Station,0.37 km
14,702 West Coast Road,Partially Furnished HDB Apartment,1001 sqft ,702 West Coast Road, Ready to move,3,2,"S$ 2,400 /mo",EW23 Clementi MRT Station,0.99 km
15,376 Clementi Avenue 4,Fully Furnished HDB Apartment,150 sqft ,376 Clementi Avenue 4, S$ 4.67 psf,Room,0,S$ 700 /mo,EW23 Clementi MRT Station,0.36 km
16,101 Clementi Street 14,Fully Furnished HDB Apartment,1291 sqft ,101 Clementi Street 14, Ready to move,3,2,"S$ 2,400 /mo",EW23 Clementi MRT Station,0.89 km
17,104 Clementi Street 14,Fully Furnished HDB Apartment,1591 sqft ,104 Clementi Street 14, Ready to move,4,3,"S$ 2,600 /mo",EW23 Clementi MRT Station,0.99 km
18,351 Clementi Avenue 2,Fully Furnished HDB Apartment,200 sqft ,351 Clementi Avenue 2, Ready to move,Room,0,"S$ 1,900 /mo",EW23 Clementi MRT Station,0.65 km
19,351 Clementi Avenue 2,Fully Furnished HDB Apartment,120 sqft ,351 Clementi Avenue 2, Ready to move,Room,0,S$ 800 /mo,EW23 Clementi MRT Station,0.65 km
0,Pine Grove,Partially Furnished Condominium,1688 sqft ,1N Pine Grove, Available from 19 May,3,3,"S$ 3,200 /mo",EW23 Clementi MRT Station,0.96 km
1,326 Clementi Avenue 5,Fully Furnished HDB Apartment,120 sqft ,326 Clementi Avenue 5, Ready to move,Room,0,S$ 650 /mo,EW23 Clementi MRT Station,0.15 km
2,432 Clementi Avenue 3,Fully Furnished HDB Apartment,764 sqft ,432 Clementi Avenue 3, Ready to move,2,2,"S$ 2,100 /mo",EW23 Clementi MRT Station,0.29 km
3,347 Clementi Avenue 5,Fully Furnished HDB Apartment,180 sqft ,347 Clementi Avenue 5, Ready to move,Room,0,S$ 750 /mo,EW23 Clementi MRT Station,0.63 km
4,365 Clementi Avenue 2,HDB Apartment,721 sqft ,365 Clementi Avenue 2, Ready to move,2,2,"S$ 1,950 /mo",EW23 Clementi MRT Station,0.59 km
5,The Trilinq,Fully Furnished Condominium,710 sqft ,28A Jalan Lempeng, Available from 15 Apr,2,1,"S$ 3,000 /mo",EW23 Clementi MRT Station,0.56 km
6,320 Clementi Avenue 4,Fully Furnished HDB Apartment,105 sqft ,320 Clementi Avenue 4, Ready to move,Room,0,S$ 900 /mo,EW23 Clementi MRT Station,0.25 km
7,Pine Grove,Partially Furnished Condominium,1668 sqft ,1P Pine Grove, Ready to move,3,3,"S$ 3,500 /mo",EW23 Clementi MRT Station,0.96 km
8,Regent Park,Fully Furnished Condominium,904 sqft ,(within 0.57 km), Ready to move,2,2,"S$ 2,699 /mo",EW23 Clementi MRT Station,0.57 km
9,511 West Coast Drive,Fully Furnished HDB Apartment,150 sqft ,511 West Coast Drive, Ready to move,Room,0,S$ 900 /mo,EW23 Clementi MRT Station,0.77 km
10,Clementi Mrt 338 Com Room,Fully Furnished HDB Apartment,230 sqft ,Clementi ave 2, Ready to move,Room,0,S$ 650 /mo,EW23 Clementi MRT Station,0.48 km
11,441B Clementi Avenue 3,Fully Furnished HDB Apartment,200 sqft ,(within 0.11 km), Ready to move,Room,0,"S$ 1,000 /mo",EW23 Clementi MRT Station,0.11 km
12,The Parc Condominium,Partially Furnished Condominium,1302 sqft ,1 West Coast Walk, Ready to move,3,3,"S$ 3,600 /mo",EW23 Clementi MRT Station,0.77 km
13,440A Clementi Avenue 3,HDB Apartment,800 sqft ,440A Clementi Avenue 3, Ready to move,2,2,"S$ 2,500 /mo",EW23 Clementi MRT Station,0.16 km
14,410 Commonwealth Avenue West,Fully Furnished HDB Apartment,100 sqft ,410 Commonwealth Avenue West, Ready to move,Room,0,S$ 750 /mo,EW23 Clementi MRT Station,0.61 km
15,326 Clementi Avenue 5,Partially Furnished HDB Apartment,100 sqft ,326 Clementi Avenue 5, Ready to move,Room,0,S$ 650 /mo,EW23 Clementi MRT Station,0.15 km
16,312A Clementi Avenue 4,Fully Furnished HDB Apartment,180 sqft ,312A Clementi avenue 4, Ready to move,Room,0,S$ 800 /mo,EW23 Clementi MRT Station,0.57 km
17,333 Clementi Avenue 2,Fully Furnished HDB Apartment,990 sqft ,333 Clementi Avenue 2, Ready to move,3,2,"S$ 2,550 /mo",EW23 Clementi MRT Station,0.22 km
18,Trivelis,Fully Furnished HDB Apartment,150 sqft ,311A Clementi Avenue 4, Ready to move,Room,0,"S$ 2,300 /mo",EW23 Clementi MRT Station,0.57 km
19,425 Clementi Avenue 1,Fully Furnished HDB Apartment,300 sqft ,425 Clementi Avenue 1, Ready to move,Room,0,S$ 900 /mo,EW23 Clementi MRT Station,0.89 km
0,Hundred Trees,Fully Furnished Condominium,786 sqft ,85 West Coast Drive, Ready to move,2,2,"S$ 2,800 /mo",EW23 Clementi MRT Station,0.75 km
1,41 West Coast Place,Fully Furnished Terraced House,"2560 sqft, 2006 sqft (land) ",West Coast Place, Ready to move,4,3,"S$ 3,200 /mo",EW23 Clementi MRT Station,0.81 km
2,312B Clementi Avenue 4,Fully Furnished HDB Apartment,200 sqft ,312B Clementi Avenue 4, Ready to move,Room,0,S$ 800 /mo,EW23 Clementi MRT Station,0.52 km
3,331 Clementi Avenue 2,Fully Furnished HDB Apartment,150 sqft ,331 Clementi Avenue 2, Ready to move,Room,0,S$ 650 /mo,EW23 Clementi MRT Station,0.28 km
4,330 Clementi Avenue 2,Fully Furnished HDB Apartment,731 sqft ,330 Clementi Avenue 2, Ready to move,2,2,"S$ 2,300 /mo",EW23 Clementi MRT Station,0.29 km
5,Hundred Trees,Condominium,786 sqft ,(within 0.75 km), Ready to move,2,2,"S$ 2,800 /mo",EW23 Clementi MRT Station,0.75 km
6,365 Clementi Avenue 2,Fully Furnished HDB Apartment,750 sqft ,365 Clementi Avenue 2, Ready to move,2,2,"S$ 2,200 /mo",EW23 Clementi MRT Station,0.59 km
7,440A Clementi Avenue 3 - Clementi Cascadia),Fully Furnished HDB Apartment,750 sqft ,Clementi Avenue 3, Ready to move,1,1,"S$ 1,900 /mo",EW23 Clementi MRT Station,0.08 km
8,Jalan Mas Puteh,Unfurnished Corner Terrace,"1500 sqft, 2339 sqft (land) ",(within 0.81 km), Ready to move,3,2,"S$ 4,000 /mo",EW23 Clementi MRT Station,0.81 km
9,The Trilinq,Partially Furnished Condominium,1518 sqft ,28 Jalan Lempeng, Ready to move,4,3,"S$ 4,500 /mo",EW23 Clementi MRT Station,0.56 km
10,319 Clementi Avenue 4,Partially Furnished HDB Apartment,150 sqft ,319 Clementi Avenue 4, Ready to move,Room,0,S$ 800 /mo,EW23 Clementi MRT Station,0.29 km
11,364 Clementi Avenue 2,Fully Furnished HDB Apartment,721 sqft ,364 Clementi Avenue 2, Ready to move,2,1,"S$ 2,200 /mo",EW23 Clementi MRT Station,0.47 km
12,365 Clementi Avenue 2,Fully Furnished HDB Apartment,700 sqft ,365 Clementi Avenue 2, Ready to move,2,2,"S$ 1,900 /mo",EW23 Clementi MRT Station,0.59 km
13,Park West,Partially Furnished Condominium,1249 sqft ,2 Jalan Lempeng, Ready to move,3,3,"S$ 2,900 /mo",EW23 Clementi MRT Station,0.62 km
14,The Trilinq,Fully Furnished Condominium,1109 sqft ,28B Jalan Lempeng, Available from 2 May,Room,0,"S$ 1,100 /mo",EW23 Clementi MRT Station,0.56 km
15,424 Clementi Avenue 1,Fully Furnished HDB Apartment,100 sqft ,424 Clementi Avenue 1, Ready to move,Room,0,S$ 800 /mo,EW23 Clementi MRT Station,0.85 km
16,339 Clementi Avenue 5,Fully Furnished HDB Apartment,180 sqft ,339 Clementi Avenue 5, Ready to move,Room,0,S$ 900 /mo,EW23 Clementi MRT Station,0.67 km
17,319 Clementi Avenue 4,Fully Furnished HDB Apartment,1100 sqft ,319 Clementi Avenue 4, Ready to move,Room,0,S$ 850 /mo,EW23 Clementi MRT Station,0.29 km
18,416 Clementi Avenue 1,Fully Furnished HDB Apartment,90 sqft ,416 Clementi Avenue 1, Ready to move,Room,0,S$ 800 /mo,EW23 Clementi MRT Station,0.85 km
19,319 Clementi Avenue 4,Fully Furnished HDB Apartment,789 sqft ,319 Clementi Avenue 4, Ready to move,2,2,"S$ 1,900 /mo",EW23 Clementi MRT Station,0.29 km
0,326 Clementi Avenue 5,Fully Furnished HDB Apartment,1100 sqft ,326 Clementi Avenue 5, Ready to move,3,2,"S$ 2,400 /mo",EW23 Clementi MRT Station,0.15 km
1,The Parc Condominium,Fully Furnished Condominium,1421 sqft ,1 West Coast Walk, Available from 22 Apr,3,3,"S$ 4,500 /mo",EW23 Clementi MRT Station,0.77 km
2,The Parc Condominium,Fully Furnished Condominium,1421 sqft ,1 West Coast Walk, Available from 22 Apr,3,2,"S$ 4,500 /mo",EW23 Clementi MRT Station,0.77 km
3,507 West Coast Drive,HDB Apartment,750 sqft ,507 West Coast Drive, Ready to move,2,2,"S$ 1,800 /mo",EW23 Clementi MRT Station,0.61 km
4,306 Clementi Avenue 4,Fully Furnished HDB Apartment,722 sqft ,306 Clementi Avenue 4, Ready to move,2,2,"S$ 1,900 /mo",EW23 Clementi MRT Station,0.72 km
5,350 Clementi Avenue 2,HDB Apartment,250 sqft ,350 Clementi Avenue 2, Ready to move,1,2,S$ 500 /mo,EW23 Clementi MRT Station,0.55 km
6,101 Clementi Street 14,HDB Apartment,1200 sqft ,101 Clementi Street 14, Ready to move,3,2,"S$ 2,700 /mo",EW23 Clementi MRT Station,0.89 km
7,351 Clementi Avenue 2,Fully Furnished HDB Apartment,721 sqft ,351 Clementi Avenue 2, Ready to move,Room,0,S$ 850 /mo,EW23 Clementi MRT Station,0.65 km
8,BUNGALOW NEAR MRT & AMENITIES @ Faber Hills,Partially Furnished Bungalow House,"6000 sqft, 9000 sqft (land) ",(within 0.70 km), Ready to move,5,5,"S$ 8,800 /mo",EW23 Clementi MRT Station,0.70 km
9,429 Clementi Avenue 3,Partially Furnished HDB Apartment,300 sqft ,429 Clementi Avenue 3, Ready to move,Room,0,S$ 450 /mo,EW23 Clementi MRT Station,0.38 km
10,NEWest,Partially Furnished Cluster House,"2863 sqft, 1200 sqft (land) ",1 West Coast Drive, Ready to move,4,5,"S$ 4,000 /mo",EW23 Clementi MRT Station,0.91 km
11,706 Clementi West Street 2,HDB Apartment,731 sqft ,706 Clementi West Street 2, Ready to move,2,2,"S$ 1,800 /mo",EW23 Clementi MRT Station,0.99 km
12,Hundred Trees,Fully Furnished Condominium,756 sqft ,95 West Coast Drive, Ready to move,2,2,"S$ 2,800 /mo",EW23 Clementi MRT Station,0.75 km
13,Hundred Trees,Fully Furnished Condominium,1475 sqft ,85 West Coast Drive, Available from 16 Jun,4,4,"S$ 4,600 /mo",EW23 Clementi MRT Station,0.75 km
14,351 Clementi Avenue 2,HDB Apartment,107 sqft ,351 Clementi Avenue 2, Ready to move,Room,0,S$ 750 /mo,EW23 Clementi MRT Station,0.65 km
15,312B Clementi Avenue 4,Fully Furnished HDB Apartment,100 sqft ,312B Clementi Avenue 4, Ready to move,Room,0,S$ 800 /mo,EW23 Clementi MRT Station,0.52 km
16,103 Clementi Street 14,Fully Furnished HDB Apartment,1065 sqft ,103 Clementi Street 14, Ready to move,3,2,"S$ 2,400 /mo",EW23 Clementi MRT Station,0.94 km
17,304 Clementi Avenue 4,Fully Furnished HDB Apartment,670 sqft ,304 Clementi Avenue 4, Ready to move,2,1,"S$ 2,000 /mo",EW23 Clementi MRT Station,0.65 km
18,335 Clementi Avenue 2,Fully Furnished HDB Apartment,700 sqft ,335 Clementi Avenue 2, Ready to move,2,2,"S$ 1,950 /mo",EW23 Clementi MRT Station,0.43 km
19,The Parc Condominium,Condominium,1421 sqft ,1 West Coast Walk, Available from 1 May,4,3,"S$ 4,000 /mo",EW23 Clementi MRT Station,0.77 km
0,Park West,Fully Furnished Condominium,300 sqft ,2 Jalan Lempeng, Ready to move,Room,0,"S$ 1,200 /mo",EW23 Clementi MRT Station,0.62 km
1,The Trilinq,Partially Furnished Condominium,1109 sqft ,28 Jalan Lempeng, S$ 2.97 psf,2,2,"S$ 3,299 /mo",EW23 Clementi MRT Station,0.56 km
2,The Parc Condominium,Fully Furnished Condominium,1938 sqft ,11 West Coast Walk, Ready to move,3,3,"S$ 4,600 /mo",EW23 Clementi MRT Station,0.77 km
3,339 Clementi Avenue 5,Fully Furnished HDB Apartment,721 sqft ,339 Clementi Avenue 5, Ready to move,2,2,"S$ 1,900 /mo",EW23 Clementi MRT Station,0.67 km
4,Hundred Trees,Partially Furnished Condominium,1163 sqft ,93 West Coast Drive, Available from 6 Jul,3,3,"S$ 3,600 /mo",EW23 Clementi MRT Station,0.75 km
5,208B Clementi Avenue 6,Fully Furnished HDB Apartment,100 sqft ,208B Clementi Avenue 6, Ready to move,Room,0,S$ 850 /mo,EW23 Clementi MRT Station,0.68 km
6,319 Clementi Avenue 4,Partially Furnished HDB Apartment,700 sqft ,319 Clementi Avenue 4, Ready to move,2,2,"S$ 2,000 /mo",EW23 Clementi MRT Station,0.29 km
7,511 West Coast Drive,Partially Furnished HDB Apartment,979 sqft ,511 West Coast Drive, Ready to move,3,2,"S$ 2,300 /mo",EW23 Clementi MRT Station,0.77 km
8,The Parc Condominium,Condominium,1927 sqft ,1 West Coast Walk, S$ 2.23 psf,3,0,"S$ 4,300 /mo",EW23 Clementi MRT Station,0.77 km
9,379 Clementi Avenue 5,Fully Furnished HDB Apartment,882 sqft ,379 Clementi Avenue 5, Ready to move,1,1,"S$ 1,650 /mo",EW23 Clementi MRT Station,0.42 km
10,Hundred Trees,Partially Furnished Condominium,1475 sqft ,93 West Coast Drive, Available from 15 Jun,4,3,"S$ 4,600 /mo",EW23 Clementi MRT Station,0.75 km
11,The Trilinq,Fully Furnished Condominium,172 sqft ,28A Jalan Lempeng, Ready to move,Room,0,"S$ 1,500 /mo",EW23 Clementi MRT Station,0.56 km
12,304 Clementi Avenue 4,Partially Furnished HDB Apartment,721 sqft ,304 Clementi Avenue 4, Ready to move,2,2,"S$ 1,700 /mo",EW23 Clementi MRT Station,0.65 km
13,351 Clementi Avenue 2,Fully Furnished HDB Apartment,721 sqft ,351 Clementi Avenue 2, Ready to move,2,2,"S$ 1,900 /mo",EW23 Clementi MRT Station,0.65 km
14,312A Clementi Avenue 4,Partially Furnished HDB Apartment,1184 sqft ,312A Clementi avenue 4, Ready to move,3,2,"S$ 3,000 /mo",EW23 Clementi MRT Station,0.57 km
15,509 West Coast Drive,Fully Furnished HDB Apartment,721 sqft ,509 West Coast Drive, Available from 16 Apr,2,2,"S$ 2,000 /mo",EW23 Clementi MRT Station,0.66 km
16,410 Commonwealth Avenue West,Partially Furnished HDB Apartment,960 sqft ,410 Commonwealth Avenue West, Ready to move,3,2,"S$ 2,100 /mo",EW23 Clementi MRT Station,0.61 km
17,Park West,Fully Furnished Condominium,950 sqft ,20 Jalan Lempeng, Ready to move,2,2,"S$ 2,300 /mo",EW23 Clementi MRT Station,0.62 km
18,The Parc Condominium,Partially Furnished Condominium,1292 sqft ,7 West Coast Walk, Ready to move,3,3,"S$ 4,000 /mo",EW23 Clementi MRT Station,0.77 km
19,427 Clementi Avenue 3,HDB Apartment,150 sqft ,427 Clementi Avenue 3, Ready to move,Room,0,"S$ 1,100 /mo",EW23 Clementi MRT Station,0.38 km
0,433 CLEMENTI AVE 3,Partially Furnished HDB Apartment,67 sqft ,Clementi Avenue 3, Ready to move,2,2,"S$ 2,000 /mo",EW23 Clementi MRT Station,0.39 km
1,328 Clementi Avenue 2,Fully Furnished HDB Apartment,102 sqft ,328 Clementi Avenue 2, Ready to move,Room,0,S$ 440 /mo,EW23 Clementi MRT Station,0.22 km
2,332 Clementi Avenue 2,Fully Furnished HDB Apartment,990 sqft ,332 Clementi Avenue 2, Ready to move,3,2,"S$ 2,400 /mo",EW23 Clementi MRT Station,0.22 km
3,The Trilinq,Partially Furnished Condominium,538 sqft ,28 Jalan Lempeng, Ready to move,1,1,"S$ 2,600 /mo",EW23 Clementi MRT Station,0.56 km
4,Pine Grove,Partially Furnished Condominium,1750 sqft ,1A Pine Grove, Ready to move,3,2,"S$ 2,800 /mo",EW23 Clementi MRT Station,0.96 km
5,317 Clementi Avenue 4,Fully Furnished HDB Apartment,150 sqft ,317 Clementi Avenue 4, Ready to move,1,0,S$ 750 /mo,EW23 Clementi MRT Station,0.34 km
6,431 Clementi Avenue 3,HDB Apartment,720 sqft ,431 Clementi Avenue 3, Ready to move,2,2,"S$ 2,500 /mo",EW23 Clementi MRT Station,0.34 km
7,414 Commonwealth Avenue West,Partially Furnished HDB Apartment,1250 sqft ,414 Commonwealth Avenue West, Ready to move,3,2,"S$ 2,500 /mo",EW23 Clementi MRT Station,0.79 km
8,432 Clementi Avenue 3,Fully Furnished HDB Apartment,112 sqft ,432 Clementi Avenue 3, Ready to move,3,2,S$ 750 /mo,EW23 Clementi MRT Station,0.29 km
9,702 West Coast Road,Fully Furnished HDB Apartment,721 sqft ,702 West Coast Road, Ready to move,2,1,"S$ 1,850 /mo",EW23 Clementi MRT Station,0.99 km
10,The Trilinq,Unfurnished Condominium,710 sqft ,28A Jalan Lempeng, Available from 30 Apr,2,2,"S$ 3,300 /mo",EW23 Clementi MRT Station,0.56 km
11,312A Clementi Avenue 4,Fully Furnished HDB Apartment,740 sqft ,312A Clementi avenue 4, Ready to move,Room,0,S$ 850 /mo,EW23 Clementi MRT Station,0.57 km
12,339 Clementi Avenue 5,HDB Apartment,721 sqft ,339 Clementi Avenue 5, Ready to move,2,2,"S$ 1,950 /mo",EW23 Clementi MRT Station,0.67 km
13,The Trilinq,Partially Furnished Condominium,1109 sqft ,28 Jalan Lempeng, Ready to move,2,2,"S$ 3,100 /mo",EW23 Clementi MRT Station,0.56 km
14,320 Clementi Avenue 4,Fully Furnished HDB Apartment,721 sqft ,320 Clementi Avenue 4, Ready to move,2,2,"S$ 2,099 /mo",EW23 Clementi MRT Station,0.25 km
15,327 Clementi Avenue 5,Fully Furnished HDB Apartment,580 sqft ,327 Clementi Avenue 5, Ready to move,1,2,"S$ 1,650 /mo",EW23 Clementi MRT Station,0.16 km
16,308 Clementi Avenue 4,Fully Furnished HDB Apartment,92 sqft ,308 Clementi Avenue 4, Ready to move,2,2,"S$ 2,400 /mo",EW23 Clementi MRT Station,0.68 km
17,Regent Park,Fully Furnished Condominium,916 sqft ,22 Jalan Lempeng, Available from 21 Dec,2,2,"S$ 2,800 /mo",EW23 Clementi MRT Station,0.57 km
18,454 Clementi Avenue 3,Fully Furnished HDB Apartment,110 sqft ,454 Clementi Avenue 3, Ready to move,Room,0,S$ 620 /mo,EW23 Clementi MRT Station,0.32 km
19,312A Clementi Avenue 4,Fully Furnished HDB Apartment,130 sqft ,312A Clementi avenue 4, Ready to move,Room,0,S$ 800 /mo,EW23 Clementi MRT Station,0.57 km
0,103 Clementi Street 14,HDB Apartment,900 sqft ,103 Clementi Street 14, Ready to move,3,2,"S$ 2,300 /mo",EW23 Clementi MRT Station,0.94 km
1,324 Clementi Avenue 5,Fully Furnished HDB Apartment,50 sqft ,324 Clementi Avenue 5, Ready to move,Room,0,S$ 750 /mo,EW23 Clementi MRT Station,0.10 km
2,Hundred Trees,Condominium,786 sqft ,85 West Coast Drive, S$ 3.31 psf,2,0,"S$ 2,600 /mo",EW23 Clementi MRT Station,0.75 km
3,333 Clementi Avenue 2,HDB Apartment,990 sqft ,333 Clementi Avenue 2, S$ 2.12 psf,3,2,"S$ 2,100 /mo",EW23 Clementi MRT Station,0.22 km
4,312 Clementi Avenue 4,Fully Furnished HDB Apartment,968 sqft ,312B Clementi Avenue 4, S$ 0.88 psf,Room,0,S$ 850 /mo,EW23 Clementi MRT Station,0.57 km
5,319 Clementi Avenue 4,HDB Apartment,108 sqft ,319 Clementi Avenue 4, Ready to move,Room,0,S$ 900 /mo,EW23 Clementi MRT Station,0.29 km
6,430 Clementi Avenue 3,Partially Furnished HDB Apartment,742 sqft ,430 Clementi Avenue 3, Ready to move,2,2,"S$ 2,000 /mo",EW23 Clementi MRT Station,0.38 km
7,318 Clementi Avenue 4,Fully Furnished HDB Apartment,300 sqft ,318 Clementi Avenue 4, S$ 3.27 psf,Room,0,S$ 980 /mo,EW23 Clementi MRT Station,0.33 km
8,Park West,Fully Furnished Condominium,1249 sqft ,6 Jalan Lempeng, Ready to move,3,3,"S$ 3,600 /mo",EW23 Clementi MRT Station,0.62 km
9,511 West Coast Drive,Fully Furnished HDB Apartment,996 sqft ,511 West Coast Drive, Ready to move,3,2,"S$ 2,200 /mo",EW23 Clementi MRT Station,0.77 km
10,Hundred Trees,Partially Furnished Condominium,1474 sqft ,85 West Coast Drive, Ready to move,4,2,"S$ 4,500 /mo",EW23 Clementi MRT Station,0.75 km
11,304 Clementi Avenue 4,Fully Furnished HDB Apartment,190 sqft ,304 Clementi Avenue 4, Ready to move,Room,0,S$ 600 /mo,EW23 Clementi MRT Station,0.65 km
12,Com. Rm 302 Clementi Mrt,Fully Furnished HDB Apartment,225 sqft ,Clementi ave 4, Ready to move,Room,0,S$ 680 /mo,EW23 Clementi MRT Station,0.76 km
13,365 Clementi Avenue 2,HDB Apartment,150 sqft ,365 Clementi Avenue 2, Ready to move,1,0,S$ 750 /mo,EW23 Clementi MRT Station,0.59 km
14,Trivelis,HDB Apartment,100 sqft ,311A Clementi Avenue 4, S$ 7.50 psf,Room,0,S$ 750 /mo,EW23 Clementi MRT Station,0.57 km
15,327 Clementi Avenue 5,Fully Furnished HDB Apartment,200 sqft ,327 Clementi Avenue 5, Ready to move,Room,0,S$ 800 /mo,EW23 Clementi MRT Station,0.16 km
16,324 Clementi Avenue 5,Fully Furnished HDB Apartment,979 sqft ,324 Clementi Avenue 5, S$ 2.55 psf,3,2,"S$ 2,500 /mo",EW23 Clementi MRT Station,0.10 km
17,347 Clementi Avenue 5,Fully Furnished HDB Apartment,150 sqft ,347 Clementi Avenue 5, Ready to move,Room,0,S$ 750 /mo,EW23 Clementi MRT Station,0.63 km
18,433 Clementi Avenue 3,Fully Furnished HDB Apartment,904 sqft ,433 Clementi Avenue 3, S$ 2.43 psf,2,2,"S$ 2,200 /mo",EW23 Clementi MRT Station,0.43 km
19,307 Clementi Avenue 4,Fully Furnished HDB Apartment,200 sqft ,307 Clementi Avenue 4, S$ 4.00 psf,Room,0,S$ 800 /mo,EW23 Clementi MRT Station,0.73 km
0,459 Clementi Avenue 3,Fully Furnished HDB Apartment,1184 sqft ,459 Clementi Avenue 3, S$ 2.79 psf,3,2,"S$ 3,300 /mo",EW23 Clementi MRT Station,0.46 km
1,319 Clementi Avenue 4,HDB Apartment,818 sqft ,319 Clementi Avenue 4, S$ 2.81 psf,2,2,"S$ 2,300 /mo",EW23 Clementi MRT Station,0.29 km
2,Hundred Trees,Partially Furnished Condominium,700 sqft ,85 West Coast Drive, S$ 4.00 psf,2,2,"S$ 2,800 /mo",EW23 Clementi MRT Station,0.75 km
3,The Parc Condominium,Fully Furnished Condominium,1217 sqft ,1 West Coast Walk, S$ 2.88 psf,3,3,"S$ 3,499 /mo",EW23 Clementi MRT Station,0.77 km
4,The Trilinq,Partially Furnished Condominium,936 sqft ,28 Jalan Lempeng, S$ 3.42 psf,3,2,"S$ 3,200 /mo",EW23 Clementi MRT Station,0.56 km
5,434 Clementi Avenue 3,Fully Furnished HDB Apartment,1183 sqft ,434 Clementi Avenue 3, S$ 2.26 psf,3,2,"S$ 2,670 /mo",EW23 Clementi MRT Station,0.40 km
6,441B Clementi Avenue 3,Fully Furnished HDB Apartment,180 sqft ,441B Clementi Avenue 3, S$ 5.00 psf,Room,0,S$ 900 /mo,EW23 Clementi MRT Station,0.11 km
7,The Parc Condominium,Partially Furnished Condominium,1216 sqft ,1 West Coast Walk, S$ 2.71 psf,3,2,"S$ 3,300 /mo",EW23 Clementi MRT Station,0.77 km
8,322 Clementi Avenue 5,Fully Furnished HDB Apartment,786 sqft ,322 Clementi Avenue 5, S$ 2.67 psf,2,1,"S$ 2,100 /mo",EW23 Clementi MRT Station,0.15 km
9,420 Clementi Avenue 1,Fully Furnished HDB Apartment,120 sqft ,420 Clementi Avenue 1, S$ 5.83 psf,Room,0,S$ 700 /mo,EW23 Clementi MRT Station,0.68 km
10,Pine Grove,Fully Furnished Condominium,180 sqft ,1N Pine Grove, S$ 6.39 psf,Room,0,"S$ 1,150 /mo",EW23 Clementi MRT Station,0.96 km
