0,Lorong 17 Geylang,Unfurnished Apartment,1000 sqft ,Lorong 17 Geylang, Ready to move,3,2,"S$ 2,100 /mo",EW9 Aljunied MRT Station,0.57 km
1,Aston Mansions,Fully Furnished Apartment,1142 sqft ,3 Lorong 42 Geylang, Ready to move,3,2,"S$ 3,300 /mo",EW9 Aljunied MRT Station,0.90 km
2,Chen Fang Mansions,Fully Furnished Condominium,936 sqft ,26 Lorong 33 Geylang, Ready to move,2,2,"S$ 2,800 /mo",EW9 Aljunied MRT Station,0.57 km
3,30 Cassia Crescent,Fully Furnished HDB Apartment,1098 sqft ,30 Cassia Crescent, Ready to move,3,2,"S$ 2,650 /mo",EW9 Aljunied MRT Station,0.78 km
4,53 Sims Place,Fully Furnished HDB Apartment,700 sqft ,53 Sims Place, Ready to move,2,1,"S$ 2,200 /mo",EW9 Aljunied MRT Station,0.35 km
5,Guillemard Suites,Fully Furnished Apartment,603 sqft ,213 Guillemard Road, Ready to move,2,2,"S$ 2,300 /mo",EW9 Aljunied MRT Station,0.65 km
6,Suites 28,Fully Furnished Apartment,1055 sqft ,28 Lorong 30 Geylang, Ready to move,1,1,"S$ 2,300 /mo",EW9 Aljunied MRT Station,0.55 km
7,Centra Residence,Partially Furnished Condominium,1100 sqft ,8 Lorong 7 Geylang, Ready to move,2,2,"S$ 2,700 /mo",EW9 Aljunied MRT Station,0.88 km
8,La Fleur,Partially Furnished Condominium,431 sqft ,8 Lorong 26 Geylang, Available from 15 Apr,1,1,"S$ 1,700 /mo",EW9 Aljunied MRT Station,0.48 km
9,Rezi 26,Partially Furnished Condominium,474 sqft ,5 Lorong 26 Geylang, Ready to move,1,1,"S$ 1,850 /mo",EW9 Aljunied MRT Station,0.46 km
10,Aston Mansions,Unfurnished Apartment,1302 sqft ,3 Lorong 42 Geylang, Ready to move,3,2,"S$ 3,200 /mo",EW9 Aljunied MRT Station,0.90 km
11,50 Circuit Road,Partially Furnished HDB Apartment,603 sqft ,50 Circuit Road, Ready to move,2,1,"S$ 2,000 /mo",EW9 Aljunied MRT Station,0.98 km
12,Sims Urban Oasis,Partially Furnished Condominium,667 sqft ,(within 0.32 km), S$ 4.20 psf,2,1,"S$ 2,800 /mo",EW9 Aljunied MRT Station,0.32 km
13,51 Sims Drive,Partially Furnished HDB Apartment,1259 sqft ,51 Sims Drive, Ready to move,3,2,"S$ 2,600 /mo",EW9 Aljunied MRT Station,0.45 km
14,52 Sims Place,Fully Furnished HDB Apartment,699 sqft ,52 Sims Place, Ready to move,2,1,"S$ 2,100 /mo",EW9 Aljunied MRT Station,0.29 km
15,Accord Apartments,Fully Furnished Apartment,150 sqft ,5 Lorong 15 Geylang, S$ 5.33 psf,Room,0,S$ 800 /mo,EW9 Aljunied MRT Station,0.66 km
16,4+1 Worker Lorong 24 Geylang,Unfurnished Walk-up,1300 sqft ,Jalan Suka, Ready to move,4,2,"S$ 2,500 /mo",EW9 Aljunied MRT Station,0.50 km
17,Kallang MRT 5 Lorong 15 Geylang,Fully Furnished Apartment,120 sqft ,5 Lorong 15 Geylang, S$ 6.50 psf,1,1,S$ 780 /mo,EW9 Aljunied MRT Station,0.64 km
18,Treasures @ G20,Fully Furnished Apartment,947 sqft ,35 Lorong 20 Geylang, S$ 2.22 psf,1,1,"S$ 2,100 /mo",EW9 Aljunied MRT Station,0.60 km
19,Wing Fong Mansions,Partially Furnished Apartment,1130 sqft ,12 Lorong 14 Geylang, S$ 2.21 psf,3,2,"S$ 2,500 /mo",EW9 Aljunied MRT Station,0.78 km
20,Sims Urban Oasis,Partially Furnished Condominium,658 sqft ,10 Sims Drive, Ready to move,2,1,"S$ 2,700 /mo",EW9 Aljunied MRT Station,0.32 km
0,Sims Urban Oasis,Partially Furnished Condominium,958 sqft ,12 Sims Drive, Ready to move,3,2,"S$ 3,800 /mo",EW9 Aljunied MRT Station,0.32 km
1,The Waterina,Partially Furnished Apartment,1302 sqft ,51 Lorong 40 Geylang, Ready to move,3,3,"S$ 4,300 /mo",EW9 Aljunied MRT Station,0.90 km
2,Sims Urban Oasis,Partially Furnished Condominium,736 sqft ,Sims Drive, Ready to move,2,1,"S$ 2,500 /mo",EW9 Aljunied MRT Station,0.32 km
3,Sims Urban Oasis,Partially Furnished Condominium,736 sqft ,Sims Drive, Ready to move,2,1,"S$ 2,599 /mo",EW9 Aljunied MRT Station,0.32 km
4,Simsville,Partially Furnished Condominium,1238 sqft ,2 Geylang East Avenue 2, Available from 1 Jun,3,3,"S$ 3,600 /mo",EW9 Aljunied MRT Station,0.76 km
5,Sims Urban Oasis,Partially Furnished Condominium,829 sqft ,10 Sims Drive, Ready to move,2,1,"S$ 3,100 /mo",EW9 Aljunied MRT Station,0.32 km
6,Guillemard Edge,Fully Furnished Condominium,861 sqft ,38 Lorong 30 Geylang, Ready to move,1,1,"S$ 2,300 /mo",EW9 Aljunied MRT Station,0.60 km
7,The Waterina,Partially Furnished Apartment,1302 sqft ,63 Lorong 40 Geylang, S$ 3.30 psf,3,3,"S$ 4,300 /mo",EW9 Aljunied MRT Station,0.90 km
8,Centra Loft,Fully Furnished Condominium,452 sqft ,3 Lorong 35 Geylang, Ready to move,1,1,"S$ 1,999 /mo",EW9 Aljunied MRT Station,0.67 km
9,Versailles,Fully Furnished Condominium,742 sqft ,133 Hemmant Road, Ready to move,1,2,"S$ 1,900 /mo",EW9 Aljunied MRT Station,0.97 km
10,Sims Urban Oasis,Partially Furnished Condominium,624 sqft ,Sims Drive, Ready to move,2,1,"S$ 2,488 /mo",EW9 Aljunied MRT Station,0.32 km
11,Simsville,Fully Furnished Condominium,979 sqft ,2 Geylang East Avenue 2, Ready to move,2,2,"S$ 2,900 /mo",EW9 Aljunied MRT Station,0.76 km
12,Sims Urban Oasis,Fully Furnished Condominium,667 sqft ,10 Sims Drive, Ready to move,2,1,"S$ 2,650 /mo",EW9 Aljunied MRT Station,0.32 km
13,Central Grove,Fully Furnished Condominium,250 sqft ,3 Geylang East Avenue 1, S$ 4.80 psf,Room,0,"S$ 1,200 /mo",EW9 Aljunied MRT Station,0.18 km
14,The Water Edge @ Geylang,Fully Furnished Condominium,538 sqft ,8 Lorong 38 Geylang, Ready to move,1,1,"S$ 2,000 /mo",EW9 Aljunied MRT Station,0.72 km
15,The Sunny Spring,Fully Furnished Apartment,1109 sqft ,50 Lorong 40 Geylang, Ready to move,2,2,"S$ 2,700 /mo",EW9 Aljunied MRT Station,0.85 km
16,41 Sims Drive,Fully Furnished HDB Apartment,700 sqft ,41 Sims Drive, Ready to move,2,1,"S$ 1,800 /mo",EW9 Aljunied MRT Station,0.81 km
17,113 Aljunied Avenue 2,Fully Furnished HDB Apartment,990 sqft ,113 Aljunied Avenue 2, Available from 1 May,3,2,"S$ 2,400 /mo",EW9 Aljunied MRT Station,0.56 km
18,Aston Mansions,Partially Furnished Apartment,1302 sqft ,3 Lorong 42 Geylang, Ready to move,3,2,"S$ 3,200 /mo",EW9 Aljunied MRT Station,0.90 km
19,Casa Aerata,Apartment,603 sqft ,9 Lorong 26 Geylang, S$ 3.32 psf,2,1,"S$ 2,000 /mo",EW9 Aljunied MRT Station,0.52 km
0,Guillemard Edge,Partially Furnished Condominium,409 sqft ,38 Lorong 30 Geylang, Available from 15 Apr,1,1,"S$ 1,900 /mo",EW9 Aljunied MRT Station,0.60 km
1,54 Cassia Crescent,Fully Furnished HDB Apartment,409 sqft ,54 Cassia Crescent, Available from 15 Apr,1,1,"S$ 1,850 /mo",EW9 Aljunied MRT Station,0.74 km
2,44 Sims Drive,Fully Furnished HDB Apartment,150 sqft ,44 Sims Drive, Ready to move,Room,0,S$ 800 /mo,EW9 Aljunied MRT Station,0.65 km
3,Sims Residences,Fully Furnished Apartment,400 sqft ,8 Lorong 39 Geylang, S$ 3.50 psf,Room,0,"S$ 1,400 /mo",EW9 Aljunied MRT Station,0.90 km
4,The Sunny Spring,Fully Furnished Apartment,969 sqft ,50 Lorong 40 Geylang, Ready to move,3,2,"S$ 3,100 /mo",EW9 Aljunied MRT Station,0.85 km
5,Silverscape,Partially Furnished Apartment,463 sqft ,39 LORONG 32 GEYLANG, S$ 3.89 psf,1,1,"S$ 1,800 /mo",EW9 Aljunied MRT Station,0.64 km
6,Ness,Partially Furnished Condominium,463 sqft ,38 Lorong 32 Geylang, S$ 4.10 psf,1,1,"S$ 1,900 /mo",EW9 Aljunied MRT Station,0.60 km
7,28 Imperial Residences,Partially Furnished Condominium,420 sqft ,28 Lorong 26 Geylang, S$ 4.52 psf,1,2,"S$ 1,900 /mo",EW9 Aljunied MRT Station,0.56 km
8,Sims Edge,Fully Furnished Apartment,581 sqft ,1 Geylang East Avenue 2, Available from 19 May,2,2,"S$ 2,400 /mo",EW9 Aljunied MRT Station,0.56 km
9,The Waterina,Partially Furnished Apartment,1356 sqft ,51 Lorong 40 Geylang, Available from 1 May,3,3,"S$ 3,700 /mo",EW9 Aljunied MRT Station,0.90 km
10,The Sunny Spring,Fully Furnished Apartment,1023 sqft ,50 Lorong 40 Geylang, Available from 7 May,3,2,"S$ 3,288 /mo",EW9 Aljunied MRT Station,0.85 km
11,Simsville,Condominium,979 sqft ,2 Geylang East Avenue 2, Ready to move,2,2,"S$ 2,900 /mo",EW9 Aljunied MRT Station,0.76 km
12,Sims Urban Oasis,Fully Furnished Condominium,463 sqft ,12 Sims Drive, Ready to move,1,1,"S$ 2,200 /mo",EW9 Aljunied MRT Station,0.32 km
13,Athena Ville,Partially Furnished Apartment,980 sqft ,25 Lorong 29 Geylang, Ready to move,2,2,"S$ 2,400 /mo",EW9 Aljunied MRT Station,0.38 km
14,Athena Ville,Partially Furnished Apartment,1044 sqft ,25 Lorong 29 Geylang, Ready to move,1,1,"S$ 2,300 /mo",EW9 Aljunied MRT Station,0.38 km
15,The Water Edge @ Geylang,Fully Furnished Condominium,495 sqft ,8 Lorong 38 Geylang, Ready to move,1,1,"S$ 2,000 /mo",EW9 Aljunied MRT Station,0.72 km
16,Guillemard Edge,Fully Furnished Condominium,861 sqft ,38 Lorong 30 Geylang, Ready to move,1,1,"S$ 2,350 /mo",EW9 Aljunied MRT Station,0.60 km
17,Sims Urban Oasis,Fully Furnished Condominium,667 sqft ,10 Sims Drive, Ready to move,2,1,"S$ 2,800 /mo",EW9 Aljunied MRT Station,0.32 km
18,Lotus @ Paya Lebar,Partially Furnished Apartment,1313 sqft ,17 Lorong 41 Geylang, Ready to move,4,2,"S$ 4,600 /mo",EW9 Aljunied MRT Station,0.92 km
19,Cassia View,Partially Furnished Condominium,1152 sqft ,320 Guillemard Road, Ready to move,3,3,"S$ 3,200 /mo",EW9 Aljunied MRT Station,0.70 km
0,Sims Edge,Fully Furnished Condominium,581 sqft ,1 Geylang East Avenue 2, S$ 4.13 psf,2,1,"S$ 2,400 /mo",EW9 Aljunied MRT Station,0.56 km
1,Sims Edge,Fully Furnished Condominium,484 sqft ,1 Geylang East Avenue 2, Ready to move,2,1,"S$ 2,200 /mo",EW9 Aljunied MRT Station,0.56 km
2,Sims Urban Oasis,Partially Furnished Condominium,560 sqft ,10 Sims Drive, Ready to move,1,1,"S$ 2,200 /mo",EW9 Aljunied MRT Station,0.32 km
3,Sims Urban Oasis,Partially Furnished Condominium,560 sqft ,Sims Drive, Ready to move,1,1,"S$ 2,250 /mo",EW9 Aljunied MRT Station,0.32 km
4,Centra Loft,Fully Furnished Condominium,430 sqft ,3 Lorong 35 Geylang, Ready to move,1,1,"S$ 1,999 /mo",EW9 Aljunied MRT Station,0.67 km
5,Guillemard Edge,Fully Furnished Condominium,861 sqft ,38 Lorong 30 Geylang, Ready to move,1,1,"S$ 2,300 /mo",EW9 Aljunied MRT Station,0.60 km
6,Sims Edge,Fully Furnished Condominium,581 sqft ,1 Geylang East Avenue 2, Ready to move,2,1,"S$ 2,400 /mo",EW9 Aljunied MRT Station,0.56 km
7,Balmy Court,Fully Furnished Apartment,120 sqft ,6 Lorong 27A Geylang, Ready to move,Room,0,S$ 650 /mo,EW9 Aljunied MRT Station,0.34 km
8,D'Weave,Fully Furnished Condominium,549 sqft ,5 Lorong 39 Geylang, Ready to move,2,1,"S$ 2,399 /mo",EW9 Aljunied MRT Station,0.88 km
9,The Waterina,Fully Furnished Apartment,1356 sqft ,51 Lorong 40 Geylang, Available from 15 May,3,2,"S$ 3,600 /mo",EW9 Aljunied MRT Station,0.90 km
10,The Sunny Spring,Partially Furnished Apartment,1240 sqft ,50 Lorong 40 Geylang, Ready to move,3,2,"S$ 2,800 /mo",EW9 Aljunied MRT Station,0.85 km
11,Sims Urban Oasis,Condominium,484 sqft ,12 Sims Drive, Ready to move,Studio,0,"S$ 2,100 /mo",EW9 Aljunied MRT Station,0.32 km
12,Centra Loft,Fully Furnished Condominium,409 sqft ,3 Lorong 35 Geylang, Ready to move,1,1,"S$ 1,888 /mo",EW9 Aljunied MRT Station,0.67 km
13,Casa Aerata,Fully Furnished Apartment,431 sqft ,9 Lorong 26 Geylang, Ready to move,1,1,"S$ 1,900 /mo",EW9 Aljunied MRT Station,0.52 km
14,Loft 33 @ Geylang,Fully Furnished Apartment,1216 sqft ,33 Geylang Lorong 32, Ready to move,3,3,"S$ 3,600 /mo",EW9 Aljunied MRT Station,0.62 km
15,Sims Edge,Condominium,581 sqft ,1 Geylang East Avenue 2, Ready to move,2,2,"S$ 2,400 /mo",EW9 Aljunied MRT Station,0.56 km
16,The Waterina,Apartment,1346 sqft ,57 Lorong 40 Geylang, S$ 2.97 psf,3,3,"S$ 4,000 /mo",EW9 Aljunied MRT Station,0.90 km
17,The Waterina,Fully Furnished Apartment,667 sqft ,67 Lorong 40 Geylang, Ready to move,1,1,"S$ 2,600 /mo",EW9 Aljunied MRT Station,0.90 km
18,The Water Edge @ Geylang,Fully Furnished Condominium,850 sqft ,8 Lorong 38 Geylang, Available from 1 Jun,1,1,"S$ 2,600 /mo",EW9 Aljunied MRT Station,0.72 km
19,Sims Urban Oasis,Unfurnished Condominium,1442 sqft ,6 Sims Drive, Available from 1 May,4,3,"S$ 5,800 /mo",EW9 Aljunied MRT Station,0.32 km
0,Aston Mansions,Unfurnished Apartment,1302 sqft ,3 Lorong 42 Geylang, Ready to move,3,1,"S$ 2,300 /mo",EW9 Aljunied MRT Station,0.90 km
1,124 Geylang East Avenue 1,Fully Furnished HDB Apartment,190 sqft ,124 Geylang East Avenue 1, Ready to move,Room,0,S$ 500 /mo,EW9 Aljunied MRT Station,0.44 km
2,#1 Loft,Fully Furnished Apartment,560 sqft ,1 Lorong 24 Geylang, Ready to move,1,2,"S$ 1,900 /mo",EW9 Aljunied MRT Station,0.39 km
3,44 Sims Drive,Fully Furnished HDB Apartment,70 sqft ,44 Sims Drive, S$ 5.71 psf,Room,0,S$ 400 /mo,EW9 Aljunied MRT Station,0.65 km
4,Sims Urban Oasis,Partially Furnished Condominium,958 sqft ,8 Sims Drive, Ready to move,3,2,"S$ 3,998 /mo",EW9 Aljunied MRT Station,0.32 km
5,Aston Mansions,Fully Furnished Apartment,1100 sqft ,5 Lorong 42 Geylang, Ready to move,3,3,"S$ 3,400 /mo",EW9 Aljunied MRT Station,0.90 km
6,9 Pine Close,Fully Furnished HDB Apartment,150 sqft ,9 Pine Close, Ready to move,Room,0,S$ 700 /mo,EW9 Aljunied MRT Station,0.80 km
7,Sims Urban Oasis,Fully Furnished Condominium,758 sqft ,2 Sims Drive, Ready to move,2,1,"S$ 3,000 /mo",EW9 Aljunied MRT Station,0.32 km
8,Sims Edge,Condominium,581 sqft ,1 Geylang East Avenue 2, Available from 18 May,2,1,"S$ 2,400 /mo",EW9 Aljunied MRT Station,0.56 km
9,Sims Residences,Fully Furnished Apartment,1442 sqft ,8 Lorong 39 Geylang, Ready to move,4,2,"S$ 4,300 /mo",EW9 Aljunied MRT Station,0.90 km
10,Melosa,Fully Furnished Condominium,516 sqft ,28 Lorong 28 Geylang, Available from 27 May,2,1,"S$ 2,150 /mo",EW9 Aljunied MRT Station,0.52 km
11,Centra Loft,Fully Furnished Condominium,431 sqft ,3 Lorong 35 Geylang, Ready to move,1,1,"S$ 2,000 /mo",EW9 Aljunied MRT Station,0.67 km
12,Sims Urban Oasis,Partially Furnished Condominium,474 sqft ,2 Sims Drive, Ready to move,1,1,"S$ 2,288 /mo",EW9 Aljunied MRT Station,0.32 km
13,Sims Urban Oasis,Unfurnished Condominium,1033 sqft ,Sims Drive, Ready to move,3,2,"S$ 3,950 /mo",EW9 Aljunied MRT Station,0.32 km
14,Edenz Suites,Partially Furnished Apartment,420 sqft ,21 Lorong 28 Geylang, Ready to move,1,1,"S$ 1,750 /mo",EW9 Aljunied MRT Station,0.52 km
15,12 Pine Close,Fully Furnished HDB Apartment,200 sqft ,12 Pine Close, Ready to move,Room,0,S$ 700 /mo,EW9 Aljunied MRT Station,0.89 km
16,The Water Edge @ Geylang,Condominium,431 sqft ,8 Lorong 38 Geylang, Available from 20 Apr,1,1,"S$ 1,950 /mo",EW9 Aljunied MRT Station,0.72 km
17,120 Geylang East Central,Fully Furnished HDB Apartment,200 sqft ,120 Geylang East Central, Ready to move,Room,0,S$ 750 /mo,EW9 Aljunied MRT Station,0.26 km
18,Casa Aerata,Fully Furnished Apartment,431 sqft ,9 Lorong 26 Geylang, Ready to move,1,1,"S$ 1,900 /mo",EW9 Aljunied MRT Station,0.52 km
19,The Sunny Spring,Fully Furnished Apartment,1100 sqft ,50 Lorong 40 Geylang, Ready to move,3,3,"S$ 3,300 /mo",EW9 Aljunied MRT Station,0.85 km
0,#1 Suites (One Suites),Partially Furnished Condominium,150 sqft ,1 Lorong 20 Geylang, Available from 1 May,1,1,"S$ 1,200 /mo",EW9 Aljunied MRT Station,0.48 km
1,Sims Urban Oasis,Partially Furnished Condominium,667 sqft ,(within 0.32 km), S$ 3.75 psf,2,1,"S$ 2,500 /mo",EW9 Aljunied MRT Station,0.32 km
2,Sims Urban Oasis,Partially Furnished Condominium,624 sqft ,2 Sims Drive, Ready to move,2,1,"S$ 2,300 /mo",EW9 Aljunied MRT Station,0.32 km
3,Centra Loft,Fully Furnished Condominium,431 sqft ,3 Lorong 35 Geylang, Ready to move,Studio,0,"S$ 2,000 /mo",EW9 Aljunied MRT Station,0.67 km
4,Sims Urban Oasis,Partially Furnished Condominium,463 sqft ,12 Sims Drive, Ready to move,1,1,"S$ 2,000 /mo",EW9 Aljunied MRT Station,0.32 km
5,#1 Suites (One Suites),Partially Furnished Condominium,581 sqft ,1 Lorong 20 Geylang, Ready to move,2,2,"S$ 2,000 /mo",EW9 Aljunied MRT Station,0.48 km
6,Sims Urban Oasis,Partially Furnished Condominium,441 sqft ,2 Sims Drive, Ready to move,1,1,"S$ 2,500 /mo",EW9 Aljunied MRT Station,0.32 km
7,Above Shop House,Unfurnished Shophouse,1600 sqft ,Geylang Lorong 23, Ready to move,2,2,"S$ 3,000 /mo",EW9 Aljunied MRT Station,0.41 km
8,La Brisa,Condominium,431 sqft ,50 Lorong 28 Geylang, Ready to move,1,1,"S$ 1,800 /mo",EW9 Aljunied MRT Station,0.59 km
9,Treasures @ G19,Fully Furnished Condominium,409 sqft ,33 Lorong 19 Geylang, Ready to move,1,1,"S$ 1,800 /mo",EW9 Aljunied MRT Station,0.53 km
10,85 Circuit Road,Fully Furnished HDB Apartment,678 sqft ,85 Circuit Road, S$ 2.36 psf,2,1,"S$ 1,600 /mo",EW9 Aljunied MRT Station,0.77 km
11,Atrium Residences,Partially Furnished Apartment,1604 sqft ,1 Lorong 28 Geylang, Ready to move,2,2,"S$ 2,900 /mo",EW9 Aljunied MRT Station,0.53 km
12,The Waterina,Partially Furnished Apartment,1044 sqft ,51 Lorong 40 Geylang, Ready to move,2,2,"S$ 3,200 /mo",EW9 Aljunied MRT Station,0.90 km
13,Le Regal,Apartment,689 sqft ,340 Geylang Road, Ready to move,1,2,"S$ 1,900 /mo",EW9 Aljunied MRT Station,0.53 km
14,53 Sims Place,HDB Apartment,732 sqft ,53 Sims Place, Ready to move,2,2,"S$ 2,000 /mo",EW9 Aljunied MRT Station,0.35 km
15,The Water Edge @ Geylang,Fully Furnished Condominium,388 sqft ,8 Lorong 38 Geylang, Ready to move,1,1,"S$ 2,000 /mo",EW9 Aljunied MRT Station,0.72 km
16,Wing Fong Mansions,Partially Furnished Apartment,990 sqft ,12 Lorong 14 Geylang, Ready to move,3,2,"S$ 2,999 /mo",EW9 Aljunied MRT Station,0.78 km
17,#1 Loft,Partially Furnished Apartment,571 sqft ,1 Lorong 24 Geylang, Ready to move,1,2,"S$ 1,900 /mo",EW9 Aljunied MRT Station,0.39 km
18,Grandview Suites @ Geylang,Partially Furnished Condominium,915 sqft ,1 Geylang Lorong 22, Ready to move,1,2,"S$ 3,200 /mo",EW9 Aljunied MRT Station,0.41 km
19,Sims Urban Oasis,Partially Furnished Condominium,950 sqft ,Sims Drive, Ready to move,3,2,"S$ 4,000 /mo",EW9 Aljunied MRT Station,0.32 km
0,54 Cassia Crescent,Fully Furnished HDB Apartment,1000 sqft ,54 Cassia Crescent, Available from 20 May,3,2,"S$ 2,700 /mo",EW9 Aljunied MRT Station,0.74 km
1,Sims Urban Oasis,Partially Furnished Condominium,667 sqft ,10 Sims Drive, Available from 16 May,2,1,"S$ 2,600 /mo",EW9 Aljunied MRT Station,0.32 km
2,Sims Urban Oasis,Partially Furnished Condominium,658 sqft ,Sims Drive, Ready to move,2,1,"S$ 2,700 /mo",EW9 Aljunied MRT Station,0.32 km
3,Sims Urban Oasis,Partially Furnished Condominium,441 sqft ,2 Sims Drive, Ready to move,1,1,"S$ 2,200 /mo",EW9 Aljunied MRT Station,0.32 km
4,Melosa,Fully Furnished Condominium,506 sqft ,28 Lorong 28 Geylang, Available from 7 May,2,1,"S$ 1,850 /mo",EW9 Aljunied MRT Station,0.52 km
5,Sims Urban Oasis,Fully Furnished Condominium,1022 sqft ,Sims Drive, Ready to move,3,2,"S$ 3,800 /mo",EW9 Aljunied MRT Station,0.32 km
6,La Brisa,Partially Furnished Condominium,527 sqft ,50 Lorong 28 Geylang, Ready to move,2,1,"S$ 2,600 /mo",EW9 Aljunied MRT Station,0.59 km
7,Paya Lebar Residences,Fully Furnished Apartment,300 sqft ,27 Paya Lebar Road, Ready to move,Room,0,"S$ 1,200 /mo",EW9 Aljunied MRT Station,0.97 km
8,28 Imperial Residences,Partially Furnished Condominium,538 sqft ,28 Lorong 26 Geylang, Ready to move,2,2,"S$ 2,200 /mo",EW9 Aljunied MRT Station,0.56 km
9,Geylang Residential / Shop House,Shophouse,1700 sqft ,11 Lorong 15 Geylang, Ready to move,1,2,"S$ 3,500 /mo",EW9 Aljunied MRT Station,0.64 km
10,53 Pipit Road,Fully Furnished HDB Apartment,1593 sqft ,53 Pipit Road, Ready to move,3,3,"S$ 3,400 /mo",EW9 Aljunied MRT Station,0.93 km
11,Guillemard Suites,Fully Furnished Apartment,300 sqft ,213 Guillemard Road, Ready to move,Studio,0,"S$ 1,500 /mo",EW9 Aljunied MRT Station,0.65 km
12,Blossom Mansions,Partially Furnished Condominium,1033 sqft ,5 Lorong 37 Geylang, Ready to move,2,2,"S$ 3,000 /mo",EW9 Aljunied MRT Station,0.77 km
13,Treasures @ G6,Partially Furnished Apartment,450 sqft ,35 Lorong 6 Geylang, Ready to move,1,1,"S$ 1,900 /mo",EW9 Aljunied MRT Station,0.98 km
14,Grandlink Square,Fully Furnished Condominium,1389 sqft ,511 Guillemard Road, Ready to move,3,2,"S$ 3,400 /mo",EW9 Aljunied MRT Station,0.99 km
15,Shophouse,Fully Furnished Shophouse,150 sqft ,Lorong 23 Geylang, Ready to move,Room,0,S$ 850 /mo,EW9 Aljunied MRT Station,0.38 km
16,44 Sims Drive,Fully Furnished HDB Apartment,200 sqft ,44 Sims Drive, Ready to move,Room,0,S$ 950 /mo,EW9 Aljunied MRT Station,0.65 km
17,101 Aljunied Crescent,Fully Furnished HDB Apartment,100 sqft ,101 Aljunied Crescent, Ready to move,Room,0,S$ 700 /mo,EW9 Aljunied MRT Station,0.50 km
18,The Sunny Spring,Condominium,500 sqft ,50 Lorong 40 Geylang, Ready to move,Room,0,S$ 850 /mo,EW9 Aljunied MRT Station,0.85 km
19,Idyllic Suites,Fully Furnished Condominium,463 sqft ,21 Lorong 30 Geylang, Available from 11 Apr,1,1,"S$ 1,800 /mo",EW9 Aljunied MRT Station,0.58 km
0,IR23 - Live In A 1900s House Which Used To Be A Black And White!,Partially Furnished Conservation House,2270 sqft ,"Near By Geylang Rd, Sims Ave", Ready to move,3,3,"S$ 6,300 /mo",EW9 Aljunied MRT Station,0.44 km
1,Grandlink Square,Partially Furnished Apartment,1367 sqft ,511 Guillemard Road, Ready to move,3,2,"S$ 3,300 /mo",EW9 Aljunied MRT Station,0.99 km
2,The Sunny Spring,Fully Furnished Apartment,150 sqft ,50 Lorong 40 Geylang, S$ 5.67 psf,Room,0,S$ 850 /mo,EW9 Aljunied MRT Station,0.85 km
3,Casa Aerata,Fully Furnished Apartment,549 sqft ,9 Lorong 26 Geylang, Available from 1 May,2,1,"S$ 2,300 /mo",EW9 Aljunied MRT Station,0.52 km
4,Guillemard Edge,Condominium,409 sqft ,38 Lorong 30 Geylang, Ready to move,1,1,"S$ 1,800 /mo",EW9 Aljunied MRT Station,0.60 km
5,Guillemard Edge,Partially Furnished Condominium,441 sqft ,38 Lorong 30 Geylang, S$ 4.54 psf,1,1,"S$ 2,000 /mo",EW9 Aljunied MRT Station,0.60 km
6,Guillemard Edge,Partially Furnished Condominium,560 sqft ,38 Lorong 30 Geylang, S$ 4.20 psf,2,1,"S$ 2,350 /mo",EW9 Aljunied MRT Station,0.60 km
7,Guillemard Edge,Fully Furnished Condominium,517 sqft ,38 Lorong 30 Geylang, Ready to move,1,1,"S$ 2,250 /mo",EW9 Aljunied MRT Station,0.60 km
8,Chen Fang Mansions,Fully Furnished Apartment,936 sqft ,26 Lorong 33 Geylang, Ready to move,2,2,"S$ 2,700 /mo",EW9 Aljunied MRT Station,0.57 km
9,Paya Lebar Residences,Partially Furnished Apartment,1292 sqft ,27 Paya Lebar Road, Ready to move,3,2,"S$ 3,700 /mo",EW9 Aljunied MRT Station,0.97 km
10,Sims Urban Oasis,Partially Furnished Condominium,250 sqft ,Sims Drive, Ready to move,Studio,0,"S$ 1,800 /mo",EW9 Aljunied MRT Station,0.32 km
11,24 Lorong 36 Geylang,Apartment,880 sqft ,(within 0.71 km), Available from 1 May,2,2,"S$ 2,500 /mo",EW9 Aljunied MRT Station,0.71 km
12,Prime Residence,Partially Furnished Condominium,400 sqft ,41 Lorong 22 Geylang, Ready to move,1,1,"S$ 1,800 /mo",EW9 Aljunied MRT Station,0.59 km
13,The Waterina,Partially Furnished Apartment,1356 sqft ,67 Lorong 40 Geylang, Available from 1 May,3,2,"S$ 3,600 /mo",EW9 Aljunied MRT Station,0.90 km
14,Guillemard Suites,Fully Furnished Apartment,200 sqft ,213 Guillemard Road, Ready to move,1,1,"S$ 1,400 /mo",EW9 Aljunied MRT Station,0.65 km
15,Cosmo,Fully Furnished Apartment,670 sqft ,18 Guillemard Crescent, Ready to move,2,2,"S$ 2,700 /mo",EW9 Aljunied MRT Station,0.82 km
16,Rezi 3Two,Partially Furnished Apartment,495 sqft ,48 Lorong 32 Geylang, Ready to move,2,1,"S$ 2,000 /mo",EW9 Aljunied MRT Station,0.64 km
17,Simsville,Partially Furnished Condominium,1249 sqft ,2 Geylang East Avenue 2, Ready to move,3,3,"S$ 3,700 /mo",EW9 Aljunied MRT Station,0.76 km
18,Guilin Court,Partially Furnished Apartment,1173 sqft ,10 Geylang Lorong 26, Ready to move,3,3,"S$ 3,000 /mo",EW9 Aljunied MRT Station,0.51 km
19,Rezi 26,Partially Furnished Condominium,452 sqft ,5 Lorong 26 Geylang, Available from 1 May,1,1,"S$ 1,849 /mo",EW9 Aljunied MRT Station,0.46 km
0,Smart Suites,Fully Furnished Condominium,452 sqft ,302 Sims Avenue, Ready to move,1,1,"S$ 2,100 /mo",EW9 Aljunied MRT Station,0.18 km
1,Centra Loft,Fully Furnished Condominium,431 sqft ,3 Lorong 35 Geylang, Ready to move,1,1,"S$ 2,000 /mo",EW9 Aljunied MRT Station,0.67 km
2,1 Pine Close,Partially Furnished HDB Apartment,947 sqft ,1 Pine Close, S$ 2.64 psf,3,2,"S$ 2,500 /mo",EW9 Aljunied MRT Station,0.94 km
3,Grandlink Square,Fully Furnished Apartment,90 sqft ,511 Guillemard Road, Ready to move,Room,0,"S$ 1,100 /mo",EW9 Aljunied MRT Station,0.99 km
4,Grandlink Square,Fully Furnished Apartment,60 sqft ,511 Guillemard Road, Ready to move,1,0,S$ 650 /mo,EW9 Aljunied MRT Station,0.99 km
5,Sims Urban Oasis,Partially Furnished Condominium,700 sqft ,6 Sims Drive, Ready to move,2,1,"S$ 2,600 /mo",EW9 Aljunied MRT Station,0.32 km
6,125 Aljunied Road,Fully Furnished HDB Apartment,1302 sqft ,125 Aljunied Road, Ready to move,3,2,"S$ 2,999 /mo",EW9 Aljunied MRT Station,0.78 km
7,132 Geylang East Avenue 1,Fully Furnished HDB Apartment,140 sqft ,132 Geylang East Avenue 1, S$ 5.71 psf,Room,0,S$ 800 /mo,EW9 Aljunied MRT Station,0.32 km
8,132 Geylang East Avenue 1,Fully Furnished HDB Apartment,220 sqft ,132 Geylang East Avenue 1, S$ 4.55 psf,Room,0,"S$ 1,000 /mo",EW9 Aljunied MRT Station,0.32 km
9,Casa Aerata,Fully Furnished Apartment,549 sqft ,9 Lorong 26 Geylang, Ready to move,2,1,"S$ 2,400 /mo",EW9 Aljunied MRT Station,0.52 km
10,Rezi 3Two,Fully Furnished Apartment,969 sqft ,48 Lorong 32 Geylang, Ready to move,3,3,"S$ 3,600 /mo",EW9 Aljunied MRT Station,0.64 km
11,Sims Residences,Fully Furnished Apartment,1432 sqft ,8 Lorong 39 Geylang, Ready to move,4,2,"S$ 3,800 /mo",EW9 Aljunied MRT Station,0.90 km
12,Sims Green,Partially Furnished Apartment,1284 sqft ,7 Lorong 27A Geylang, Ready to move,3,2,"S$ 3,550 /mo",EW9 Aljunied MRT Station,0.28 km
13,The Alcove,Fully Furnished Condominium,200 sqft ,10 Lorong 27 Geylang Singapore, Ready to move,Room,0,"S$ 1,500 /mo",EW9 Aljunied MRT Station,0.24 km
14,Rezi 26,Fully Furnished Condominium,441 sqft ,5 Lorong 26 Geylang, Ready to move,1,1,"S$ 1,900 /mo",EW9 Aljunied MRT Station,0.46 km
15,Rezi 26,Fully Furnished Condominium,441 sqft ,5 Lorong 26 Geylang, S$ 4.31 psf,1,1,"S$ 1,900 /mo",EW9 Aljunied MRT Station,0.46 km
16,Guillemard Suites,Apartment,560 sqft ,213 Guillemard Road, Ready to move,1,2,"S$ 2,200 /mo",EW9 Aljunied MRT Station,0.65 km
17,1 Pine Close,Fully Furnished HDB Apartment,1183 sqft ,1 Pine Close, Ready to move,3,2,"S$ 3,000 /mo",EW9 Aljunied MRT Station,0.94 km
18,La Brisa,Fully Furnished Condominium,560 sqft ,50 Lorong 28 Geylang, Available from 15 Jun,2,1,"S$ 2,288 /mo",EW9 Aljunied MRT Station,0.59 km
19,1 Pine Close,Fully Furnished HDB Apartment,1183 sqft ,1 Pine Close, Ready to move,3,2,"S$ 3,000 /mo",EW9 Aljunied MRT Station,0.94 km
0,The Water Edge @ Geylang,Fully Furnished Condominium,872 sqft ,8 Lorong 38 Geylang, Ready to move,1,1,"S$ 2,150 /mo",EW9 Aljunied MRT Station,0.72 km
1,Simsville,Fully Furnished Condominium,250 sqft ,2 Geylang East Avenue 2, Ready to move,Room,0,"S$ 1,500 /mo",EW9 Aljunied MRT Station,0.76 km
2,Aston Mansions,Apartment,1302 sqft ,3 Lorong 42 Geylang, Ready to move,3,2,"S$ 3,200 /mo",EW9 Aljunied MRT Station,0.90 km
3,Treasures @ G19,Fully Furnished Condominium,388 sqft ,33 Lorong 19 Geylang, Ready to move,1,1,"S$ 1,850 /mo",EW9 Aljunied MRT Station,0.53 km
4,D'Weave,Fully Furnished Condominium,549 sqft ,5 Lorong 39 Geylang, S$ 4.37 psf,2,1,"S$ 2,399 /mo",EW9 Aljunied MRT Station,0.88 km
5,Sims Residences,Fully Furnished Apartment,1442 sqft ,8 Lorong 39 Geylang, Ready to move,4,2,"S$ 4,300 /mo",EW9 Aljunied MRT Station,0.90 km
6,Centra Loft,Fully Furnished Condominium,431 sqft ,3 Lorong 35 Geylang, Ready to move,1,1,"S$ 2,000 /mo",EW9 Aljunied MRT Station,0.67 km
7,The Sunny Spring,Apartment,150 sqft ,50 Lorong 40 Geylang, Ready to move,Room,0,S$ 750 /mo,EW9 Aljunied MRT Station,0.85 km
8,Sims Urban Oasis,Condominium,441 sqft ,Sims Drive, Ready to move,1,1,"S$ 2,000 /mo",EW9 Aljunied MRT Station,0.32 km
9,Sims Residences,Fully Furnished Apartment,150 sqft ,8 Lorong 39 Geylang, Ready to move,Room,0,S$ 950 /mo,EW9 Aljunied MRT Station,0.90 km
10,The Waterina,Fully Furnished Apartment,1356 sqft ,51 Lorong 40 Geylang, Available from 1 May,3,2,"S$ 3,600 /mo",EW9 Aljunied MRT Station,0.90 km
11,122 Geylang East Central,Fully Furnished HDB Apartment,1100 sqft ,122 Geylang East Central, Ready to move,3,2,"S$ 2,988 /mo",EW9 Aljunied MRT Station,0.25 km
12,95 Aljunied Crescent,Fully Furnished HDB Apartment,700 sqft ,95 Aljunied Crescent, Ready to move,2,2,"S$ 2,000 /mo",EW9 Aljunied MRT Station,0.66 km
13,The Octet,Fully Furnished Apartment,505 sqft ,19 Lorong 24 Geylang, Ready to move,1,1,"S$ 1,800 /mo",EW9 Aljunied MRT Station,0.49 km
14,Aston Mansions,Condominium,1200 sqft ,3 Lorong 42 Geylang, Ready to move,3,2,"S$ 3,500 /mo",EW9 Aljunied MRT Station,0.90 km
15,Treasures @ G19,Fully Furnished Condominium,388 sqft ,35 Lorong 19 Geylang, Ready to move,1,1,"S$ 1,850 /mo",EW9 Aljunied MRT Station,0.53 km
16,32 Cassia Crescent,Fully Furnished HDB Apartment,200 sqft ,32 Cassia Crescent, Available from 1 May,Room,0,"S$ 1,000 /mo",EW9 Aljunied MRT Station,0.79 km
17,Suites 28,Partially Furnished Apartment,450 sqft ,28 Lorong 30 Geylang, Ready to move,1,1,"S$ 1,800 /mo",EW9 Aljunied MRT Station,0.55 km
18,Cassia Edge,Fully Furnished Apartment,700 sqft ,343 Guillemard Road, Ready to move,1,1,"S$ 2,200 /mo",EW9 Aljunied MRT Station,0.62 km
19,#1 Suites (One Suites),Fully Furnished Condominium,115 sqft ,1 Lorong 20 Geylang, Ready to move,Room,0,"S$ 1,250 /mo",EW9 Aljunied MRT Station,0.48 km
0,#1 Suites (One Suites),Fully Furnished Condominium,123 sqft ,1 Lorong 20 Geylang, Ready to move,Room,0,"S$ 1,350 /mo",EW9 Aljunied MRT Station,0.48 km
1,Sims Urban Oasis,Fully Furnished Condominium,484 sqft ,12 Sims Drive, Ready to move,1,1,"S$ 2,100 /mo",EW9 Aljunied MRT Station,0.32 km
2,Sims Urban Oasis,Partially Furnished Condominium,710 sqft ,Sims Drive, Ready to move,2,1,"S$ 2,600 /mo",EW9 Aljunied MRT Station,0.32 km
3,Centra Residence,Partially Furnished Condominium,1100 sqft ,8 Lorong 7 Geylang, Ready to move,2,2,"S$ 2,700 /mo",EW9 Aljunied MRT Station,0.88 km
4,47 Jalan Tiga,Fully Furnished HDB Apartment,150 sqft ,47 Jalan Tiga, Ready to move,Room,0,S$ 888 /mo,EW9 Aljunied MRT Station,0.88 km
5,Sims Urban Oasis,Fully Furnished Condominium,463 sqft ,12 Sims Drive, Ready to move,1,1,"S$ 2,200 /mo",EW9 Aljunied MRT Station,0.32 km
6,Sims Urban Oasis,Partially Furnished Condominium,409 sqft ,10 Sims Drive, Ready to move,1,1,"S$ 1,900 /mo",EW9 Aljunied MRT Station,0.32 km
7,Sims Urban Oasis,Partially Furnished Condominium,624 sqft ,Sims Drive, Ready to move,2,1,"S$ 2,600 /mo",EW9 Aljunied MRT Station,0.32 km
8,Sims Urban Oasis,Partially Furnished Condominium,485 sqft ,Sims Drive, Ready to move,1,1,"S$ 2,150 /mo",EW9 Aljunied MRT Station,0.32 km
9,Sunflower Lodge,Fully Furnished Condominium,220 sqft ,9 Lorong 34 Geylang, Ready to move,Room,0,S$ 850 /mo,EW9 Aljunied MRT Station,0.64 km
10,Geylang Majestic Old House W/ Parking 3 Bed Plus 1,Partially Furnished Semi-Detached House,2270 sqft ,"Near By Geylang Rd, Sims Ave", Ready to move,3,3,"S$ 6,302 /mo",EW9 Aljunied MRT Station,0.43 km
11,IR23 - Half A Black And White! 3 +1 In Geylang Plus Parking!,Partially Furnished Conservation House,2270 sqft ,"Near By Geylang Rd, Sims Ave", Ready to move,3,3,"S$ 6,300 /mo",EW9 Aljunied MRT Station,0.43 km
12,Le Regal,Fully Furnished Apartment,689 sqft ,340 Geylang Road, Ready to move,1,1,"S$ 2,400 /mo",EW9 Aljunied MRT Station,0.53 km
13,32 Cassia Crescent,Fully Furnished HDB Apartment,721 sqft ,32 Cassia Crescent, Ready to move,2,2,"S$ 2,200 /mo",EW9 Aljunied MRT Station,0.79 km
14,97 Aljunied Crescent,Fully Furnished HDB Apartment,100 sqft ,97 Aljunied Crescent, Ready to move,Room,0,S$ 650 /mo,EW9 Aljunied MRT Station,0.61 km
15,La Brisa,Fully Furnished Condominium,452 sqft ,50 Lorong 28 Geylang, Ready to move,1,1,"S$ 1,800 /mo",EW9 Aljunied MRT Station,0.59 km
16,Casa Aerata,Partially Furnished Apartment,549 sqft ,9 Lorong 26 Geylang, Available from 31 May,2,1,"S$ 2,200 /mo",EW9 Aljunied MRT Station,0.52 km
17,Sims Urban Oasis,Fully Furnished Condominium,463 sqft ,Sims Drive, Ready to move,1,1,"S$ 2,500 /mo",EW9 Aljunied MRT Station,0.32 km
18,47 Jalan Tiga,Fully Furnished HDB Apartment,969 sqft ,47 Jalan Tiga, S$ 0.72 psf,Room,0,S$ 700 /mo,EW9 Aljunied MRT Station,0.88 km
19,Centra Residence,Fully Furnished Condominium,592 sqft ,8 Lorong 7 Geylang, Ready to move,2,1,"S$ 2,000 /mo",EW9 Aljunied MRT Station,0.88 km
0,Centra Residence,Fully Furnished Condominium,592 sqft ,8 Lorong 7 Geylang, Ready to move,2,1,"S$ 2,000 /mo",EW9 Aljunied MRT Station,0.88 km
1,Suites 28,Fully Furnished Apartment,460 sqft ,28 Lorong 30 Geylang, S$ 4.13 psf,1,1,"S$ 1,900 /mo",EW9 Aljunied MRT Station,0.55 km
2,The Sunny Spring,Fully Furnished Apartment,90 sqft ,50 Lorong 40 Geylang, Ready to move,Room,0,S$ 800 /mo,EW9 Aljunied MRT Station,0.85 km
3,Geylang Road Lorong 44,Fully Furnished Conservation House,100 sqft ,44 Geylang Road, Ready to move,Room,0,"S$ 1,450 /mo",EW9 Aljunied MRT Station,0.98 km
4,Rezi 26,Partially Furnished Condominium,840 sqft ,5 Lorong 26 Geylang, Ready to move,2,2,"S$ 2,700 /mo",EW9 Aljunied MRT Station,0.46 km
5,The Sunny Spring,Fully Furnished Apartment,1238 sqft ,50 Lorong 40 Geylang, Available from 15 Apr,3,2,"S$ 3,300 /mo",EW9 Aljunied MRT Station,0.85 km
6,Sims Urban Oasis,Fully Furnished Condominium,463 sqft ,(within 0.32 km), Ready to move,1,1,"S$ 2,200 /mo",EW9 Aljunied MRT Station,0.32 km
7,Sims Urban Oasis,Partially Furnished Condominium,484 sqft ,(within 0.32 km), Ready to move,1,1,"S$ 2,000 /mo",EW9 Aljunied MRT Station,0.32 km
8,95 Aljunied Crescent,Fully Furnished HDB Apartment,700 sqft ,95 Aljunied Crescent, Ready to move,2,2,"S$ 1,850 /mo",EW9 Aljunied MRT Station,0.66 km
9,#1 Loft,Fully Furnished Apartment,100 sqft ,1 Lorong 24 Geylang, Available from 29 May,Room,0,"S$ 1,100 /mo",EW9 Aljunied MRT Station,0.39 km
10,53 Pipit Road,Fully Furnished HDB Apartment,107 sqft ,53 Pipit Road, S$ 7.48 psf,Room,0,S$ 800 /mo,EW9 Aljunied MRT Station,0.93 km
11,Guillemard Edge,Fully Furnished Condominium,560 sqft ,38 Lorong 30 Geylang, Ready to move,2,1,"S$ 2,300 /mo",EW9 Aljunied MRT Station,0.60 km
12,41 Sims Drive,Partially Furnished HDB Apartment,700 sqft ,41 Sims Drive, Ready to move,2,1,"S$ 1,800 /mo",EW9 Aljunied MRT Station,0.81 km
13,Simsville,Fully Furnished Condominium,100 sqft ,6 Geylang East Avenue 2, Ready to move,Room,0,"S$ 1,200 /mo",EW9 Aljunied MRT Station,0.76 km
14,The Water Edge @ Geylang,Fully Furnished Condominium,538 sqft ,8 Lorong 38 Geylang, Ready to move,2,1,"S$ 2,250 /mo",EW9 Aljunied MRT Station,0.72 km
15,122 Paya Lebar Way,Fully Furnished HDB Apartment,200 sqft ,122 Paya Lebar Way, S$ 3.00 psf,Room,0,S$ 600 /mo,EW9 Aljunied MRT Station,0.68 km
16,La Brisa,Condominium,526 sqft ,50 Lorong 28 Geylang, S$ 4.18 psf,2,2,"S$ 2,200 /mo",EW9 Aljunied MRT Station,0.59 km
17,La Brisa,Condominium,527 sqft ,50 Lorong 28 Geylang, Ready to move,2,1,"S$ 2,300 /mo",EW9 Aljunied MRT Station,0.59 km
18,Cassia Edge,Fully Furnished Apartment,506 sqft ,343 Guillemard Road, Ready to move,Room,0,"S$ 1,600 /mo",EW9 Aljunied MRT Station,0.62 km
19,Regal 35,Fully Furnished Apartment,1120 sqft ,15 Lorong 35 Geylang, Ready to move,3,2,"S$ 3,200 /mo",EW9 Aljunied MRT Station,0.61 km
0,Guillemard Edge,Fully Furnished Condominium,560 sqft ,38 Lorong 30 Geylang, Ready to move,2,1,"S$ 2,400 /mo",EW9 Aljunied MRT Station,0.60 km
1,Guillemard Edge,Partially Furnished Condominium,1087 sqft ,38 Lorong 30 Geylang, Ready to move,2,1,"S$ 2,800 /mo",EW9 Aljunied MRT Station,0.60 km
2,Guillemard Edge,Fully Furnished Condominium,560 sqft ,38 Lorong 30 Geylang, Ready to move,2,1,"S$ 2,300 /mo",EW9 Aljunied MRT Station,0.60 km
3,Royce Residences,Fully Furnished Condominium,463 sqft ,8 Lorong 6 Geylang, Available from 30 Apr,1,1,"S$ 1,700 /mo",EW9 Aljunied MRT Station,0.83 km
4,Treasures @ G19,Fully Furnished Condominium,388 sqft ,33 Lorong 19 Geylang, Ready to move,1,1,"S$ 2,000 /mo",EW9 Aljunied MRT Station,0.51 km
5,Sims Edge,Fully Furnished Condominium,600 sqft ,1 Geylang East Avenue 2, Available from 18 May,2,1,"S$ 2,400 /mo",EW9 Aljunied MRT Station,0.56 km
6,Casa Aerata,Apartment,500 sqft ,9 Lorong 26 Geylang, Available from 1 Jun,2,1,"S$ 2,000 /mo",EW9 Aljunied MRT Station,0.52 km
7,The Sanctuary @ Geylang,Apartment,650 sqft ,1 Geylang Lorong 30, Ready to move,1,1,"S$ 2,800 /mo",EW9 Aljunied MRT Station,0.51 km
8,The Sunny Spring,Partially Furnished Apartment,1120 sqft ,50 Lorong 40 Geylang, Ready to move,3,2,"S$ 3,000 /mo",EW9 Aljunied MRT Station,0.85 km
9,Aston Mansions,Fully Furnished Apartment,1227 sqft ,3 Lorong 42 Geylang, Ready to move,2,2,"S$ 3,600 /mo",EW9 Aljunied MRT Station,0.90 km
10,Sims Urban Oasis,Fully Furnished Condominium,463 sqft ,18 Sims Drive, Ready to move,1,1,"S$ 2,200 /mo",EW9 Aljunied MRT Station,0.32 km
11,Sims Urban Oasis,Partially Furnished Condominium,624 sqft ,2 Sims Drive, Ready to move,2,1,"S$ 2,600 /mo",EW9 Aljunied MRT Station,0.32 km
12,The Water Edge @ Geylang,Fully Furnished Condominium,517 sqft ,8 Lorong 38 Geylang, Ready to move,1,1,"S$ 2,300 /mo",EW9 Aljunied MRT Station,0.72 km
13,Idyllic Suites,Unfurnished Condominium,431 sqft ,21 Lorong 30 Geylang, S$ 4.18 psf,Studio,0,"S$ 1,800 /mo",EW9 Aljunied MRT Station,0.58 km
14,Sims Meadows,Fully Furnished Condominium,1099 sqft ,8 Lorong 33 Geylang, Available from 15 May,3,2,"S$ 3,000 /mo",EW9 Aljunied MRT Station,0.60 km
15,Sims Urban Oasis,Partially Furnished Condominium,625 sqft ,2 Sims Drive, Ready to move,2,1,"S$ 2,600 /mo",EW9 Aljunied MRT Station,0.32 km
16,119 Aljunied Avenue 2,HDB Apartment,710 sqft ,119 Aljunied Avenue 2, Ready to move,2,2,"S$ 1,500 /mo",EW9 Aljunied MRT Station,0.52 km
17,Centra Loft,Fully Furnished Condominium,431 sqft ,3 Lorong 35 Geylang, Ready to move,1,1,"S$ 2,000 /mo",EW9 Aljunied MRT Station,0.67 km
18,D'Weave,Fully Furnished Condominium,506 sqft ,5 Lorong 39 Geylang, Ready to move,2,1,"S$ 2,500 /mo",EW9 Aljunied MRT Station,0.88 km
19,Grandlink Square,Partially Furnished Apartment,1367 sqft ,511 Guillemard Road, Ready to move,3,2,"S$ 3,200 /mo",EW9 Aljunied MRT Station,0.99 km
0,Melosa,Partially Furnished Condominium,506 sqft ,28 Lorong 28 Geylang, Ready to move,2,1,"S$ 1,899 /mo",EW9 Aljunied MRT Station,0.52 km
1,Central Grove,Fully Furnished Condominium,1227 sqft ,1 Geylang East Avenue 1, Ready to move,3,3,"S$ 3,400 /mo",EW9 Aljunied MRT Station,0.18 km
2,Guillemard Edge,Fully Furnished Condominium,538 sqft ,38 Lorong 30 Geylang, Ready to move,2,1,"S$ 2,300 /mo",EW9 Aljunied MRT Station,0.60 km
3,Sims Urban Oasis,Partially Furnished Condominium,624 sqft ,2 Sims Drive, Ready to move,2,1,"S$ 2,450 /mo",EW9 Aljunied MRT Station,0.32 km
4,Sims Urban Oasis,Partially Furnished Condominium,624 sqft ,10 Sims Drive, Ready to move,2,1,"S$ 2,400 /mo",EW9 Aljunied MRT Station,0.32 km
5,Sims Urban Oasis,Fully Furnished Condominium,409 sqft ,Sims Drive, Ready to move,1,1,"S$ 2,100 /mo",EW9 Aljunied MRT Station,0.32 km
6,Treasures @ G20,Partially Furnished Apartment,420 sqft ,Geylang Lorong 20, Ready to move,1,1,"S$ 1,700 /mo",EW9 Aljunied MRT Station,0.61 km
7,Fully Furnished 1Bedrm Studio @ Paya Lebar- 3 Mins To MRT!,Fully Furnished Apartment,286 sqft ,(within 0.92 km), Ready to move,Studio,0,"S$ 2,500 /mo",EW9 Aljunied MRT Station,0.92 km
8,Fully Furnished 2Bedrm Apt- 3mins To Paya Lebar MRT!,Apartment,1055 sqft ,(within 0.90 km), Ready to move,2,2,"S$ 4,400 /mo",EW9 Aljunied MRT Station,0.90 km
9,Fully Furnished 2Bedrm Apt @ Paya Lebar- 3mins To MRT!,Fully Furnished Apartment,806 sqft ,(within 0.90 km), Ready to move,2,2,"S$ 3,685 /mo",EW9 Aljunied MRT Station,0.90 km
10,Fully Furnished 1 Bedrm @ Paya Lebar- 3 Mins To MRT!,Fully Furnished Apartment,560 sqft ,(within 0.90 km), Ready to move,1,1,"S$ 3,000 /mo",EW9 Aljunied MRT Station,0.90 km
11,Aston Mansions,Unfurnished Apartment,1302 sqft ,3 Lorong 42 Geylang, Ready to move,3,3,"S$ 3,200 /mo",EW9 Aljunied MRT Station,0.90 km
12,Wing Fong Mansions,Partially Furnished Apartment,1226 sqft ,12 Lorong 14 Geylang, Ready to move,4,2,"S$ 2,800 /mo",EW9 Aljunied MRT Station,0.78 km
13,Delight Court,Fully Furnished Condominium,200 sqft ,16 Lorong 33 Geylang, Ready to move,Room,0,S$ 850 /mo,EW9 Aljunied MRT Station,0.59 km
14,43 Sims Drive,Fully Furnished HDB Apartment,947 sqft ,43 Sims Drive, S$ 2.43 psf,3,2,"S$ 2,300 /mo",EW9 Aljunied MRT Station,0.72 km
15,Grandlink Square,Partially Furnished Apartment,1152 sqft ,511 Guillemard Road, Ready to move,3,2,"S$ 3,300 /mo",EW9 Aljunied MRT Station,0.99 km
16,Grandview Suites @ Geylang,Condominium,700 sqft ,1 Geylang Lorong 22, Ready to move,2,1,"S$ 2,450 /mo",EW9 Aljunied MRT Station,0.41 km
17,Rezi 26,Partially Furnished Condominium,409 sqft ,5B Lorong 26 Geylang, Ready to move,1,1,"S$ 1,900 /mo",EW9 Aljunied MRT Station,0.46 km
18,Suites @ Sims,Fully Furnished Condominium,378 sqft ,468 Sims Ave, Available from 1 Jul,1,1,"S$ 2,000 /mo",EW9 Aljunied MRT Station,0.48 km
19,Idyllic Suites,Fully Furnished Condominium,441 sqft ,21 Lorong 30 Geylang, Ready to move,1,1,"S$ 2,000 /mo",EW9 Aljunied MRT Station,0.58 km
0,Wing Fong Mansions,Fully Furnished Apartment,1141 sqft ,12 Lorong 14 Geylang, Ready to move,3,2,"S$ 2,500 /mo",EW9 Aljunied MRT Station,0.78 km
1,PARKING WITH BLACK N WHITE SPACE! 3+1 COLONIAL WINNER/GDN,Partially Furnished Shophouse,2270 sqft ,"Near By Geylang Rd, Sims Ave", Ready to move,3,3,"S$ 6,301 /mo",EW9 Aljunied MRT Station,0.42 km
2,Sims Edge,Fully Furnished Condominium,581 sqft ,1 Geylang East Avenue 2, Available from 15 May,2,1,"S$ 2,300 /mo",EW9 Aljunied MRT Station,0.56 km
3,Sims Residences,Fully Furnished Apartment,1442 sqft ,8 Lorong 39 Geylang, Ready to move,4,3,"S$ 4,300 /mo",EW9 Aljunied MRT Station,0.90 km
4,Centra Loft,Fully Furnished Condominium,431 sqft ,3 Lorong 35 Geylang, Ready to move,1,1,"S$ 2,000 /mo",EW9 Aljunied MRT Station,0.67 km
5,La Brisa,Fully Furnished Condominium,603 sqft ,50 Lorong 28 Geylang, Available from 1 May,3,2,"S$ 2,500 /mo",EW9 Aljunied MRT Station,0.59 km
6,Casa Aerata,Partially Furnished Apartment,549 sqft ,9 Lorong 26 Geylang, Available from 10 May,2,1,"S$ 2,200 /mo",EW9 Aljunied MRT Station,0.52 km
7,The Waterina,Fully Furnished Apartment,120 sqft ,51 Lorong 40 Geylang, Ready to move,Room,0,"S$ 1,500 /mo",EW9 Aljunied MRT Station,0.90 km
8,Le Regal,Fully Furnished Condominium,366 sqft ,340 Geylang Road, Ready to move,1,1,"S$ 1,888 /mo",EW9 Aljunied MRT Station,0.53 km
9,Guillemard Edge,Fully Furnished Condominium,409 sqft ,38 Lorong 30 Geylang, Ready to move,1,1,"S$ 2,000 /mo",EW9 Aljunied MRT Station,0.60 km
10,Grandlink Square,Fully Furnished Condominium,1109 sqft ,511 Guillemard Road, Available from 31 May,3,2,"S$ 3,200 /mo",EW9 Aljunied MRT Station,0.99 km
11,The Sunny Spring,Fully Furnished Apartment,1184 sqft ,50 Lorong 40 Geylang, Ready to move,3,3,"S$ 3,188 /mo",EW9 Aljunied MRT Station,0.85 km
12,The Waterina,Fully Furnished Apartment,1131 sqft ,69 Lorong 40 Geylang, Available from 6 Jul,2,2,"S$ 3,400 /mo",EW9 Aljunied MRT Station,0.90 km
13,Prime Residence,Fully Furnished Condominium,538 sqft ,41 Lorong 22 Geylang, Ready to move,1,1,"S$ 2,000 /mo",EW9 Aljunied MRT Station,0.59 km
14,Treasures @ G20,Partially Furnished Condominium,420 sqft ,35 Lorong 20 Geylang, Ready to move,1,1,"S$ 1,800 /mo",EW9 Aljunied MRT Station,0.60 km
15,Treasures @ G6,Partially Furnished Apartment,420 sqft ,35 Lorong 6 Geylang, Ready to move,1,1,"S$ 1,800 /mo",EW9 Aljunied MRT Station,0.98 km
16,Guillemard Edge,Partially Furnished Condominium,409 sqft ,38 Lorong 30 Geylang, Ready to move,1,1,"S$ 1,800 /mo",EW9 Aljunied MRT Station,0.60 km
17,Guillemard Edge,Partially Furnished Condominium,441 sqft ,38 Lorong 30 Geylang, S$ 4.42 psf,1,1,"S$ 1,950 /mo",EW9 Aljunied MRT Station,0.60 km
18,Guillemard Edge,Partially Furnished Condominium,409 sqft ,(within 0.60 km), Ready to move,1,1,"S$ 1,900 /mo",EW9 Aljunied MRT Station,0.60 km
19,24 Lorong 36 Geylang,Apartment,250 sqft ,(within 0.71 km), Ready to move,1,1,"S$ 1,400 /mo",EW9 Aljunied MRT Station,0.71 km
0,Le Regal,Apartment,850 sqft ,340 Geylang Road, Ready to move,2,2,"S$ 2,400 /mo",EW9 Aljunied MRT Station,0.53 km
1,Sims Residences,Fully Furnished Apartment,100 sqft ,8 Lorong 39 Geylang, Ready to move,1,2,S$ 950 /mo,EW9 Aljunied MRT Station,0.90 km
2,The Sunny Spring,Unfurnished Apartment,1238 sqft ,50 Lorong 40 Geylang, Ready to move,3,2,"S$ 2,800 /mo",EW9 Aljunied MRT Station,0.85 km
3,45 Jalan Tiga,Fully Furnished HDB Apartment,1000 sqft ,45 Jalan Tiga, Ready to move,3,2,"S$ 2,680 /mo",EW9 Aljunied MRT Station,0.90 km
4,Palm Lodge,Fully Furnished Condominium,300 sqft ,4 Geylang Lor 37, Ready to move,1,1,"S$ 1,200 /mo",EW9 Aljunied MRT Station,0.80 km
5,Cassia Edge,Fully Furnished Apartment,250 sqft ,343 Guillemard Road, S$ 6.60 psf,Room,0,"S$ 1,650 /mo",EW9 Aljunied MRT Station,0.62 km
6,433,Partially Furnished Shophouse,"1200 sqft, 2000 sqft (land) ",Lorong 23, Ready to move,3,1,"S$ 2,600 /mo",EW9 Aljunied MRT Station,0.25 km
7,Le Regal,Fully Furnished Apartment,689 sqft ,340 Geylang Road, Ready to move,1,2,"S$ 2,400 /mo",EW9 Aljunied MRT Station,0.53 km
8,Sims Urban Oasis,Condominium,624 sqft ,Sims Drive, Ready to move,2,1,"S$ 2,700 /mo",EW9 Aljunied MRT Station,0.32 km
9,Centra Loft,Fully Furnished Condominium,506 sqft ,3 Lorong 35 Geylang, Ready to move,1,1,"S$ 2,000 /mo",EW9 Aljunied MRT Station,0.67 km
10,93 Jalan Dua,Fully Furnished HDB Apartment,636 sqft ,93 Jalan Dua, Available from 1 Jun,2,1,"S$ 2,200 /mo",EW9 Aljunied MRT Station,0.99 km
11,Suites 28,Fully Furnished Apartment,430 sqft ,28 Lorong 30 Geylang, S$ 4.62 psf,1,1,"S$ 1,988 /mo",EW9 Aljunied MRT Station,0.55 km
12,The Alcove,Fully Furnished Condominium,90 sqft ,10 Lorong 27 Geylang Singapore, Available from 1 May,Room,0,S$ 900 /mo,EW9 Aljunied MRT Station,0.24 km
13,Cassia View,Fully Furnished Condominium,90 sqft ,320 Guillemard Road, Available from 30 May,Room,0,"S$ 1,400 /mo",EW9 Aljunied MRT Station,0.70 km
14,The Water Edge @ Geylang,Fully Furnished Condominium,460 sqft ,8 Lorong 38 Geylang, Ready to move,1,1,"S$ 2,300 /mo",EW9 Aljunied MRT Station,0.72 km
15,#1 Loft,Fully Furnished Apartment,560 sqft ,1 Lorong 24 Geylang, Ready to move,1,2,"S$ 2,000 /mo",EW9 Aljunied MRT Station,0.39 km
16,Guillemard Edge,Fully Furnished Condominium,441 sqft ,38 Lorong 30 Geylang, Ready to move,1,1,"S$ 1,999 /mo",EW9 Aljunied MRT Station,0.60 km
17,The Sunny Spring,Fully Furnished Apartment,1044 sqft ,50 Lorong 40 Geylang, Available from 1 May,3,2,"S$ 3,300 /mo",EW9 Aljunied MRT Station,0.85 km
18,Nicole Green,Partially Furnished Apartment,936 sqft ,68 Guillemard Road, Ready to move,2,2,"S$ 2,500 /mo",EW9 Aljunied MRT Station,0.87 km
19,The Sunny Spring,Fully Furnished Condominium,150 sqft ,50 Lorong 40 Geylang, Ready to move,Room,0,"S$ 1,000 /mo",EW9 Aljunied MRT Station,0.85 km
0,Le Regal,Partially Furnished Apartment,368 sqft ,340 Geylang Road, Available from 1 Jun,1,1,"S$ 1,700 /mo",EW9 Aljunied MRT Station,0.53 km
1,30 Cassia Crescent,Fully Furnished HDB Apartment,150 sqft ,30 Cassia Crescent, Ready to move,Room,0,S$ 800 /mo,EW9 Aljunied MRT Station,0.78 km
2,Wing Fong Mansions,Fully Furnished Apartment,1270 sqft ,12 Lorong 14 Geylang, Ready to move,3,2,"S$ 2,650 /mo",EW9 Aljunied MRT Station,0.78 km
3,Torieview Mansions,Fully Furnished Apartment,893 sqft ,8 Lorong 29 Geylang, Ready to move,2,2,"S$ 2,600 /mo",EW9 Aljunied MRT Station,0.41 km
4,126 Geylang East Avenue 1,Fully Furnished HDB Apartment,797 sqft ,126 Geylang East Avenue 1, Ready to move,2,2,"S$ 2,100 /mo",EW9 Aljunied MRT Station,0.47 km
5,Aston Mansions,Partially Furnished Apartment,1100 sqft ,3 Lorong 42 Geylang, Available from 19 May,2,2,"S$ 3,000 /mo",EW9 Aljunied MRT Station,0.90 km
6,Sims Edge,Fully Furnished Condominium,581 sqft ,1 Geylang East Avenue 2, Available from 18 May,2,1,"S$ 2,400 /mo",EW9 Aljunied MRT Station,0.56 km
7,Casa Aerata,Fully Furnished Apartment,431 sqft ,9 Lorong 26 Geylang, Ready to move,1,1,"S$ 1,700 /mo",EW9 Aljunied MRT Station,0.52 km
8,Sims Urban Oasis,Partially Furnished Condominium,409 sqft ,10 Sims Drive, Ready to move,1,1,"S$ 2,300 /mo",EW9 Aljunied MRT Station,0.32 km
9,The Sanctuary @ Geylang,Apartment,646 sqft ,1 Geylang Lorong 30, Ready to move,1,1,"S$ 2,799 /mo",EW9 Aljunied MRT Station,0.51 km
10,Sims Urban Oasis,Partially Furnished Condominium,409 sqft ,10 Sims Drive, Ready to move,1,1,"S$ 2,300 /mo",EW9 Aljunied MRT Station,0.32 km
11,#1 Loft,Partially Furnished Apartment,150 sqft ,1 Lorong 24 Geylang, S$ 8.67 psf,Room,0,"S$ 1,300 /mo",EW9 Aljunied MRT Station,0.39 km
12,Grandlink Square,Partially Furnished Apartment,1380 sqft ,511 Guillemard Road, S$ 2.59 psf,3,2,"S$ 3,580 /mo",EW9 Aljunied MRT Station,0.99 km
13,47 Jalan Tiga,Partially Furnished HDB Apartment,1001 sqft ,47 Jalan Tiga, Ready to move,3,2,"S$ 2,500 /mo",EW9 Aljunied MRT Station,0.88 km
14,Sims Urban Oasis,Partially Furnished Condominium,624 sqft ,Sims Drive, Ready to move,2,1,"S$ 2,599 /mo",EW9 Aljunied MRT Station,0.32 km
15,Atrium Residences,Fully Furnished Apartment,1044 sqft ,11 Lorong 28 Geylang, Available from 8 May,3,3,"S$ 3,200 /mo",EW9 Aljunied MRT Station,0.53 km
16,Treasures @ G20,Fully Furnished Condominium,948 sqft ,35 Lorong 20 Geylang, Ready to move,1,1,"S$ 2,000 /mo",EW9 Aljunied MRT Station,0.60 km
17,The Sunny Spring,Fully Furnished Apartment,1195 sqft ,50 Lorong 40 Geylang, Ready to move,3,3,"S$ 3,300 /mo",EW9 Aljunied MRT Station,0.85 km
18,Wing Fong Mansions,Partially Furnished Apartment,1141 sqft ,12 Lorong 14 Geylang, Ready to move,3,2,"S$ 2,500 /mo",EW9 Aljunied MRT Station,0.78 km
19,La Brisa,Partially Furnished Condominium,527 sqft ,50 Lorong 28 Geylang, Ready to move,2,1,"S$ 2,300 /mo",EW9 Aljunied MRT Station,0.59 km
0,Le Regal,Fully Furnished Apartment,366 sqft ,340 Geylang Road, Ready to move,1,1,"S$ 1,900 /mo",EW9 Aljunied MRT Station,0.53 km
1,Viento,Fully Furnished Condominium,450 sqft ,29 Lorong 30 Geylang, Ready to move,1,1,"S$ 1,800 /mo",EW9 Aljunied MRT Station,0.62 km
2,Centra Residence,Fully Furnished Condominium,508 sqft ,8 Lorong 7 Geylang, Ready to move,2,1,"S$ 2,200 /mo",EW9 Aljunied MRT Station,0.88 km
3,Sims Urban Oasis,Partially Furnished Condominium,624 sqft ,2 Sims Drive, Ready to move,2,1,"S$ 2,800 /mo",EW9 Aljunied MRT Station,0.32 km
4,Centra Residence,Partially Furnished Condominium,452 sqft ,8 Lorong 7 Geylang, Ready to move,1,1,"S$ 1,900 /mo",EW9 Aljunied MRT Station,0.88 km
5,Smart Suites,Partially Furnished Condominium,760 sqft ,302 Sims Avenue, S$ 3.94 psf,2,2,"S$ 2,998 /mo",EW9 Aljunied MRT Station,0.18 km
6,Sims Edge,Partially Furnished Condominium,581 sqft ,1 Geylang East Avenue 2, Available from 19 May,2,1,"S$ 2,400 /mo",EW9 Aljunied MRT Station,0.56 km
7,Guillemard Edge,Fully Furnished Condominium,405 sqft ,38 Lorong 30 Geylang, Ready to move,1,1,"S$ 1,900 /mo",EW9 Aljunied MRT Station,0.60 km
8,Metro Loft,Fully Furnished Apartment,517 sqft ,5 Lorong 27 Geylang, Ready to move,1,1,"S$ 2,200 /mo",EW9 Aljunied MRT Station,0.27 km
9,28 Cassia Crescent,Fully Furnished HDB Apartment,200 sqft ,28 Cassia Crescent, Ready to move,Room,0,S$ 750 /mo,EW9 Aljunied MRT Station,0.84 km
10,28 Imperial Residences,Fully Furnished Condominium,484 sqft ,28 Lorong 26 Geylang, Ready to move,1,2,"S$ 1,950 /mo",EW9 Aljunied MRT Station,0.56 km
11,La Fleur,Fully Furnished Condominium,474 sqft ,8 Lorong 26 Geylang, Ready to move,1,1,"S$ 1,700 /mo",EW9 Aljunied MRT Station,0.48 km
12,Grandview Suites @ Geylang,Fully Furnished Condominium,450 sqft ,1 Geylang Lorong 22, Ready to move,1,1,"S$ 1,900 /mo",EW9 Aljunied MRT Station,0.41 km
13,Centra Loft,Fully Furnished Condominium,500 sqft ,3 Lorong 35 Geylang, Ready to move,2,1,"S$ 2,000 /mo",EW9 Aljunied MRT Station,0.67 km
14,Rezi 3Two,Fully Furnished Apartment,250 sqft ,48 Lorong 32 Geylang, Ready to move,Room,0,"S$ 1,350 /mo",EW9 Aljunied MRT Station,0.64 km
15,Sims Urban Oasis,Partially Furnished Condominium,658 sqft ,10 Sims Drive, Ready to move,2,1,"S$ 2,700 /mo",EW9 Aljunied MRT Station,0.32 km
16,Rezi 3Two,Fully Furnished Apartment,494 sqft ,48 Lorong 32 Geylang, Ready to move,1,1,"S$ 2,200 /mo",EW9 Aljunied MRT Station,0.64 km
17,Centra Loft,Fully Furnished Condominium,434 sqft ,3 Lorong 35 Geylang, Ready to move,Studio,0,"S$ 2,000 /mo",EW9 Aljunied MRT Station,0.67 km
18,Suites 28,Partially Furnished Apartment,883 sqft ,28 Lorong 30 Geylang, Available from 1 May,1,1,"S$ 2,200 /mo",EW9 Aljunied MRT Station,0.55 km
19,Sims Urban Oasis,Partially Furnished Condominium,1023 sqft ,Sims Drive, Ready to move,3,2,"S$ 3,950 /mo",EW9 Aljunied MRT Station,0.32 km
0,Treasures @ G6,Fully Furnished Condominium,461 sqft ,35 Lorong 6 Geylang, Ready to move,1,1,"S$ 2,100 /mo",EW9 Aljunied MRT Station,0.98 km
1,Central Grove,Condominium,1206 sqft ,1 Geylang East Avenue 1, Ready to move,3,3,"S$ 3,400 /mo",EW9 Aljunied MRT Station,0.18 km
2,La Brisa,Partially Furnished Condominium,441 sqft ,50 Lorong 28 Geylang, Ready to move,1,1,"S$ 1,700 /mo",EW9 Aljunied MRT Station,0.59 km
3,125 Geylang East Avenue 1,Partially Furnished HDB Apartment,1205 sqft ,125 Geylang East Avenue 1, Ready to move,3,2,"S$ 2,500 /mo",EW9 Aljunied MRT Station,0.43 km
4,Sims Urban Oasis,Partially Furnished Condominium,667 sqft ,18 Sims Drive, Ready to move,2,1,"S$ 2,500 /mo",EW9 Aljunied MRT Station,0.32 km
5,128 Geylang East Avenue 1,Fully Furnished HDB Apartment,1119 sqft ,128 Geylang East Avenue 1, S$ 2.23 psf,3,2,"S$ 2,500 /mo",EW9 Aljunied MRT Station,0.56 km
6,D'Weave,Fully Furnished Condominium,506 sqft ,5 Lorong 39 Geylang, S$ 4.74 psf,2,1,"S$ 2,400 /mo",EW9 Aljunied MRT Station,0.88 km
7,134 Geylang East Avenue 1,Fully Furnished HDB Apartment,150 sqft ,134 Geylang East Avenue 1, Ready to move,Room,0,S$ 700 /mo,EW9 Aljunied MRT Station,0.34 km
8,CONSERVATION CHARMING LOFT HOME 2BR @ MRT,Partially Furnished Conservation House,1600 sqft ,Paya Lebar Mrt, Ready to move,2,2,"S$ 4,480 /mo",EW9 Aljunied MRT Station,0.90 km
9,Palm Lodge,Fully Furnished Condominium,1238 sqft ,4 Geylang Lor 37, Available from 1 Jun,3,3,"S$ 3,100 /mo",EW9 Aljunied MRT Station,0.80 km
10,Sims Urban Oasis,Fully Furnished Condominium,678 sqft ,(within 0.32 km), Available from 15 Apr,2,1,"S$ 2,688 /mo",EW9 Aljunied MRT Station,0.32 km
11,#1 Suites (One Suites),Fully Furnished Condominium,560 sqft ,1 Lorong 20 Geylang, Ready to move,1,2,"S$ 1,900 /mo",EW9 Aljunied MRT Station,0.48 km
12,D'Weave,Fully Furnished Condominium,936 sqft ,5 Lorong 39 Geylang, Ready to move,2,1,"S$ 2,800 /mo",EW9 Aljunied MRT Station,0.88 km
13,Sims Urban Oasis,Partially Furnished Condominium,1206 sqft ,16 Sims Drive, Ready to move,4,3,"S$ 4,500 /mo",EW9 Aljunied MRT Station,0.32 km
14,Treasures @ G20,Fully Furnished Condominium,420 sqft ,Geylang Lorong 20, Ready to move,1,1,"S$ 1,650 /mo",EW9 Aljunied MRT Station,0.61 km
15,Treasures @ G6,Partially Furnished Apartment,420 sqft ,35 Lorong 6 Geylang, Ready to move,1,1,"S$ 1,800 /mo",EW9 Aljunied MRT Station,0.98 km
16,Sims Residences,Fully Furnished Apartment,320 sqft ,8 Lorong 39 Geylang, Available from 21 Apr,Room,0,"S$ 1,450 /mo",EW9 Aljunied MRT Station,0.90 km
17,Centra Loft,Fully Furnished Condominium,431 sqft ,3 Lorong 35 Geylang, Ready to move,2,1,"S$ 1,900 /mo",EW9 Aljunied MRT Station,0.67 km
18,Treasures @ G6,Partially Furnished Apartment,450 sqft ,35 Lorong 6 Geylang, Ready to move,1,1,"S$ 1,700 /mo",EW9 Aljunied MRT Station,0.98 km
19,Loft 33,Fully Furnished Condominium,1216 sqft ,33 LORONG 32 GEYLANG, Ready to move,3,3,"S$ 3,590 /mo",EW9 Aljunied MRT Station,0.60 km
0,Centra Loft,Fully Furnished Condominium,452 sqft ,3 Lorong 35 Geylang, Ready to move,1,1,"S$ 2,000 /mo",EW9 Aljunied MRT Station,0.67 km
1,Walk Up Apartment,Fully Furnished Walk-up,1200 sqft ,76 Lorong 25A Geylang, Ready to move,4,2,"S$ 2,800 /mo",EW9 Aljunied MRT Station,0.05 km
2,44 Sims Drive,HDB Apartment,947 sqft ,44 Sims Drive, S$ 2.43 psf,3,2,"S$ 2,300 /mo",EW9 Aljunied MRT Station,0.65 km
3,Cassia View,Fully Furnished Condominium,1152 sqft ,320 Guillemard Road, S$ 3.30 psf,3,3,"S$ 3,800 /mo",EW9 Aljunied MRT Station,0.70 km
4,99 Aljunied Crescent,Fully Furnished HDB Apartment,600 sqft ,99 Aljunied Crescent, Ready to move,Room,0,"S$ 1,200 /mo",EW9 Aljunied MRT Station,0.56 km
5,Aston Mansions,Partially Furnished Apartment,1302 sqft ,5 Lorong 42 Geylang, Ready to move,3,3,"S$ 3,200 /mo",EW9 Aljunied MRT Station,0.90 km
6,Aston Mansions,Fully Furnished Apartment,1200 sqft ,3 Lorong 42 Geylang, Ready to move,3,2,"S$ 3,200 /mo",EW9 Aljunied MRT Station,0.90 km
7,52 Sims Place,Fully Furnished HDB Apartment,699 sqft ,52 Sims Place, Ready to move,2,2,"S$ 2,100 /mo",EW9 Aljunied MRT Station,0.29 km
8,1 Pine Close,Fully Furnished HDB Apartment,1184 sqft ,1 Pine Close, Ready to move,3,2,"S$ 3,000 /mo",EW9 Aljunied MRT Station,0.94 km
9,Central Meadows,Fully Furnished Condominium,1100 sqft ,51 Lorong 34 Geylang, Ready to move,3,2,"S$ 3,000 /mo",EW9 Aljunied MRT Station,0.66 km
10,Smart Suites,Fully Furnished Condominium,527 sqft ,302 Sims Avenue, S$ 3.98 psf,1,1,"S$ 2,100 /mo",EW9 Aljunied MRT Station,0.18 km
11,The Sunny Spring,Unfurnished Apartment,1550 sqft ,50 Lorong 40 Geylang, Ready to move,3,2,"S$ 3,500 /mo",EW9 Aljunied MRT Station,0.85 km
12,Lotus @ Paya Lebar Studio 1Br Fully Furnished For Rent,Fully Furnished Condominium,345 sqft ,17 Lorong 41 Geylang, Ready to move,Studio,0,"S$ 2,870 /mo",EW9 Aljunied MRT Station,0.92 km
13,1 Master Room + Study Room Apartment (431 Sqf) For RENT - Central Loft,Fully Furnished Condominium,431 sqft ,3 lorong 35 geylang, Ready to move,1,1,"S$ 1,900 /mo",EW9 Aljunied MRT Station,0.67 km
14,Central Grove,Fully Furnished Condominium,1205 sqft ,1 Geylang East Avenue 1, Ready to move,3,2,"S$ 3,600 /mo",EW9 Aljunied MRT Station,0.18 km
15,Treasures @ G20,Apartment,420 sqft ,Geylang Lorong 20, Ready to move,1,1,"S$ 1,650 /mo",EW9 Aljunied MRT Station,0.61 km
16,Simsville,Fully Furnished Condominium,1529 sqft ,2 Geylang East Avenue 2, Available from 1 Jul,4,3,"S$ 5,000 /mo",EW9 Aljunied MRT Station,0.76 km
17,Guillemard Edge,Partially Furnished Condominium,409 sqft ,38 Lorong 30 Geylang, Available from 1 Jun,Studio,0,"S$ 2,000 /mo",EW9 Aljunied MRT Station,0.60 km
18,Lotus At Paya Lebar,Partially Furnished Apartment,1313 sqft ,17 Lorong 41 Geylang, Ready to move,4,2,"S$ 4,600 /mo",EW9 Aljunied MRT Station,0.92 km
19,The Sunny Spring,Fully Furnished Apartment,1238 sqft ,50 Lorong 40 Geylang, Ready to move,3,3,"S$ 2,800 /mo",EW9 Aljunied MRT Station,0.85 km
0,Sims Urban Oasis,Partially Furnished Condominium,409 sqft ,10 Sims Drive, Ready to move,1,1,"S$ 1,900 /mo",EW9 Aljunied MRT Station,0.32 km
1,Sims Urban Oasis,Fully Furnished Condominium,463 sqft ,12 Sims Drive, Ready to move,1,1,"S$ 2,000 /mo",EW9 Aljunied MRT Station,0.32 km
2,Sims Urban Oasis,Fully Furnished Condominium,409 sqft ,Sims Drive, Ready to move,1,1,"S$ 2,100 /mo",EW9 Aljunied MRT Station,0.32 km
3,Centra Suites,Fully Furnished Apartment,730 sqft ,38 Geylang Lorong 25A, Ready to move,1,1,"S$ 2,500 /mo",EW9 Aljunied MRT Station,0.20 km
4,Sims Urban Oasis,Partially Furnished Condominium,710 sqft ,Sims Drive, Ready to move,2,1,"S$ 2,600 /mo",EW9 Aljunied MRT Station,0.32 km
5,44 Sims Drive,Fully Furnished HDB Apartment,139 sqft ,44 Sims Drive, S$ 5.76 psf,Room,0,S$ 800 /mo,EW9 Aljunied MRT Station,0.65 km
6,Central Grove,Fully Furnished Condominium,60 sqft ,1 Geylang East Avenue 1, Available from 1 May,Room,0,S$ 800 /mo,EW9 Aljunied MRT Station,0.18 km
7,Central Grove,Fully Furnished Condominium,150 sqft ,1 Geylang East Avenue 1, S$ 7.33 psf,Room,0,"S$ 1,100 /mo",EW9 Aljunied MRT Station,0.18 km
8,Guillemard Edge,Partially Furnished Condominium,549 sqft ,38 Lorong 30 Geylang, Available from 1 May,2,1,"S$ 2,200 /mo",EW9 Aljunied MRT Station,0.60 km
9,Guillemard Edge,Fully Furnished Condominium,861 sqft ,38 Lorong 30 Geylang, Ready to move,1,1,"S$ 2,400 /mo",EW9 Aljunied MRT Station,0.60 km
10,Guillemard Edge,Partially Furnished Condominium,409 sqft ,38 Lorong 30 Geylang, Ready to move,1,1,"S$ 1,800 /mo",EW9 Aljunied MRT Station,0.60 km
11,Guillemard Edge,Partially Furnished Condominium,441 sqft ,38 Lorong 30 Geylang, Ready to move,2,1,"S$ 1,900 /mo",EW9 Aljunied MRT Station,0.60 km
12,Sims Urban Oasis,Partially Furnished Condominium,484 sqft ,Sims Drive, Ready to move,1,1,"S$ 2,100 /mo",EW9 Aljunied MRT Station,0.32 km
13,Sims Urban Oasis,Partially Furnished Condominium,440 sqft ,2 Sims Drive, Ready to move,1,1,"S$ 2,200 /mo",EW9 Aljunied MRT Station,0.32 km
14,Sims Urban Oasis,Partially Furnished Condominium,409 sqft ,Sims Drive, Ready to move,1,1,"S$ 2,200 /mo",EW9 Aljunied MRT Station,0.32 km
15,Sims Urban Oasis,Condominium,484 sqft ,Sims Drive, Ready to move,1,1,"S$ 2,200 /mo",EW9 Aljunied MRT Station,0.32 km
16,Sims Urban Oasis,Partially Furnished Condominium,623 sqft ,2 Sims Drive, Ready to move,2,1,"S$ 2,700 /mo",EW9 Aljunied MRT Station,0.32 km
17,Sims Urban Oasis,Partially Furnished Condominium,624 sqft ,Sims Drive, Ready to move,2,1,"S$ 2,800 /mo",EW9 Aljunied MRT Station,0.32 km
18,Sims Urban Oasis,Partially Furnished Condominium,441 sqft ,Sims Drive, Ready to move,1,1,"S$ 2,200 /mo",EW9 Aljunied MRT Station,0.32 km
19,Sims Urban Oasis,Partially Furnished Condominium,626 sqft ,2 Sims Drive, Ready to move,2,1,"S$ 2,600 /mo",EW9 Aljunied MRT Station,0.32 km
0,Rezi 26,Partially Furnished Condominium,840 sqft ,5 Lorong 26 Geylang, Ready to move,2,2,"S$ 2,500 /mo",EW9 Aljunied MRT Station,0.46 km
1,Sims Urban Oasis,Partially Furnished Condominium,624 sqft ,10 Sims Drive, Ready to move,2,1,"S$ 2,400 /mo",EW9 Aljunied MRT Station,0.32 km
2,123 Geylang East Central,Fully Furnished HDB Apartment,150 sqft ,123 Geylang East Central, S$ 8.00 psf,Room,0,"S$ 1,200 /mo",EW9 Aljunied MRT Station,0.34 km
3,The Sunny Spring,Fully Furnished Apartment,150 sqft ,50 Lorong 40 Geylang, Ready to move,Room,0,S$ 850 /mo,EW9 Aljunied MRT Station,0.85 km
4,Guillemard Edge,Fully Furnished Condominium,861 sqft ,38 Lorong 30 Geylang, Ready to move,1,1,"S$ 2,300 /mo",EW9 Aljunied MRT Station,0.60 km
5,Grandlink Square,Partially Furnished Apartment,1400 sqft ,511 Guillemard Road, S$ 2.56 psf,3,2,"S$ 3,590 /mo",EW9 Aljunied MRT Station,0.99 km
6,Grandlink Square,Fully Furnished Apartment,850 sqft ,511 Guillemard Road, Ready to move,2,1,"S$ 2,800 /mo",EW9 Aljunied MRT Station,0.99 km
7,Casa Aerata,Fully Furnished Apartment,431 sqft ,9 Lorong 26 Geylang, Ready to move,1,1,"S$ 2,000 /mo",EW9 Aljunied MRT Station,0.52 km
8,The Sunny Spring,Fully Furnished Apartment,150 sqft ,50 Lorong 40 Geylang, Ready to move,Room,0,S$ 850 /mo,EW9 Aljunied MRT Station,0.85 km
9,Aston Mansions,Apartment,1200 sqft ,3 Lorong 42 Geylang, Ready to move,3,3,"S$ 3,400 /mo",EW9 Aljunied MRT Station,0.90 km
10,12 Pine Close,Fully Furnished HDB Apartment,120 sqft ,12 Pine Close, S$ 5.42 psf,Room,0,S$ 650 /mo,EW9 Aljunied MRT Station,0.89 km
11,Metro Loft,Fully Furnished Apartment,571 sqft ,5 Lorong 27 Geylang, Ready to move,1,1,"S$ 2,150 /mo",EW9 Aljunied MRT Station,0.27 km
12,D'Weave,Condominium,420 sqft ,5 Lorong 39 Geylang, Ready to move,1,1,"S$ 2,000 /mo",EW9 Aljunied MRT Station,0.88 km
13,Prime Residence,Fully Furnished Condominium,581 sqft ,41 Lorong 22 Geylang, Available from 15 May,2,1,"S$ 2,100 /mo",EW9 Aljunied MRT Station,0.59 km
14,Idyllic Suites,Fully Furnished Condominium,550 sqft ,21 Lorong 30 Geylang, S$ 3.63 psf,2,1,"S$ 1,999 /mo",EW9 Aljunied MRT Station,0.58 km
15,La Brisa,Fully Furnished Condominium,560 sqft ,50 Lorong 28 Geylang, Ready to move,2,1,"S$ 2,200 /mo",EW9 Aljunied MRT Station,0.59 km
16,Moro Mansion,Fully Furnished Apartment,200 sqft ,3 Lorong 37 Geylang, Ready to move,Room,0,"S$ 1,100 /mo",EW9 Aljunied MRT Station,0.73 km
17,Versailles,Fully Furnished Condominium,1496 sqft ,133 Hemmant Road, Available from 4 May,4,3,"S$ 3,400 /mo",EW9 Aljunied MRT Station,0.97 km
18,1 Lorong 13 Geylang,Conservation House,"300 sqft, 3000 sqft (land) ",1 Lorong 13 Geylang, Ready to move,Room,0,"S$ 1,400 /mo",EW9 Aljunied MRT Station,0.73 km
19,1 Lorong 13 Geylang,Fully Furnished Conservation House,"300 sqft, 3000 sqft (land) ",1 Lorong 13 Geylang, Ready to move,Studio,0,"S$ 1,850 /mo",EW9 Aljunied MRT Station,0.73 km
0,Silverscape,Fully Furnished Apartment,463 sqft ,39 LORONG 32 GEYLANG, Available from 1 Jun,1,1,"S$ 2,000 /mo",EW9 Aljunied MRT Station,0.64 km
1,50 Circuit Road,Partially Furnished HDB Apartment,603 sqft ,50 Circuit Road, Ready to move,2,1,"S$ 1,900 /mo",EW9 Aljunied MRT Station,0.98 km
2,Melosa,Fully Furnished Condominium,506 sqft ,28 Lorong 28 Geylang, Ready to move,2,1,"S$ 1,900 /mo",EW9 Aljunied MRT Station,0.52 km
3,The Sunny Spring,Partially Furnished Apartment,969 sqft ,50 Lorong 40 Geylang, Ready to move,3,2,"S$ 3,200 /mo",EW9 Aljunied MRT Station,0.85 km
4,#1 Suites (One Suites),Partially Furnished Condominium,250 sqft ,1 Lorong 20 Geylang, Ready to move,Room,0,"S$ 1,300 /mo",EW9 Aljunied MRT Station,0.48 km
5,#1 Loft,Fully Furnished Apartment,580 sqft ,1 Lorong 24 Geylang, Available from 12 Apr,2,2,"S$ 2,000 /mo",EW9 Aljunied MRT Station,0.39 km
6,Loft 33 @ Geylang,Partially Furnished Condominium,200 sqft ,33 Geylang Lorong 32, S$ 7.50 psf,Room,0,"S$ 1,500 /mo",EW9 Aljunied MRT Station,0.62 km
7,124 Geylang East Avenue 1,Fully Furnished HDB Apartment,1200 sqft ,124 Geylang East Avenue 1, S$ 2.25 psf,3,2,"S$ 2,700 /mo",EW9 Aljunied MRT Station,0.44 km
8,Sims Urban Oasis,Fully Furnished Condominium,380 sqft ,16 Sims Drive, Ready to move,Studio,0,"S$ 1,800 /mo",EW9 Aljunied MRT Station,0.32 km
9,The Water Edge @ Geylang,Fully Furnished Condominium,936 sqft ,8 Lorong 38 Geylang, S$ 2.99 psf,1,1,"S$ 2,800 /mo",EW9 Aljunied MRT Station,0.72 km
10,Treasures @ G19,Fully Furnished Condominium,512 sqft ,33 Lorong 19 Geylang, Ready to move,1,1,"S$ 2,000 /mo",EW9 Aljunied MRT Station,0.53 km
11,Central Imperial,Fully Furnished Condominium,506 sqft ,3 Lorong 14 Geylang, Ready to move,2,2,"S$ 2,300 /mo",EW9 Aljunied MRT Station,0.64 km
12,Aston Mansions,Fully Furnished Apartment,1194 sqft ,3 Lorong 42 Geylang, Ready to move,Room,0,"S$ 3,000 /mo",EW9 Aljunied MRT Station,0.90 km
13,Sims Residences,Fully Furnished Apartment,1442 sqft ,8 Lorong 39 Geylang, Ready to move,4,2,"S$ 4,300 /mo",EW9 Aljunied MRT Station,0.90 km
14,Sims Urban Oasis,Partially Furnished Condominium,484 sqft ,Sims Drive, Ready to move,Studio,0,"S$ 2,200 /mo",EW9 Aljunied MRT Station,0.32 km
15,Grandlink Square,Fully Furnished Apartment,1389 sqft ,511 Guillemard Road, Ready to move,3,2,"S$ 3,400 /mo",EW9 Aljunied MRT Station,0.99 km
16,Beautiful New 2BR Conservation House,Partially Furnished Shophouse,1200 sqft ,Lorong 13 Geylang, S$ 2.08 psf,2,1,"S$ 2,500 /mo",EW9 Aljunied MRT Station,0.73 km
17,Sims Urban Oasis,Fully Furnished Condominium,624 sqft ,Sims Drive, Ready to move,2,1,"S$ 2,600 /mo",EW9 Aljunied MRT Station,0.32 km
18,Casa Aerata,Fully Furnished Apartment,431 sqft ,9 Lorong 26 Geylang, Ready to move,1,1,"S$ 2,000 /mo",EW9 Aljunied MRT Station,0.52 km
19,Sims Urban Oasis,Partially Furnished Condominium,829 sqft ,Sims Drive, Ready to move,2,1,"S$ 3,000 /mo",EW9 Aljunied MRT Station,0.32 km
0,La Fleur,Partially Furnished Condominium,420 sqft ,8 Lorong 26 Geylang, Available from 15 Apr,1,1,"S$ 1,700 /mo",EW9 Aljunied MRT Station,0.48 km
1,Rezi 26,Fully Furnished Condominium,120 sqft ,5 Lorong 26 Geylang, Ready to move,Room,0,"S$ 1,250 /mo",EW9 Aljunied MRT Station,0.46 km
2,#1 Loft,Partially Furnished Apartment,571 sqft ,1 Lorong 24 Geylang, Ready to move,1,2,"S$ 1,800 /mo",EW9 Aljunied MRT Station,0.39 km
3,Guillemard Edge,Fully Furnished Condominium,500 sqft ,38 Lorong 30 Geylang, Available from 26 May,1,1,"S$ 1,700 /mo",EW9 Aljunied MRT Station,0.60 km
4,Guillemard Edge,Fully Furnished Condominium,560 sqft ,38 Lorong 30 Geylang, Ready to move,2,1,"S$ 2,400 /mo",EW9 Aljunied MRT Station,0.60 km
5,Simsville,Fully Furnished Condominium,1238 sqft ,2 Geylang East Avenue 2, Ready to move,3,2,"S$ 3,600 /mo",EW9 Aljunied MRT Station,0.76 km
6,Lotus At Paya Lebar,Partially Furnished Condominium,1001 sqft ,17 lorong 41 geylang, Ready to move,3,2,"S$ 3,600 /mo",EW9 Aljunied MRT Station,0.90 km
7,Sims Urban Oasis,Fully Furnished Condominium,624 sqft ,Sims Drive, Ready to move,2,1,"S$ 2,700 /mo",EW9 Aljunied MRT Station,0.32 km
8,Guilin Mansions,Partially Furnished Apartment,100 sqft ,8 Lorong 37 Geylang, S$ 7.00 psf,Room,0,S$ 700 /mo,EW9 Aljunied MRT Station,0.79 km
9,Paya Lebar Residences,Fully Furnished Apartment,947 sqft ,27 Paya Lebar Road, Ready to move,2,2,"S$ 3,000 /mo",EW9 Aljunied MRT Station,0.97 km
10,Aston Mansions,Unfurnished Apartment,1302 sqft ,3 Lorong 42 Geylang, Ready to move,3,2,"S$ 3,200 /mo",EW9 Aljunied MRT Station,0.90 km
11,Delight Court,Fully Furnished Apartment,250 sqft ,16 Lorong 33 Geylang, Ready to move,Room,0,S$ 980 /mo,EW9 Aljunied MRT Station,0.59 km
12,Delight Court,Fully Furnished Apartment,100 sqft ,16 Lorong 33 Geylang, Ready to move,1,1,S$ 750 /mo,EW9 Aljunied MRT Station,0.59 km
13,Sims Urban Oasis,Condominium,680 sqft ,10 Sims Drive, Ready to move,2,1,"S$ 2,800 /mo",EW9 Aljunied MRT Station,0.32 km
14,Regal 35,Fully Furnished Apartment,1119 sqft ,15 Lorong 35 Geylang, Ready to move,3,2,"S$ 3,000 /mo",EW9 Aljunied MRT Station,0.61 km
15,Guillemard Edge,Partially Furnished Condominium,1400 sqft ,38 Lorong 30 Geylang, Ready to move,2,1,"S$ 3,000 /mo",EW9 Aljunied MRT Station,0.60 km
16,The Waterina,Fully Furnished Apartment,635 sqft ,51 Lorong 40 Geylang, Ready to move,1,1,"S$ 2,700 /mo",EW9 Aljunied MRT Station,0.90 km
17,Sims Edge,Condominium,509 sqft ,1 Geylang East Avenue 2, Ready to move,1,1,"S$ 2,300 /mo",EW9 Aljunied MRT Station,0.56 km
18,Rezi 3Two,Partially Furnished Apartment,462 sqft ,48 Lorong 32 Geylang, Ready to move,2,1,"S$ 1,999 /mo",EW9 Aljunied MRT Station,0.64 km
19,Walkup Apartment,Unfurnished Walk-up,1100 sqft ,lorong 16 geylang, Ready to move,3,1,"S$ 2,800 /mo",EW9 Aljunied MRT Station,0.69 km
0,The Alcove,Fully Furnished Condominium,90 sqft ,10 Lorong 27 Geylang Singapore, Available from 9 Jul,Room,0,"S$ 1,000 /mo",EW9 Aljunied MRT Station,0.24 km
1,Treasures @ G6,Fully Furnished Apartment,409 sqft ,35 Lorong 6 Geylang, Ready to move,1,1,"S$ 1,650 /mo",EW9 Aljunied MRT Station,0.98 km
2,Fern Lodge,Fully Furnished Apartment,990 sqft ,7 Lorong 4 Geylang, Ready to move,3,3,"S$ 2,700 /mo",EW9 Aljunied MRT Station,0.97 km
3,Sims Urban Oasis,Partially Furnished Condominium,667 sqft ,Sims Drive, Ready to move,2,1,"S$ 2,500 /mo",EW9 Aljunied MRT Station,0.32 km
4,Suites 28,Fully Furnished Apartment,430 sqft ,28 Lorong 30 Geylang, S$ 4.62 psf,1,1,"S$ 1,988 /mo",EW9 Aljunied MRT Station,0.55 km
5,87 Circuit Road,Fully Furnished HDB Apartment,1200 sqft ,87 Circuit Road, Ready to move,5,3,"S$ 3,100 /mo",EW9 Aljunied MRT Station,0.81 km
6,Suites 28,Fully Furnished Apartment,480 sqft ,28 Lorong 30 Geylang, Ready to move,1,1,"S$ 1,900 /mo",EW9 Aljunied MRT Station,0.55 km
7,#1 Suites (One Suites),Fully Furnished Condominium,200 sqft ,1 Lorong 20 Geylang, Ready to move,Room,0,"S$ 1,300 /mo",EW9 Aljunied MRT Station,0.48 km
8,Prime Residence,Fully Furnished Condominium,538 sqft ,41 Lorong 22 Geylang, Ready to move,1,1,"S$ 2,200 /mo",EW9 Aljunied MRT Station,0.59 km
9,Aston Mansions,Fully Furnished Condominium,1227 sqft ,3 Lorong 42 Geylang, Ready to move,3,3,"S$ 3,500 /mo",EW9 Aljunied MRT Station,0.90 km
10,Evergreen Residences,Fully Furnished Apartment,186 sqft ,Geylang Lor 22, Ready to move,Studio,0,"S$ 1,400 /mo",EW9 Aljunied MRT Station,0.48 km
11,Sims Edge,Fully Furnished Condominium,603 sqft ,1 Geylang East Avenue 2, Ready to move,2,1,"S$ 2,500 /mo",EW9 Aljunied MRT Station,0.56 km
12,Evergreen Residences,Fully Furnished Apartment,183 sqft ,Geylang Lor 22, Ready to move,Studio,0,"S$ 1,300 /mo",EW9 Aljunied MRT Station,0.48 km
13,Centra Residence,Partially Furnished Condominium,517 sqft ,8 Lorong 7 Geylang, Ready to move,2,1,"S$ 2,200 /mo",EW9 Aljunied MRT Station,0.88 km
14,Smart Suites,Fully Furnished Condominium,484 sqft ,302 Sims Avenue, Ready to move,1,1,"S$ 2,100 /mo",EW9 Aljunied MRT Station,0.18 km
15,43 Sims Drive,Fully Furnished HDB Apartment,1119 sqft ,43 Sims Drive, Ready to move,3,2,"S$ 2,500 /mo",EW9 Aljunied MRT Station,0.72 km
16,Torieville,Partially Furnished Apartment,960 sqft ,47 Lorong 6 geylang, Ready to move,2,3,"S$ 2,300 /mo",EW9 Aljunied MRT Station,0.97 km
17,Sims Urban Oasis,Partially Furnished Condominium,1033 sqft ,Sims Drive, Ready to move,3,2,"S$ 4,000 /mo",EW9 Aljunied MRT Station,0.32 km
18,Treasures @ G19,Fully Furnished Condominium,377 sqft ,33 Lorong 19 Geylang, Ready to move,1,1,"S$ 2,000 /mo",EW9 Aljunied MRT Station,0.51 km
19,Centra Loft,Fully Furnished Condominium,430 sqft ,3 Lorong 35 Geylang, Ready to move,1,1,"S$ 2,000 /mo",EW9 Aljunied MRT Station,0.67 km
0,Guillemard Edge,Fully Furnished Condominium,409 sqft ,38 Lorong 30 Geylang, Ready to move,1,1,"S$ 1,900 /mo",EW9 Aljunied MRT Station,0.60 km
1,Sims Urban Oasis,Partially Furnished Condominium,624 sqft ,2 Sims Drive, Ready to move,2,1,"S$ 2,500 /mo",EW9 Aljunied MRT Station,0.32 km
2,Sims Dorado,Apartment,969 sqft ,11 Lorong 39 Geylang, Available from 9 Jul,3,2,"S$ 3,000 /mo",EW9 Aljunied MRT Station,0.85 km
3,Sims Urban Oasis,Partially Furnished Condominium,710 sqft ,Sims Drive, Ready to move,2,1,"S$ 2,600 /mo",EW9 Aljunied MRT Station,0.32 km
4,FEW UNITS ALLOW WORKER @ LORONG 30 GEYLANG,Partially Furnished Walk-up,1200 sqft ,39 Lorong 30 Geylang, S$ 2.17 psf,3,2,"S$ 2,600 /mo",EW9 Aljunied MRT Station,0.67 km
5,The Sunny Spring,Partially Furnished Apartment,1120 sqft ,50 Lorong 40 Geylang, Ready to move,3,2,"S$ 3,000 /mo",EW9 Aljunied MRT Station,0.85 km
6,The Waterina,Partially Furnished Apartment,1001 sqft ,51 Lorong 40 Geylang, Ready to move,2,2,"S$ 3,300 /mo",EW9 Aljunied MRT Station,0.90 km
7,Idyllic Suites,Partially Furnished Condominium,570 sqft ,21 Lorong 30 Geylang, Ready to move,2,1,"S$ 2,200 /mo",EW9 Aljunied MRT Station,0.58 km
8,Geylang Family Conservation! Black And White 3 Bed,Partially Furnished Terraced House,2270 sqft ,"Near By Geylang Rd, Sims Ave", Ready to move,3,3,"S$ 6,301 /mo",EW9 Aljunied MRT Station,0.42 km
9,#1 Suites (One Suites),Partially Furnished Condominium,300 sqft ,1 Lorong 20 Geylang, S$ 4.34 psf,1,1,"S$ 1,302 /mo",EW9 Aljunied MRT Station,0.48 km
10,Ness,Fully Furnished Condominium,1000 sqft ,38 Lorong 32 Geylang, Ready to move,2,2,"S$ 3,200 /mo",EW9 Aljunied MRT Station,0.60 km
11,95 Aljunied Crescent,Fully Furnished HDB Apartment,699 sqft ,95 Aljunied Crescent, Ready to move,2,1,"S$ 2,000 /mo",EW9 Aljunied MRT Station,0.66 km
12,Guillemard Edge,Fully Furnished Condominium,410 sqft ,38 Lorong 30 Geylang, Ready to move,1,1,"S$ 1,900 /mo",EW9 Aljunied MRT Station,0.60 km
13,Sims Urban Oasis,Fully Furnished Condominium,667 sqft ,(within 0.32 km), Ready to move,2,1,"S$ 2,600 /mo",EW9 Aljunied MRT Station,0.32 km
14,Rezi 26,Partially Furnished Condominium,1184 sqft ,5 Lorong 26 Geylang, S$ 3.19 psf,3,3,"S$ 3,780 /mo",EW9 Aljunied MRT Station,0.46 km
15,Sims Urban Oasis,Partially Furnished Condominium,667 sqft ,2 Sims Drive, Ready to move,2,1,"S$ 2,300 /mo",EW9 Aljunied MRT Station,0.32 km
16,The Alcove,Partially Furnished Condominium,400 sqft ,10 Lorong 27 Geylang Singapore, Ready to move,1,1,"S$ 1,500 /mo",EW9 Aljunied MRT Station,0.24 km
17,The Water Edge @ Geylang,Fully Furnished Condominium,460 sqft ,8 Lorong 38 Geylang, Ready to move,1,1,"S$ 1,899 /mo",EW9 Aljunied MRT Station,0.72 km
18,Melosa,Fully Furnished Condominium,506 sqft ,28 Lorong 28 Geylang, Ready to move,2,1,"S$ 1,888 /mo",EW9 Aljunied MRT Station,0.52 km
19,Guillemard Suites,Fully Furnished Apartment,210 sqft ,213 Guillemard Road, Ready to move,Room,0,"S$ 1,400 /mo",EW9 Aljunied MRT Station,0.65 km
0,Silverscape,Fully Furnished Apartment,409 sqft ,39 LORONG 32 GEYLANG, Ready to move,1,1,"S$ 1,850 /mo",EW9 Aljunied MRT Station,0.64 km
1,Centra Loft,Fully Furnished Condominium,431 sqft ,3 Lorong 35 Geylang, Ready to move,1,1,"S$ 1,999 /mo",EW9 Aljunied MRT Station,0.67 km
2,Moro Mansion,Fully Furnished Apartment,120 sqft ,3 Lorong 37 Geylang, Available from 8 May,Room,0,"S$ 1,100 /mo",EW9 Aljunied MRT Station,0.73 km
3,Aston Mansions,Fully Furnished Apartment,250 sqft ,3 Lorong 42 Geylang, Ready to move,Room,0,S$ 900 /mo,EW9 Aljunied MRT Station,0.90 km
4,The Arizon,Partially Furnished Condominium,1765 sqft ,538 Geylang Road, Ready to move,3,3,"S$ 3,500 /mo",EW9 Aljunied MRT Station,0.50 km
5,GUILLEMARD / GEYLANG WALKUP,Unfurnished Walk-up,1400 sqft ,GUILLEMARD RD, Available from 1 May,3,2,"S$ 2,500 /mo",EW9 Aljunied MRT Station,0.80 km
6,Centra Residence,Fully Furnished Condominium,431 sqft ,8 Lorong 7 Geylang, Ready to move,1,1,"S$ 2,000 /mo",EW9 Aljunied MRT Station,0.88 km
7,Treasures @ G19,Fully Furnished Condominium,409 sqft ,33 Lorong 19 Geylang, Available from 1 May,1,1,"S$ 1,800 /mo",EW9 Aljunied MRT Station,0.53 km
8,Viento,Fully Furnished Condominium,474 sqft ,29 Lorong 30 Geylang, Available from 1 Jun,1,1,"S$ 1,800 /mo",EW9 Aljunied MRT Station,0.62 km
9,124 Geylang East Avenue 1,HDB Apartment,800 sqft ,124 Geylang East Avenue 1, Available from 20 May,2,2,"S$ 1,800 /mo",EW9 Aljunied MRT Station,0.44 km
10,124 Geylang East Avenue 1,HDB Apartment,200 sqft ,124 Geylang East Avenue 1, Available from 20 May,Room,0,S$ 950 /mo,EW9 Aljunied MRT Station,0.44 km
11,Centra Loft,Condominium,431 sqft ,3 Lorong 35 Geylang, Ready to move,1,1,"S$ 2,000 /mo",EW9 Aljunied MRT Station,0.67 km
12,Casa Emerald,Fully Furnished Condominium,100 sqft ,51 Geylang Lorong 32, Ready to move,Room,0,S$ 950 /mo,EW9 Aljunied MRT Station,0.70 km
13,Sims Urban Oasis,Partially Furnished Condominium,624 sqft ,Sims Drive, Ready to move,2,1,"S$ 2,400 /mo",EW9 Aljunied MRT Station,0.32 km
14,Guillemard Suites,Fully Furnished Apartment,250 sqft ,213 Guillemard Road, Ready to move,Studio,0,"S$ 1,650 /mo",EW9 Aljunied MRT Station,0.65 km
15,Edenz Suites,Partially Furnished Apartment,452 sqft ,21 Lorong 28 Geylang, Ready to move,1,1,"S$ 1,900 /mo",EW9 Aljunied MRT Station,0.52 km
16,3 Lor 25A Geylang,Fully Furnished HDB Apartment,250 sqft ,(within 0.30 km), S$ 4.00 psf,Room,0,"S$ 1,000 /mo",EW9 Aljunied MRT Station,0.30 km
17,124 Geylang East Avenue 1,Fully Furnished HDB Apartment,130 sqft ,124 Geylang East Avenue 1, Ready to move,Room,0,S$ 900 /mo,EW9 Aljunied MRT Station,0.44 km
18,124 Geylang East Avenue 1,Fully Furnished HDB Apartment,150 sqft ,124 Geylang East Avenue 1, Ready to move,Room,0,"S$ 1,000 /mo",EW9 Aljunied MRT Station,0.44 km
19,Lorong 33 Geylang,Unfurnished Apartment,1500 sqft ,Lorong 33 Geylang, Available from 1 May,3,3,"S$ 3,800 /mo",EW9 Aljunied MRT Station,0.58 km
0,Sims Green,Fully Furnished Apartment,1282 sqft ,7 Lorong 27A Geylang, Ready to move,3,2,"S$ 3,550 /mo",EW9 Aljunied MRT Station,0.28 km
1,Guillemard Edge,Fully Furnished Condominium,560 sqft ,38 Lorong 30 Geylang, Ready to move,2,1,"S$ 2,500 /mo",EW9 Aljunied MRT Station,0.60 km
2,Centra Residence,Apartment,506 sqft ,8 Lorong 7 Geylang, Available from 20 May,2,1,"S$ 2,200 /mo",EW9 Aljunied MRT Station,0.88 km
3,Grandlink Square,Fully Furnished Apartment,550 sqft ,511 Guillemard Road, Ready to move,1,1,"S$ 1,750 /mo",EW9 Aljunied MRT Station,0.99 km
4,Guillemard View,Fully Furnished Apartment,1160 sqft ,329A Guillemard Road, Available from 1 May,Room,0,S$ 800 /mo,EW9 Aljunied MRT Station,0.60 km
5,Palm Lodge,Fully Furnished Apartment,1238 sqft ,4 Geylang Lor 37, Ready to move,3,2,"S$ 3,200 /mo",EW9 Aljunied MRT Station,0.80 km
6,Loft 33 @ Geylang,Fully Furnished Condominium,350 sqft ,33 Geylang Lorong 32, Ready to move,1,1,"S$ 1,250 /mo",EW9 Aljunied MRT Station,0.62 km
7,108 Aljunied Crescent,Fully Furnished HDB Apartment,150 sqft ,108 Aljunied Crescent, S$ 5.67 psf,Room,0,S$ 850 /mo,EW9 Aljunied MRT Station,0.39 km
8,54 Cassia Crescent,Fully Furnished HDB Apartment,1087 sqft ,54 Cassia Crescent, Ready to move,3,2,"S$ 2,700 /mo",EW9 Aljunied MRT Station,0.74 km
9,12 Pine Close,Fully Furnished HDB Apartment,100 sqft ,12 Pine Close, Ready to move,Room,0,S$ 550 /mo,EW9 Aljunied MRT Station,0.89 km
10,Sims Green,Fully Furnished Apartment,90 sqft ,7 Lorong 27A Geylang, Available from 17 May,Room,0,S$ 900 /mo,EW9 Aljunied MRT Station,0.28 km
11,Cassia View,Fully Furnished Condominium,80 sqft ,320 Guillemard Road, Available from 14 Apr,Room,0,S$ 650 /mo,EW9 Aljunied MRT Station,0.70 km
12,#1 Suites (One Suites),Condominium,500 sqft ,1 Lorong 20 Geylang, Ready to move,Room,0,"S$ 1,200 /mo",EW9 Aljunied MRT Station,0.48 km
13,125 Aljunied Road,Partially Furnished HDB Apartment,1302 sqft ,125 Aljunied Road, Ready to move,3,2,"S$ 2,900 /mo",EW9 Aljunied MRT Station,0.78 km
14,11,Fully Furnished Terraced House,"1200 sqft, 1200 sqft (land) ",Geylang, Ready to move,3,3,"S$ 3,650 /mo",EW9 Aljunied MRT Station,0.73 km
15,Cosmo,Fully Furnished Condominium,200 sqft ,18 Guillemard Crescent, Ready to move,Room,0,"S$ 1,500 /mo",EW9 Aljunied MRT Station,0.82 km
16,Centra Loft,Fully Furnished Condominium,506 sqft ,3 Lorong 35 Geylang, Ready to move,1,1,"S$ 2,000 /mo",EW9 Aljunied MRT Station,0.67 km
17,Rezi 26,Fully Furnished Condominium,796 sqft ,5 Lorong 26 Geylang, Ready to move,Room,0,"S$ 1,300 /mo",EW9 Aljunied MRT Station,0.46 km
18,The Waterina,Fully Furnished Apartment,150 sqft ,53 Lorong 40 Geylang, Ready to move,Room,0,"S$ 1,000 /mo",EW9 Aljunied MRT Station,0.90 km
19,La Fleur,Partially Furnished Condominium,431 sqft ,8 Lorong 26 Geylang, Available from 14 Apr,1,1,"S$ 1,750 /mo",EW9 Aljunied MRT Station,0.48 km
0,124 Geylang East Avenue 1,Fully Furnished HDB Apartment,400 sqft ,124 Geylang East Avenue 1, S$ 2.25 psf,Room,0,S$ 900 /mo,EW9 Aljunied MRT Station,0.44 km
1,Sunflower Lodge,Fully Furnished Condominium,150 sqft ,9 Lorong 34 Geylang, S$ 5.67 psf,Room,0,S$ 850 /mo,EW9 Aljunied MRT Station,0.64 km
2,Sims Edge,Fully Furnished Condominium,1195 sqft ,1 Geylang East Avenue 2, Ready to move,2,1,"S$ 3,400 /mo",EW9 Aljunied MRT Station,0.56 km
3,Treasures @ G19,Partially Furnished Condominium,387 sqft ,33 Lorong 19 Geylang, Ready to move,1,1,"S$ 1,850 /mo",EW9 Aljunied MRT Station,0.53 km
4,The Sanctuary @ Geylang,Fully Furnished Apartment,646 sqft ,1 Geylang Lorong 30, Ready to move,1,1,"S$ 2,800 /mo",EW9 Aljunied MRT Station,0.51 km
5,47 Jalan Tiga,Fully Furnished HDB Apartment,1184 sqft ,47 Jalan Tiga, Ready to move,3,2,"S$ 2,800 /mo",EW9 Aljunied MRT Station,0.88 km
6,D'Weave,Fully Furnished Condominium,549 sqft ,5 Lorong 39 Geylang, Ready to move,2,1,"S$ 2,700 /mo",EW9 Aljunied MRT Station,0.88 km
7,The Sunny Spring,Fully Furnished Apartment,1066 sqft ,50 Lorong 40 Geylang, Ready to move,3,2,"S$ 3,000 /mo",EW9 Aljunied MRT Station,0.85 km
8,Gek Lim Mansions,Fully Furnished Apartment,630 sqft ,Sims Avenue, S$ 2.54 psf,1,1,"S$ 1,600 /mo",EW9 Aljunied MRT Station,0.38 km
9,Casa Aerata,Partially Furnished Apartment,550 sqft ,9 Lorong 26 Geylang, Ready to move,2,2,"S$ 2,400 /mo",EW9 Aljunied MRT Station,0.52 km
10,Centra Suites,Fully Furnished Apartment,441 sqft ,38 Geylang Lorong 25A, Available from 16 May,1,1,"S$ 2,000 /mo",EW9 Aljunied MRT Station,0.20 km
11,Sims Residences,Apartment,1442 sqft ,8 Lorong 39 Geylang, Ready to move,4,3,"S$ 4,299 /mo",EW9 Aljunied MRT Station,0.90 km
12,The Sunny Spring,Fully Furnished Apartment,70 sqft ,50 Lorong 40 Geylang, Ready to move,Room,0,S$ 900 /mo,EW9 Aljunied MRT Station,0.85 km
13,1 Pine Close,Fully Furnished HDB Apartment,200 sqft ,1 Pine Close, S$ 3.50 psf,Room,0,S$ 700 /mo,EW9 Aljunied MRT Station,0.94 km
14,D'Weave,Fully Furnished Condominium,550 sqft ,5 Lorong 39 Geylang, S$ 4.36 psf,2,1,"S$ 2,400 /mo",EW9 Aljunied MRT Station,0.88 km
15,Guillemard Suites,Partially Furnished Apartment,538 sqft ,213 Guillemard Road, S$ 3.90 psf,1,2,"S$ 2,100 /mo",EW9 Aljunied MRT Station,0.65 km
16,44 Sims Drive,Partially Furnished HDB Apartment,161 sqft ,44 Sims Drive, Ready to move,Room,0,S$ 700 /mo,EW9 Aljunied MRT Station,0.65 km
17,Cassia Edge,Fully Furnished Apartment,700 sqft ,343 Guillemard Road, Available from 1 Jun,2,1,"S$ 2,000 /mo",EW9 Aljunied MRT Station,0.62 km
18,Cassia Edge,Fully Furnished Apartment,400 sqft ,343 Guillemard Road, Ready to move,Studio,0,"S$ 1,800 /mo",EW9 Aljunied MRT Station,0.62 km
19,Loft 33 @ Geylang,Partially Furnished Condominium,400 sqft ,33 Geylang Lorong 32, Ready to move,1,1,"S$ 1,900 /mo",EW9 Aljunied MRT Station,0.62 km
0,Loft 33 @ Geylang,Fully Furnished Condominium,400 sqft ,33 Geylang Lorong 32, Ready to move,1,2,"S$ 1,700 /mo",EW9 Aljunied MRT Station,0.62 km
1,Sims Urban Oasis,Partially Furnished Condominium,700 sqft ,Sims Drive, Ready to move,2,1,"S$ 2,800 /mo",EW9 Aljunied MRT Station,0.32 km
2,Sims Urban Oasis,Partially Furnished Condominium,350 sqft ,Sims Drive, Ready to move,Studio,0,"S$ 1,750 /mo",EW9 Aljunied MRT Station,0.32 km
3,52 Sims Place,Fully Furnished HDB Apartment,150 sqft ,52 Sims Place, Available from 16 Apr,Room,0,S$ 400 /mo,EW9 Aljunied MRT Station,0.29 km
4,Sims Urban Oasis,Partially Furnished Condominium,624 sqft ,2 Sims Drive, Ready to move,2,1,"S$ 2,500 /mo",EW9 Aljunied MRT Station,0.32 km
5,Smart Suites,Fully Furnished Condominium,452 sqft ,302 Sims Avenue, Ready to move,1,1,"S$ 2,100 /mo",EW9 Aljunied MRT Station,0.18 km
6,Treasures @ G19,Fully Furnished Condominium,377 sqft ,33 Lorong 19 Geylang, Ready to move,1,1,"S$ 2,000 /mo",EW9 Aljunied MRT Station,0.51 km
7,Sims Urban Oasis,Fully Furnished Condominium,484 sqft ,(within 0.32 km), Ready to move,1,1,"S$ 2,250 /mo",EW9 Aljunied MRT Station,0.32 km
8,Sims Urban Oasis,Partially Furnished Condominium,667 sqft ,Sims Drive, Ready to move,2,1,"S$ 2,500 /mo",EW9 Aljunied MRT Station,0.32 km
9,Sims Urban Oasis,Condominium,624 sqft ,(within 0.32 km), Ready to move,2,1,"S$ 2,500 /mo",EW9 Aljunied MRT Station,0.32 km
10,Le Regal,Fully Furnished Apartment,366 sqft ,340 Geylang Road, Ready to move,1,1,"S$ 1,800 /mo",EW9 Aljunied MRT Station,0.53 km
11,FREE BREAKFAST ! GREAT SLEEK MODERN HOME @ MRT,Partially Furnished Condominium,900 sqft ,(within 0.95 km), Ready to move,2,2,"S$ 3,410 /mo",EW9 Aljunied MRT Station,0.95 km
12,Sims Edge,Partially Furnished Condominium,506 sqft ,1 Geylang East Avenue 2, Ready to move,2,1,"S$ 2,500 /mo",EW9 Aljunied MRT Station,0.56 km
13,Rezi 3Two,Fully Furnished Apartment,220 sqft ,48 Lorong 32 Geylang, Ready to move,Room,0,"S$ 1,500 /mo",EW9 Aljunied MRT Station,0.64 km
14,"No 11A, Lorong 33 Geylang",Fully Furnished Walk-up,1733 sqft ,Lorong 33 Geylang, Ready to move,3,3,"S$ 3,800 /mo",EW9 Aljunied MRT Station,0.56 km
15,Cassia View,Partially Furnished Condominium,1206 sqft ,320 Guillemard Road, Available from 1 Jun,3,3,"S$ 3,100 /mo",EW9 Aljunied MRT Station,0.70 km
16,The Centren,Fully Furnished Apartment,300 sqft ,Lorong 27 Geylang, Ready to move,1,1,"S$ 1,350 /mo",EW9 Aljunied MRT Station,0.29 km
17,Athena Ville,Partially Furnished Apartment,980 sqft ,25 Lorong 29 Geylang, Ready to move,2,2,"S$ 2,400 /mo",EW9 Aljunied MRT Station,0.38 km
18,Athena Ville,Partially Furnished Apartment,1044 sqft ,25 Lorong 29 Geylang, Ready to move,1,1,"S$ 2,400 /mo",EW9 Aljunied MRT Station,0.38 km
19,43 Sims Drive,HDB Apartment,200 sqft ,43 Sims Drive, Ready to move,Room,0,S$ 750 /mo,EW9 Aljunied MRT Station,0.72 km
0,Guillemard Edge,Fully Furnished Condominium,603 sqft ,38 Lorong 30 Geylang, Available from 30 Apr,2,1,"S$ 2,800 /mo",EW9 Aljunied MRT Station,0.60 km
1,11 Lorong 33 Geylang,Fully Furnished Apartment,1500 sqft ,11 Lorong 33 Geylang, Ready to move,3,3,"S$ 3,800 /mo",EW9 Aljunied MRT Station,0.58 km
2,Wing Fong Mansions,Partially Furnished Apartment,1130 sqft ,12 Lorong 14 Geylang, Ready to move,3,2,"S$ 2,600 /mo",EW9 Aljunied MRT Station,0.78 km
3,The Sunny Spring,Fully Furnished Apartment,1195 sqft ,50 Lorong 40 Geylang, Ready to move,3,3,"S$ 3,300 /mo",EW9 Aljunied MRT Station,0.85 km
4,Rezi 3Two,Fully Furnished Apartment,969 sqft ,48 Lorong 32 Geylang, Ready to move,3,3,"S$ 3,600 /mo",EW9 Aljunied MRT Station,0.64 km
5,Casa Aerata,Fully Furnished Apartment,549 sqft ,9 Lorong 26 Geylang, Ready to move,2,1,"S$ 2,200 /mo",EW9 Aljunied MRT Station,0.52 km
6,45 Sims Drive,Fully Furnished HDB Apartment,699 sqft ,45 Sims Drive, Ready to move,2,1,"S$ 1,800 /mo",EW9 Aljunied MRT Station,0.51 km
7,Centra Suites,Fully Furnished Apartment,734 sqft ,38 Geylang Lorong 25A, Ready to move,1,1,"S$ 2,300 /mo",EW9 Aljunied MRT Station,0.20 km
8,Aston Mansions,Partially Furnished Apartment,1152 sqft ,7 Lorong 42 Geylang, S$ 3.04 psf,3,3,"S$ 3,500 /mo",EW9 Aljunied MRT Station,0.90 km
9,Sims Edge,Fully Furnished Condominium,581 sqft ,1 Geylang East Avenue 2, S$ 3.87 psf,2,1,"S$ 2,250 /mo",EW9 Aljunied MRT Station,0.56 km
10,Viento,Fully Furnished Condominium,453 sqft ,29 Lorong 30 Geylang, Available from 15 Jun,1,1,"S$ 2,000 /mo",EW9 Aljunied MRT Station,0.62 km
11,Guillemard Edge,Partially Furnished Condominium,549 sqft ,38 Lorong 30 Geylang, S$ 4.01 psf,2,1,"S$ 2,200 /mo",EW9 Aljunied MRT Station,0.60 km
12,"ALLOW WORKERS, LORONG 8 GEYLANG (WALK UP APARTMENT)",Unfurnished Walk-up,1100 sqft ,31A Guillemard road, S$ 2.36 psf,3,1,"S$ 2,600 /mo",EW9 Aljunied MRT Station,0.91 km
13,Sims Urban Oasis,Partially Furnished Condominium,667 sqft ,10 Sims Drive, Ready to move,2,1,"S$ 2,500 /mo",EW9 Aljunied MRT Station,0.32 km
14,Sims Residences,Apartment,1442 sqft ,8 Lorong 39 Geylang, Ready to move,4,2,"S$ 4,300 /mo",EW9 Aljunied MRT Station,0.90 km
15,46 Sims Place,Fully Furnished HDB Apartment,700 sqft ,46 Sims Place, Ready to move,2,1,"S$ 1,800 /mo",EW9 Aljunied MRT Station,0.48 km
16,The Sunny Spring,Fully Furnished Apartment,300 sqft ,50 Lorong 40 Geylang, Ready to move,Room,0,"S$ 1,000 /mo",EW9 Aljunied MRT Station,0.85 km
17,Treasures @ G20,Fully Furnished Condominium,940 sqft ,35 Lorong 20 Geylang, Ready to move,1,1,"S$ 2,200 /mo",EW9 Aljunied MRT Station,0.60 km
18,11Lorong 34 Geylang,Fully Furnished Apartment,980 sqft ,Lorong 34 Geylang, S$ 2.65 psf,1,1,"S$ 2,600 /mo",EW9 Aljunied MRT Station,0.61 km
19,Sims Urban Oasis,Partially Furnished Condominium,980 sqft ,(within 0.32 km), Ready to move,3,2,"S$ 3,800 /mo",EW9 Aljunied MRT Station,0.32 km
0,Sims Green,Fully Furnished Apartment,1249 sqft ,7 Lorong 27A Geylang, Ready to move,3,2,"S$ 3,500 /mo",EW9 Aljunied MRT Station,0.28 km
1,11 Pine Close,Fully Furnished HDB Apartment,1184 sqft ,11 Pine Close, Ready to move,3,2,"S$ 3,000 /mo",EW9 Aljunied MRT Station,0.92 km
2,Guillemard Suites,Apartment,300 sqft ,213 Guillemard Road, Available from 1 May,1,1,"S$ 1,500 /mo",EW9 Aljunied MRT Station,0.65 km
3,#1 Suites (One Suites),Fully Furnished Condominium,300 sqft ,1 Lorong 20 Geylang, Ready to move,Studio,0,"S$ 1,300 /mo",EW9 Aljunied MRT Station,0.48 km
4,42 Cassia Crescent,HDB Apartment,150 sqft ,42 Cassia Crescent, Ready to move,Room,0,S$ 850 /mo,EW9 Aljunied MRT Station,0.77 km
5,The Midas,Apartment,150 sqft ,26 Lorong 30 Geylang, S$ 8.00 psf,Room,0,"S$ 1,200 /mo",EW9 Aljunied MRT Station,0.53 km
6,11 Pine Close,Fully Furnished HDB Apartment,1184 sqft ,11 Pine Close, Ready to move,3,2,"S$ 3,000 /mo",EW9 Aljunied MRT Station,0.83 km
7,Geylang Shophouse For Rent,Unfurnished Shophouse,"1100 sqft, 1100 sqft (land) ",(within 0.55 km), Ready to move,3,2,"S$ 3,000 /mo",EW9 Aljunied MRT Station,0.55 km
8,Ever Lodge,Apartment,150 sqft ,685 Geylang Road, Ready to move,Room,0,"S$ 1,100 /mo",EW9 Aljunied MRT Station,0.70 km
9,21 Lorong Tahar,Partially Furnished Apartment,120 sqft ,21 Lorong Tahar 387757, Ready to move,Room,0,"S$ 1,100 /mo",EW9 Aljunied MRT Station,0.90 km
10,Regal 35,Partially Furnished Apartment,1119 sqft ,15 Lorong 35 Geylang, Ready to move,3,2,"S$ 3,000 /mo",EW9 Aljunied MRT Station,0.61 km
11,Pu Tian Building,Fully Furnished Apartment,1580 sqft ,387980, Ready to move,3,3,"S$ 3,500 /mo",EW9 Aljunied MRT Station,0.59 km
12,Treasures @ G19,Fully Furnished Condominium,377 sqft ,33 Lorong 19 Geylang, Ready to move,1,1,"S$ 1,800 /mo",EW9 Aljunied MRT Station,0.53 km
13,Sims Edge,Fully Furnished Condominium,506 sqft ,1 Geylang East Avenue 2, Available from 1 May,2,1,"S$ 2,100 /mo",EW9 Aljunied MRT Station,0.56 km
14,Sims Urban Oasis,Partially Furnished Condominium,624 sqft ,Sims Drive, Ready to move,2,1,"S$ 2,500 /mo",EW9 Aljunied MRT Station,0.32 km
15,Guillemard Edge,Fully Furnished Condominium,409 sqft ,38 Lorong 30 Geylang, Available from 15 Apr,1,1,"S$ 1,900 /mo",EW9 Aljunied MRT Station,0.60 km
16,WOW ! This Is NICE NICE LOFT ! CLASSIC BEAUTY ! MRT,Partially Furnished Shophouse,2500 sqft ,Paya Lebar Mrt, Ready to move,3,2,"S$ 5,750 /mo",EW9 Aljunied MRT Station,0.91 km
17,Sims Residences,Fully Furnished Apartment,1442 sqft ,8 Lorong 39 Geylang, Ready to move,4,2,"S$ 4,300 /mo",EW9 Aljunied MRT Station,0.90 km
18,The Sanctuary @ Geylang,Fully Furnished Apartment,646 sqft ,1 Geylang Lorong 30, Ready to move,1,1,"S$ 2,800 /mo",EW9 Aljunied MRT Station,0.51 km
19,123 Paya Lebar Way,Fully Furnished HDB Apartment,1291 sqft ,123 Paya Lebar Way, Ready to move,3,2,"S$ 2,300 /mo",EW9 Aljunied MRT Station,0.70 km
