0,690 Jurong West Central 1,Partially Furnished HDB Apartment,1066 sqft ,690 Jurong West Central 1, Ready to move,3,2,"S$ 2,300 /mo",EW27 Boon Lay MRT Station,0.33 km
1,631 Jurong West Street 65,Partially Furnished HDB Apartment,1100 sqft ,631 Jurong West Street 65, Ready to move,3,2,"S$ 2,100 /mo",EW27 Boon Lay MRT Station,0.84 km
2,662A Jurong West Street 64,Fully Furnished HDB Apartment,1300 sqft ,662A Jurong West Street 64, Ready to move,3,2,"S$ 2,300 /mo",EW27 Boon Lay MRT Station,0.38 km
3,The Centris,Fully Furnished Apartment,1050 sqft ,65 Jurong West Central 3, Ready to move,2,2,"S$ 2,700 /mo",EW27 Boon Lay MRT Station,0.13 km
4,652C Jurong West Street 61,Fully Furnished HDB Apartment,1184 sqft ,652C Jurong West Street 61, Available from 1 May,3,2,"S$ 2,500 /mo",EW27 Boon Lay MRT Station,1.00 km
5,656D Jurong West Street 61,Fully Furnished HDB Apartment,1420 sqft ,656D Jurong West Street 61, Ready to move,3,2,"S$ 2,500 /mo",EW27 Boon Lay MRT Station,0.76 km
6,620 Jurong West Street 65,Partially Furnished HDB Apartment,1184 sqft ,620 Jurong West Street 65, S$ 1.94 psf,3,2,"S$ 2,300 /mo",EW27 Boon Lay MRT Station,0.80 km
7,635 Jurong West Street 65,Fully Furnished HDB Apartment,1184 sqft ,635 Jurong West Street 65, Ready to move,3,2,"S$ 2,300 /mo",EW27 Boon Lay MRT Station,0.97 km
8,663A Jurong West Street 65,Fully Furnished HDB Apartment,968 sqft ,663A Jurong West Street 65, Ready to move,3,2,"S$ 2,250 /mo",EW27 Boon Lay MRT Station,0.47 km
9,620 Jurong West Street 65,Fully Furnished HDB Apartment,1184 sqft ,620 Jurong West Street 65, Ready to move,3,2,"S$ 2,200 /mo",EW27 Boon Lay MRT Station,0.80 km
10,654A Jurong West Street 61,Fully Furnished HDB Apartment,1184 sqft ,654A Jurong West Street 61, Available from 1 May,3,2,"S$ 2,700 /mo",EW27 Boon Lay MRT Station,0.89 km
11,The Centris,Fully Furnished Apartment,1297 sqft ,87 Jurong West Central 3, Ready to move,3,3,"S$ 3,900 /mo",EW27 Boon Lay MRT Station,0.13 km
12,676A Jurong West Street 64,Fully Furnished HDB Apartment,1185 sqft ,676A Jurong West Street 64, Ready to move,3,2,"S$ 2,000 /mo",EW27 Boon Lay MRT Station,0.91 km
13,The Centris,Fully Furnished Apartment,1066 sqft ,67 Jurong West Central 3, Available from 15 Apr,3,2,"S$ 3,488 /mo",EW27 Boon Lay MRT Station,0.13 km
14,664A Jurong West Street 64,Partially Furnished HDB Apartment,1184 sqft ,664A Jurong West Street 64, Ready to move,3,2,"S$ 2,500 /mo",EW27 Boon Lay MRT Station,0.30 km
15,649B Jurong West Street 61,Fully Furnished HDB Apartment,1141 sqft ,649B Jurong West Street 61, S$ 1.93 psf,3,2,"S$ 2,200 /mo",EW27 Boon Lay MRT Station,0.88 km
16,The Centris,Fully Furnished Apartment,1011 sqft ,65 Jurong West Central 3, Available from 18 Apr,2,2,"S$ 2,700 /mo",EW27 Boon Lay MRT Station,0.13 km
17,663A Jurong West Street 65,Fully Furnished HDB Apartment,980 sqft ,663A Jurong West Street 65, Ready to move,3,2,"S$ 2,250 /mo",EW27 Boon Lay MRT Station,0.47 km
18,The Centris,Fully Furnished Apartment,1302 sqft ,75 Jurong West Central 3, Ready to move,3,3,"S$ 4,100 /mo",EW27 Boon Lay MRT Station,0.13 km
19,649A Jurong West Street 61,Fully Furnished HDB Apartment,1190 sqft ,649A Jurong West Street 61, Ready to move,3,2,"S$ 2,500 /mo",EW27 Boon Lay MRT Station,0.95 km
0,Summerdale,Fully Furnished Condominium,1269 sqft ,10 Boon Lay Drive, Ready to move,3,3,"S$ 2,800 /mo",EW27 Boon Lay MRT Station,0.81 km
1,The Centris,Fully Furnished Apartment,1561 sqft ,83 Jurong West Central 3, Ready to move,2,2,"S$ 3,700 /mo",EW27 Boon Lay MRT Station,0.13 km
2,The Centris,Fully Furnished Apartment,1259 sqft ,87 Jurong West Central 3, Ready to move,3,3,"S$ 3,499 /mo",EW27 Boon Lay MRT Station,0.13 km
3,611 Jurong West Street 65,Fully Furnished HDB Apartment,201 sqft ,611 Jurong West Street 65, Ready to move,Room,0,"S$ 1,000 /mo",EW27 Boon Lay MRT Station,0.56 km
4,736 Jurong West Street 75,Fully Furnished HDB Apartment,1109 sqft ,736 Jurong West Street 75, Available from 1 May,Room,0,S$ 680 /mo,EW27 Boon Lay MRT Station,0.99 km
5,661A Jurong West Street 64,HDB Apartment,161 sqft ,661A Jurong West Street 64, Ready to move,Room,0,S$ 600 /mo,EW27 Boon Lay MRT Station,0.33 km
6,610 Jurong West Street 65,Fully Furnished HDB Apartment,1205 sqft ,610 Jurong West Street 65, Ready to move,3,2,"S$ 2,250 /mo",EW27 Boon Lay MRT Station,0.54 km
7,652A Jurong West Street 61,Fully Furnished HDB Apartment,1173 sqft ,652A Jurong West Street 61, Available from 10 Apr,3,2,"S$ 2,500 /mo",EW27 Boon Lay MRT Station,0.86 km
8,662B Jurong West Street 64,Fully Furnished HDB Apartment,193 sqft ,662B Jurong West Street 64, Ready to move,Room,0,S$ 650 /mo,EW27 Boon Lay MRT Station,0.32 km
9,The Centris,Fully Furnished Apartment,936 sqft ,85 Jurong West Central 3, S$ 3.47 psf,2,2,"S$ 3,250 /mo",EW27 Boon Lay MRT Station,0.13 km
10,679A Jurong West Central 1,Fully Furnished HDB Apartment,1506 sqft ,679A Jurong West Central 1, Ready to move,4,2,"S$ 2,500 /mo",EW27 Boon Lay MRT Station,0.64 km
11,678B Jurong West Street 64,HDB Apartment,980 sqft ,678B Jurong West Street 64, S$ 2.45 psf,3,2,"S$ 2,400 /mo",EW27 Boon Lay MRT Station,0.79 km
12,The Centris,Fully Furnished Condominium,1119 sqft ,81 Jurong West Central 3, Available from 18 Apr,3,3,"S$ 3,499 /mo",EW27 Boon Lay MRT Station,0.13 km
13,655 Jurong West Street 61,Partially Furnished HDB Apartment,140 sqft ,655 Jurong West Street 61, Ready to move,Room,0,S$ 750 /mo,EW27 Boon Lay MRT Station,0.92 km
14,660A Jurong West Street 64,Fully Furnished HDB Apartment,1184 sqft ,660A Jurong West Street 64, S$ 1.86 psf,3,2,"S$ 2,200 /mo",EW27 Boon Lay MRT Station,0.35 km
15,664A Jurong West Street 64,HDB Apartment,980 sqft ,664A Jurong West Street 64, Ready to move,3,2,"S$ 2,400 /mo",EW27 Boon Lay MRT Station,0.30 km
16,The Centris,Fully Furnished Apartment,1991 sqft ,75 Jurong West Central 3, Ready to move,3,3,"S$ 3,800 /mo",EW27 Boon Lay MRT Station,0.13 km
17,174 Boon Lay Drive,Fully Furnished HDB Apartment,635 sqft ,174 Boon Lay Drive, Available from 12 May,2,2,"S$ 1,800 /mo",EW27 Boon Lay MRT Station,0.97 km
18,662B Jurong West Street 64,HDB Apartment,1184 sqft ,662B Jurong West Street 64, Ready to move,3,2,"S$ 2,100 /mo",EW27 Boon Lay MRT Station,0.32 km
19,The Centris,Fully Furnished Apartment,1228 sqft ,87 Jurong West Central 3, Ready to move,3,3,"S$ 3,650 /mo",EW27 Boon Lay MRT Station,0.13 km
0,668B Jurong West Street 64,Fully Furnished HDB Apartment,969 sqft ,668B Jurong West Street 64, Ready to move,3,2,"S$ 2,300 /mo",EW27 Boon Lay MRT Station,0.49 km
1,628 Jurong West Street 65,Fully Furnished HDB Apartment,1300 sqft ,628 Jurong West Street 65, Ready to move,3,2,"S$ 2,300 /mo",EW27 Boon Lay MRT Station,0.85 km
2,620 Jurong West Street 65,Fully Furnished HDB Apartment,1186 sqft ,620 Jurong West Street 65, Ready to move,3,2,"S$ 2,220 /mo",EW27 Boon Lay MRT Station,0.80 km
3,Summerdale,Fully Furnished Condominium,160 sqft ,Boon Lay Drive, Ready to move,Room,0,"S$ 1,000 /mo",EW27 Boon Lay MRT Station,0.81 km
4,662D Jurong West Street 64,HDB Apartment,1184 sqft ,662D Jurong West Street 64, S$ 1.77 psf,3,2,"S$ 2,100 /mo",EW27 Boon Lay MRT Station,0.25 km
5,620 Jurong West Street 65,Fully Furnished HDB Apartment,1331 sqft ,620 Jurong West Street 65, Ready to move,3,2,"S$ 2,200 /mo",EW27 Boon Lay MRT Station,0.80 km
6,668D Jurong West Street 64,Fully Furnished HDB Apartment,700 sqft ,668D Jurong West Street 64, Ready to move,2,1,S$ 700 /mo,EW27 Boon Lay MRT Station,0.46 km
7,671B Jurong West Street 65,Fully Furnished HDB Apartment,1356 sqft ,671B Jurong West Street 65, Ready to move,3,2,"S$ 2,400 /mo",EW27 Boon Lay MRT Station,0.76 km
8,The Centris,Fully Furnished Apartment,1345 sqft ,65 Jurong West Central 3, Ready to move,3,3,"S$ 4,600 /mo",EW27 Boon Lay MRT Station,0.13 km
9,Summerdale,Fully Furnished Condominium,1399 sqft ,8 Boon Lay Drive, Ready to move,3,3,"S$ 2,900 /mo",EW27 Boon Lay MRT Station,0.81 km
10,652A Jurong West Street 61,Fully Furnished HDB Apartment,1184 sqft ,652A Jurong West Street 61, Ready to move,3,2,"S$ 2,500 /mo",EW27 Boon Lay MRT Station,0.86 km
11,620 Jurong West Street 65,Fully Furnished HDB Apartment,1184 sqft ,620 Jurong West Street 65, Ready to move,3,2,"S$ 2,100 /mo",EW27 Boon Lay MRT Station,0.80 km
12,669A Jurong West Street 64,Partially Furnished HDB Apartment,1400 sqft ,669A Jurong West Street 64, Ready to move,3,2,"S$ 2,700 /mo",EW27 Boon Lay MRT Station,0.60 km
13,618 Jurong West Street 65,Fully Furnished HDB Apartment,1184 sqft ,618 Jurong West Street 65, Ready to move,3,2,"S$ 2,200 /mo",EW27 Boon Lay MRT Station,0.71 km
14,The Centris,Fully Furnished Apartment,1044 sqft ,65 Jurong West Central 3, Ready to move,2,2,"S$ 3,250 /mo",EW27 Boon Lay MRT Station,0.13 km
15,682B Jurong West Central 1,Fully Furnished HDB Apartment,1227 sqft ,682B Jurong West Central 1, Ready to move,3,2,"S$ 2,450 /mo",EW27 Boon Lay MRT Station,0.57 km
16,Summerdale,Fully Furnished Condominium,1378 sqft ,2 Boon Lay Drive, Ready to move,3,3,"S$ 3,200 /mo",EW27 Boon Lay MRT Station,0.81 km
17,657A Jurong West Street 65,Fully Furnished HDB Apartment,110 sqft ,657A Jurong West Street 65, Ready to move,Room,0,S$ 700 /mo,EW27 Boon Lay MRT Station,0.72 km
18,658C Jurong West Street 65,HDB Apartment,1184 sqft ,658C Jurong West Street 65, Ready to move,3,2,"S$ 2,300 /mo",EW27 Boon Lay MRT Station,0.63 km
19,676B Jurong West Street 64,HDB Apartment,1022 sqft ,676B Jurong West Street 64, Available from 1 Jun,3,2,"S$ 2,300 /mo",EW27 Boon Lay MRT Station,0.79 km
0,678B Jurong West Street 64,HDB Apartment,980 sqft ,678B Jurong West Street 64, Ready to move,3,2,"S$ 2,400 /mo",EW27 Boon Lay MRT Station,0.79 km
1,631 Jurong West Street 65,Fully Furnished HDB Apartment,1184 sqft ,631 Jurong West Street 65, Available from 5 May,3,2,"S$ 2,000 /mo",EW27 Boon Lay MRT Station,0.84 km
2,The Centris,Fully Furnished Apartment,1259 sqft ,65 Jurong West Central 3, Ready to move,3,2,"S$ 3,500 /mo",EW27 Boon Lay MRT Station,0.13 km
3,The Centris,Fully Furnished Apartment,936 sqft ,85 Jurong West Central 3, Ready to move,2,2,"S$ 3,200 /mo",EW27 Boon Lay MRT Station,0.13 km
4,664A Jurong West Street 64,Fully Furnished HDB Apartment,1184 sqft ,664A Jurong West Street 64, Ready to move,3,2,"S$ 2,300 /mo",EW27 Boon Lay MRT Station,0.30 km
5,The Centris,Fully Furnished Apartment,250 sqft ,65 Jurong West Central 3, Ready to move,Room,0,"S$ 1,500 /mo",EW27 Boon Lay MRT Station,0.13 km
6,The Centris,Fully Furnished Apartment,1100 sqft ,65 Jurong West Central 3, Ready to move,3,3,"S$ 3,500 /mo",EW27 Boon Lay MRT Station,0.13 km
7,625 Jurong West Street 61,Fully Furnished HDB Apartment,1184 sqft ,625 Jurong West Street 61, Ready to move,3,2,"S$ 2,200 /mo",EW27 Boon Lay MRT Station,0.84 km
8,635 Jurong West Street 65,Fully Furnished HDB Apartment,1184 sqft ,635 Jurong West Street 65, Ready to move,3,2,"S$ 2,300 /mo",EW27 Boon Lay MRT Station,0.97 km
9,262 Boon Lay Drive,Fully Furnished HDB Apartment,1173 sqft ,262 Boon Lay Drive, Ready to move,3,2,"S$ 2,100 /mo",EW27 Boon Lay MRT Station,0.74 km
10,681C Jurong West Central 1,Partially Furnished HDB Apartment,1022 sqft ,681C Jurong West Central 1, Ready to move,3,2,"S$ 2,200 /mo",EW27 Boon Lay MRT Station,0.72 km
11,The Centris,Fully Furnished Apartment,1302 sqft ,65 Jurong West Central 3, Ready to move,3,3,"S$ 4,100 /mo",EW27 Boon Lay MRT Station,0.13 km
12,The Centris,Fully Furnished Apartment,1259 sqft ,65 Jurong West Central 3, Ready to move,3,2,"S$ 3,600 /mo",EW27 Boon Lay MRT Station,0.13 km
13,The Centris,Fully Furnished Apartment,1302 sqft ,65 Jurong West Central 3, Ready to move,3,3,"S$ 4,080 /mo",EW27 Boon Lay MRT Station,0.13 km
14,Summerdale,Fully Furnished Condominium,1270 sqft ,10 Boon Lay Drive, Ready to move,3,3,"S$ 2,900 /mo",EW27 Boon Lay MRT Station,0.81 km
15,654B Jurong West Street 61,Fully Furnished HDB Apartment,300 sqft ,654B Jurong West Street 61, Ready to move,Room,0,S$ 900 /mo,EW27 Boon Lay MRT Station,0.94 km
16,Summerdale,Fully Furnished Condominium,1270 sqft ,2 Boon Lay Drive, S$ 2.36 psf,3,3,"S$ 2,999 /mo",EW27 Boon Lay MRT Station,0.81 km
17,Master Room At Blk 659B Jurong West,Fully Furnished HDB Apartment,200 sqft ,659B Jurong West Street 65, Ready to move,Room,0,S$ 800 /mo,EW27 Boon Lay MRT Station,0.40 km
18,656C Jurong West Street 61,Fully Furnished HDB Apartment,1184 sqft ,656C Jurong West Street 61, Ready to move,3,2,"S$ 2,600 /mo",EW27 Boon Lay MRT Station,0.67 km
19,The Centris,Fully Furnished Apartment,1302 sqft ,65 Jurong West Central 3, Ready to move,3,3,"S$ 4,000 /mo",EW27 Boon Lay MRT Station,0.13 km
0,The Centris,Fully Furnished Apartment,1259 sqft ,65 Jurong West Central 3, Ready to move,3,3,"S$ 3,600 /mo",EW27 Boon Lay MRT Station,0.13 km
1,684C Jurong West Street 64,Fully Furnished HDB Apartment,1184 sqft ,684C Jurong West Street 64, Ready to move,3,2,"S$ 2,300 /mo",EW27 Boon Lay MRT Station,0.61 km
2,656A Jurong West Street 61,Fully Furnished HDB Apartment,1300 sqft ,656A Jurong West Street 61, Ready to move,3,2,"S$ 2,400 /mo",EW27 Boon Lay MRT Station,0.81 km
3,630 Jurong West Street 65,Fully Furnished HDB Apartment,100 sqft ,630 Jurong West Street 65, Ready to move,Room,0,S$ 600 /mo,EW27 Boon Lay MRT Station,0.79 km
4,692 Jurong West Central 1,Fully Furnished HDB Apartment,1367 sqft ,692 Jurong West Central 1, Ready to move,4,2,"S$ 2,600 /mo",EW27 Boon Lay MRT Station,0.41 km
5,606 Jurong West Street 65,HDB Apartment,1432 sqft ,606 Jurong West Street 65, Ready to move,3,2,"S$ 2,200 /mo",EW27 Boon Lay MRT Station,0.74 km
6,The Centris,Fully Furnished Condominium,1227 sqft ,87 Jurong West Central 3, Ready to move,3,3,"S$ 4,000 /mo",EW27 Boon Lay MRT Station,0.13 km
7,The Centris,Fully Furnished Apartment,250 sqft ,65 Jurong West Central 3, Ready to move,Room,0,"S$ 1,800 /mo",EW27 Boon Lay MRT Station,0.13 km
8,The Centris,Fully Furnished Condominium,200 sqft ,67 Jurong West Central 3, Ready to move,Room,0,"S$ 1,000 /mo",EW27 Boon Lay MRT Station,0.13 km
9,676B Jurong West Street 64,HDB Apartment,1184 sqft ,676B Jurong West Street 64, Ready to move,3,2,"S$ 2,150 /mo",EW27 Boon Lay MRT Station,0.79 km
10,611 Jurong West Street 65,Fully Furnished HDB Apartment,1216 sqft ,611 Jurong West Street 65, Ready to move,2,2,"S$ 2,000 /mo",EW27 Boon Lay MRT Station,0.56 km
11,Blk 683 Jurong West Central 1,Fully Furnished HDB Apartment,182 sqft ,936 jurong west central1, S$ 2.75 psf,Room,0,S$ 500 /mo,EW27 Boon Lay MRT Station,0.48 km
12,665B Jurong West Street 64,HDB Apartment,1399 sqft ,665B Jurong West Street 64, Ready to move,4,2,"S$ 2,700 /mo",EW27 Boon Lay MRT Station,0.39 km
13,633 Jurong West Street 65,Fully Furnished HDB Apartment,979 sqft ,633 Jurong West Street 65, S$ 2.04 psf,3,2,"S$ 2,000 /mo",EW27 Boon Lay MRT Station,0.93 km
14,The Centris,Fully Furnished Apartment,1066 sqft ,65 Jurong West Central 3, Ready to move,3,2,"S$ 3,300 /mo",EW27 Boon Lay MRT Station,0.13 km
15,The Centris,Fully Furnished Apartment,958 sqft ,65 Jurong West Central 3, Ready to move,2,2,"S$ 3,299 /mo",EW27 Boon Lay MRT Station,0.13 km
16,The Centris,Fully Furnished Apartment,936 sqft ,65 Jurong West Central 3, Ready to move,2,2,"S$ 3,000 /mo",EW27 Boon Lay MRT Station,0.13 km
17,683C Jurong West Street 64,Fully Furnished HDB Apartment,1109 sqft ,683C Jurong West Street 64, Ready to move,3,2,"S$ 2,299 /mo",EW27 Boon Lay MRT Station,0.58 km
18,692 Jurong West Central 1,Fully Furnished HDB Apartment,1367 sqft ,692 Jurong West Central 1, Ready to move,4,2,"S$ 2,500 /mo",EW27 Boon Lay MRT Station,0.41 km
19,611 Jurong West Street 65,Fully Furnished HDB Apartment,200 sqft ,611 Jurong West Street 65, Ready to move,1,1,"S$ 1,000 /mo",EW27 Boon Lay MRT Station,0.56 km
0,611 Jurong West Street 65,Fully Furnished HDB Apartment,100 sqft ,611 Jurong West Street 65, Ready to move,Room,0,S$ 400 /mo,EW27 Boon Lay MRT Station,0.56 km
1,685C Jurong West Central 1,Fully Furnished HDB Apartment,150 sqft ,685C Jurong West Central 1, Ready to move,Room,0,S$ 650 /mo,EW27 Boon Lay MRT Station,0.49 km
2,684C Jurong West Street 64,Fully Furnished HDB Apartment,990 sqft ,684C Jurong West Street 64, Ready to move,3,2,"S$ 2,100 /mo",EW27 Boon Lay MRT Station,0.61 km
3,656C Jurong West Street 61,Fully Furnished HDB Apartment,1184 sqft ,656C Jurong West Street 61, Ready to move,3,2,"S$ 2,700 /mo",EW27 Boon Lay MRT Station,0.67 km
4,664C Jurong West Street 64,Fully Furnished HDB Apartment,120 sqft ,664C Jurong West Street 64, Ready to move,Room,0,S$ 650 /mo,EW27 Boon Lay MRT Station,0.30 km
5,621 Jurong West Street 65,Fully Furnished HDB Apartment,978 sqft ,621 Jurong West Street 65, Ready to move,3,2,"S$ 2,050 /mo",EW27 Boon Lay MRT Station,0.78 km
6,690 Jurong West Central 1,Fully Furnished HDB Apartment,110 sqft ,690 Jurong West Central 1, S$ 5.45 psf,Room,0,S$ 600 /mo,EW27 Boon Lay MRT Station,0.33 km
7,The Centris,Partially Furnished Apartment,1572 sqft ,65 Jurong West Central 3, S$ 2.35 psf,2,2,"S$ 3,699 /mo",EW27 Boon Lay MRT Station,0.13 km
8,671B Jurong West Street 65,Fully Furnished HDB Apartment,1345 sqft ,671B Jurong West Street 65, Ready to move,3,2,"S$ 2,400 /mo",EW27 Boon Lay MRT Station,0.76 km
9,690 Jurong West Central 1,Fully Furnished HDB Apartment,1065 sqft ,690 Jurong West Central 1, Ready to move,3,2,"S$ 2,350 /mo",EW27 Boon Lay MRT Station,0.33 km
10,681C Jurong West Central 1,Fully Furnished HDB Apartment,1000 sqft ,681C Jurong West Central 1, Ready to move,3,2,"S$ 2,250 /mo",EW27 Boon Lay MRT Station,0.72 km
11,659B Jurong West Street 65,Partially Furnished HDB Apartment,110 sqft ,659B Jurong West Street 65, Ready to move,3,2,"S$ 2,400 /mo",EW27 Boon Lay MRT Station,0.49 km
12,The Centris,Partially Furnished Condominium,1228 sqft ,87 Jurong West Central 3, Ready to move,3,3,"S$ 3,900 /mo",EW27 Boon Lay MRT Station,0.13 km
13,The Centris,Fully Furnished Condominium,1238 sqft ,79 Jurong West Central 3, Available from 31 May,3,3,"S$ 3,900 /mo",EW27 Boon Lay MRT Station,0.13 km
14,The Centris,Fully Furnished Apartment,1066 sqft ,71 Jurong West Central 3, Ready to move,3,3,"S$ 3,388 /mo",EW27 Boon Lay MRT Station,0.13 km
15,The Centris,Fully Furnished Condominium,1904 sqft ,65 Jurong West Central 3, Ready to move,3,3,"S$ 4,000 /mo",EW27 Boon Lay MRT Station,0.13 km
16,678C Jurong West Street 64,Fully Furnished HDB Apartment,120 sqft ,678C Jurong West Street 64, Ready to move,Room,0,S$ 850 /mo,EW27 Boon Lay MRT Station,0.76 km
17,678D Jurong West Street 64,Partially Furnished HDB Apartment,140 sqft ,678D Jurong West Street 64, Ready to move,Room,0,S$ 850 /mo,EW27 Boon Lay MRT Station,0.79 km
18,648C Jurong West Street 61,Fully Furnished HDB Apartment,1184 sqft ,648C Jurong West Street 61, Ready to move,3,2,"S$ 2,350 /mo",EW27 Boon Lay MRT Station,0.90 km
19,606 Jurong West Street 65,Fully Furnished HDB Apartment,1076 sqft ,606 Jurong West Street 65, S$ 2.04 psf,3,2,"S$ 2,200 /mo",EW27 Boon Lay MRT Station,0.74 km
0,658A Jurong West Street 65,Fully Furnished HDB Apartment,1205 sqft ,658A Jurong West Street 65, Available from 10 May,3,2,"S$ 2,400 /mo",EW27 Boon Lay MRT Station,0.57 km
1,659D Jurong West Street 65,Partially Furnished HDB Apartment,1184 sqft ,659D Jurong West Street 65, Available from 1 May,3,2,"S$ 2,200 /mo",EW27 Boon Lay MRT Station,0.45 km
2,The Centris,Fully Furnished Apartment,1238 sqft ,65 Jurong West Central 3, Ready to move,3,3,"S$ 3,800 /mo",EW27 Boon Lay MRT Station,0.13 km
3,619 Jurong West Street 65,Fully Furnished HDB Apartment,1184 sqft ,619 Jurong West Street 65, Ready to move,3,2,"S$ 2,400 /mo",EW27 Boon Lay MRT Station,0.76 km
4,661A Jurong West Street 64,Fully Furnished HDB Apartment,190 sqft ,661A Jurong West Street 64, Ready to move,Room,0,S$ 650 /mo,EW27 Boon Lay MRT Station,0.33 km
5,683B Jurong West Central 1,Fully Furnished HDB Apartment,150 sqft ,Jurong West Central 1, Available from 15 Apr,Room,0,S$ 650 /mo,EW27 Boon Lay MRT Station,0.51 km
6,The Centris,Fully Furnished Apartment,1065 sqft ,65 Jurong West Central 3, S$ 2.63 psf,2,2,"S$ 2,800 /mo",EW27 Boon Lay MRT Station,0.13 km
7,661D Jurong West Street 64,Fully Furnished HDB Apartment,100 sqft ,661D Jurong West Street 64, S$ 7.00 psf,Room,0,S$ 700 /mo,EW27 Boon Lay MRT Station,0.27 km
8,667C Jurong West Street 65,Fully Furnished HDB Apartment,200 sqft ,667C Jurong West Street 65, Ready to move,Room,0,S$ 900 /mo,EW27 Boon Lay MRT Station,0.52 km
9,654A Jurong West Street 61,Fully Furnished HDB Apartment,1184 sqft ,654A Jurong West Street 61, Ready to move,3,2,"S$ 2,400 /mo",EW27 Boon Lay MRT Station,0.89 km
10,656D Jurong West Street 61,Partially Furnished HDB Apartment,1420 sqft ,656D Jurong West Street 61, Ready to move,4,2,"S$ 2,500 /mo",EW27 Boon Lay MRT Station,0.76 km
11,257 Boon Lay Drive,Fully Furnished HDB Apartment,1200 sqft ,257 Boon Lay Drive, Ready to move,3,2,"S$ 2,300 /mo",EW27 Boon Lay MRT Station,0.87 km
12,619 Jurong West Street 65,Fully Furnished HDB Apartment,1184 sqft ,619 Jurong West Street 65, S$ 2.03 psf,3,2,"S$ 2,399 /mo",EW27 Boon Lay MRT Station,0.76 km
13,The Centris,Fully Furnished Apartment,250 sqft ,65 Jurong West Central 3, Ready to move,Room,0,"S$ 1,200 /mo",EW27 Boon Lay MRT Station,0.13 km
14,683C Jurong West Street 64,Fully Furnished HDB Apartment,1184 sqft ,683C Jurong West Street 64, Ready to move,3,2,"S$ 2,300 /mo",EW27 Boon Lay MRT Station,0.58 km
15,677B Jurong West Street 64,Partially Furnished HDB Apartment,1184 sqft ,677B Jurong West Street 64, Ready to move,5,2,"S$ 2,480 /mo",EW27 Boon Lay MRT Station,0.81 km
16,693 Jurong West Central 1,Fully Furnished HDB Apartment,300 sqft ,693 Jurong West Central 1, Ready to move,Room,0,S$ 900 /mo,EW27 Boon Lay MRT Station,0.48 km
17,618 Jurong West Street 65,HDB Apartment,1184 sqft ,618 Jurong West Street 65, S$ 1.86 psf,3,2,"S$ 2,200 /mo",EW27 Boon Lay MRT Station,0.71 km
18,648A Jurong West Street 61,HDB Apartment,1184 sqft ,648A Jurong West Street 61, Ready to move,3,2,"S$ 2,400 /mo",EW27 Boon Lay MRT Station,0.93 km
19,684B Jurong West Street 64,Fully Furnished HDB Apartment,1194 sqft ,684B Jurong West Street 64, Ready to move,2,2,"S$ 2,400 /mo",EW27 Boon Lay MRT Station,0.64 km
0,The Centris,Fully Furnished Apartment,1259 sqft ,79 Jurong West Central 3, Ready to move,3,3,"S$ 4,100 /mo",EW27 Boon Lay MRT Station,0.13 km
1,668D Jurong West Street 64,HDB Apartment,969 sqft ,668D Jurong West Street 64, Ready to move,3,2,"S$ 2,300 /mo",EW27 Boon Lay MRT Station,0.46 km
2,674A Jurong West Street 65,Partially Furnished HDB Apartment,1184 sqft ,674A Jurong West Street 65, Ready to move,3,2,"S$ 2,200 /mo",EW27 Boon Lay MRT Station,0.82 km
3,660B Jurong West Street 64,Fully Furnished HDB Apartment,1000 sqft ,660B Jurong West Street 64, Ready to move,2,2,"S$ 2,000 /mo",EW27 Boon Lay MRT Station,0.32 km
4,683A Jurong West Central 1,Fully Furnished HDB Apartment,995 sqft ,683A Jurong West Central 1, Available from 15 May,3,2,"S$ 2,400 /mo",EW27 Boon Lay MRT Station,0.48 km
5,621 Jurong West Street 65,Partially Furnished HDB Apartment,200 sqft ,621 Jurong West Street 65, Ready to move,1,1,S$ 650 /mo,EW27 Boon Lay MRT Station,0.78 km
6,658C Jurong West Street 65,Fully Furnished HDB Apartment,1184 sqft ,658C Jurong West Street 65, Available from 1 Jun,3,2,"S$ 2,400 /mo",EW27 Boon Lay MRT Station,0.63 km
7,The Centris,Fully Furnished Apartment,1259 sqft ,65 Jurong West Central 3, Ready to move,3,3,"S$ 3,500 /mo",EW27 Boon Lay MRT Station,0.13 km
8,655A Jurong West Street 61,Fully Furnished HDB Apartment,926 sqft ,655A Jurong West Street 61, Ready to move,3,2,"S$ 2,300 /mo",EW27 Boon Lay MRT Station,0.88 km
9,The Centris,Fully Furnished Apartment,1066 sqft ,83 Jurong West Central 3, Available from 16 May,3,3,"S$ 3,500 /mo",EW27 Boon Lay MRT Station,0.13 km
10,688 Jurong West Central 1,Fully Furnished HDB Apartment,250 sqft ,688 Jurong West Central 1, Ready to move,Room,0,S$ 700 /mo,EW27 Boon Lay MRT Station,0.31 km
11,601 Jurong West Street 62,Fully Furnished HDB Apartment,1250 sqft ,601 Jurong West Street 62, Ready to move,3,2,"S$ 2,000 /mo",EW27 Boon Lay MRT Station,0.65 km
12,658A Jurong West Street 65,Fully Furnished HDB Apartment,200 sqft ,658A Jurong West Street 65, Ready to move,Room,0,S$ 550 /mo,EW27 Boon Lay MRT Station,0.57 km
13,621 Jurong West Street 65,Fully Furnished HDB Apartment,914 sqft ,621 Jurong West Street 65, Ready to move,3,2,"S$ 2,050 /mo",EW27 Boon Lay MRT Station,0.78 km
14,The Centris,Fully Furnished Apartment,1234 sqft ,65 Jurong West Central 3, Available from 30 May,3,3,"S$ 4,000 /mo",EW27 Boon Lay MRT Station,0.13 km
15,662D Jurong West Street 64,Fully Furnished HDB Apartment,1184 sqft ,662D Jurong West Street 64, Available from 1 May,3,2,"S$ 2,400 /mo",EW27 Boon Lay MRT Station,0.25 km
16,688 Jurong West Central 1,Fully Furnished HDB Apartment,1291 sqft ,688 Jurong West Central 1, Ready to move,3,2,"S$ 2,400 /mo",EW27 Boon Lay MRT Station,0.31 km
17,625 Jurong West Street 61,Fully Furnished HDB Apartment,130 sqft ,625 Jurong West Street 61, Ready to move,Room,0,S$ 650 /mo,EW27 Boon Lay MRT Station,0.84 km
18,630 Jurong West Street 65,Fully Furnished HDB Apartment,150 sqft ,630 Jurong West Street 65, Ready to move,Room,0,S$ 550 /mo,EW27 Boon Lay MRT Station,0.79 km
19,698B Jurong West Central 3,Fully Furnished HDB Apartment,700 sqft ,698B Jurong West Central 3, Ready to move,1,2,"S$ 2,200 /mo",EW27 Boon Lay MRT Station,0.37 km
0,625 Jurong West Street 61,Fully Furnished HDB Apartment,1200 sqft ,625 Jurong West Street 61, Ready to move,2,2,"S$ 2,200 /mo",EW27 Boon Lay MRT Station,0.84 km
1,The Centris,Fully Furnished Apartment,1302 sqft ,65 Jurong West Central 3, Ready to move,3,2,"S$ 4,000 /mo",EW27 Boon Lay MRT Station,0.13 km
2,625 Jurong West Street 61,HDB Apartment,1184 sqft ,625 Jurong West Street 61, Ready to move,2,2,"S$ 2,600 /mo",EW27 Boon Lay MRT Station,0.84 km
3,648A Jurong West Street 61,Fully Furnished HDB Apartment,1184 sqft ,648A Jurong West Street 61, Ready to move,3,2,"S$ 2,250 /mo",EW27 Boon Lay MRT Station,0.93 km
4,697C Jurong West Central 3,Fully Furnished HDB Apartment,200 sqft ,697C Jurong West Central 3, Available from 1 May,Room,0,S$ 800 /mo,EW27 Boon Lay MRT Station,0.36 km
5,697A Jurong West Central 3,Fully Furnished HDB Apartment,150 sqft ,697A Jurong West Central 3, Ready to move,Room,0,S$ 700 /mo,EW27 Boon Lay MRT Station,0.36 km
6,635 Jurong West Street 65,Fully Furnished HDB Apartment,980 sqft ,635 Jurong West Street 65, Ready to move,3,2,"S$ 2,100 /mo",EW27 Boon Lay MRT Station,0.97 km
7,678B Jurong West Street 64,HDB Apartment,980 sqft ,678B Jurong West Street 64, Ready to move,3,2,"S$ 2,400 /mo",EW27 Boon Lay MRT Station,0.79 km
8,263 Boon Lay Drive,Fully Furnished HDB Apartment,1420 sqft ,263 Boon Lay Drive, Available from 29 Jul,4,2,"S$ 2,500 /mo",EW27 Boon Lay MRT Station,0.77 km
9,606 Jurong West Street 65,Fully Furnished HDB Apartment,1237 sqft ,606 Jurong West Street 65, Ready to move,3,2,"S$ 2,400 /mo",EW27 Boon Lay MRT Station,0.74 km
10,The Centris,Apartment,1259 sqft ,87 Jurong West Central 3, Ready to move,3,3,"S$ 3,600 /mo",EW27 Boon Lay MRT Station,0.13 km
11,The Centris,Fully Furnished Apartment,1302 sqft ,65 Jurong West Central 3, Ready to move,3,3,"S$ 4,100 /mo",EW27 Boon Lay MRT Station,0.13 km
12,The Centris,Fully Furnished Apartment,1067 sqft ,65 Jurong West Central 3, Ready to move,3,3,"S$ 3,288 /mo",EW27 Boon Lay MRT Station,0.13 km
13,667A Jurong West Street 65,Partially Furnished HDB Apartment,1184 sqft ,667A Jurong West Street 65, Ready to move,3,2,"S$ 2,200 /mo",EW27 Boon Lay MRT Station,0.60 km
14,601 Jurong West Street 62,Fully Furnished HDB Apartment,100 sqft ,601 Jurong West Street 62, Ready to move,Room,0,S$ 230 /mo,EW27 Boon Lay MRT Station,0.65 km
15,661C Jurong West Street 64,Fully Furnished HDB Apartment,1184 sqft ,661C Jurong West Street 64, Available from 3 Jun,2,1,"S$ 1,800 /mo",EW27 Boon Lay MRT Station,0.26 km
16,631 Jurong West Street 65,Fully Furnished HDB Apartment,1184 sqft ,631 Jurong West Street 65, Ready to move,3,2,"S$ 2,300 /mo",EW27 Boon Lay MRT Station,0.84 km
17,625 Jurong West Street 61,Fully Furnished HDB Apartment,1184 sqft ,625 Jurong West Street 61, Ready to move,3,2,"S$ 2,250 /mo",EW27 Boon Lay MRT Station,0.84 km
18,672A Jurong West Street 65,Fully Furnished HDB Apartment,1184 sqft ,672A Jurong West Street 65, Ready to move,3,2,"S$ 2,380 /mo",EW27 Boon Lay MRT Station,0.83 km
19,The Centris,Fully Furnished Condominium,1238 sqft ,69 Jurong West Central 3, Available from 1 Aug,3,3,"S$ 4,000 /mo",EW27 Boon Lay MRT Station,0.13 km
0,674A Jurong West Street 65,Fully Furnished HDB Apartment,1184 sqft ,674A Jurong West Street 65, Ready to move,3,2,"S$ 2,200 /mo",EW27 Boon Lay MRT Station,0.82 km
1,The Centris,Fully Furnished Apartment,1302 sqft ,65 Jurong West Central 3, Ready to move,3,3,"S$ 4,200 /mo",EW27 Boon Lay MRT Station,0.13 km
2,652C Jurong West Street 61,Fully Furnished HDB Apartment,1184 sqft ,652C Jurong West Street 61, Ready to move,3,2,"S$ 2,200 /mo",EW27 Boon Lay MRT Station,1.00 km
3,669D Jurong West Street 64,Fully Furnished HDB Apartment,1399 sqft ,669D Jurong West Street 64, Ready to move,3,2,"S$ 2,500 /mo",EW27 Boon Lay MRT Station,0.63 km
4,678B Jurong West Street 64,Fully Furnished HDB Apartment,968 sqft ,678B Jurong West Street 64, Ready to move,3,2,"S$ 2,300 /mo",EW27 Boon Lay MRT Station,0.79 km
5,260 Boon Lay Drive,Fully Furnished HDB Apartment,300 sqft ,260 Boon Lay Drive, Ready to move,Room,0,S$ 650 /mo,EW27 Boon Lay MRT Station,0.81 km
6,690 Jurong West Central 1,Fully Furnished HDB Apartment,103 sqft ,690 Jurong West Central 1, S$ 29.13 psf,3,2,"S$ 3,000 /mo",EW27 Boon Lay MRT Station,0.33 km
7,The Centris,Fully Furnished Apartment,300 sqft ,85 Jurong West Central 3, Ready to move,Room,0,"S$ 1,680 /mo",EW27 Boon Lay MRT Station,0.13 km
8,684C Jurong West Street 64,Fully Furnished HDB Apartment,990 sqft ,684C Jurong West Street 64, Ready to move,3,2,"S$ 2,288 /mo",EW27 Boon Lay MRT Station,0.61 km
9,684C Jurong West Street 64,Fully Furnished HDB Apartment,990 sqft ,684C Jurong West Street 64, Ready to move,3,2,"S$ 2,288 /mo",EW27 Boon Lay MRT Station,0.61 km
10,662A Jurong West Street 64,Fully Furnished HDB Apartment,1184 sqft ,662A Jurong West Street 64, Available from 1 Jun,3,2,"S$ 2,400 /mo",EW27 Boon Lay MRT Station,0.38 km
11,651A Jurong West Street 61,HDB Apartment,979 sqft ,651A Jurong West Street 61, Ready to move,3,2,"S$ 2,000 /mo",EW27 Boon Lay MRT Station,0.92 km
12,The Centris,Fully Furnished Apartment,100 sqft ,71 Jurong West Central 3, Ready to move,Room,0,S$ 950 /mo,EW27 Boon Lay MRT Station,0.13 km
13,The Centris,Fully Furnished Apartment,250 sqft ,83 Jurong West Central 3, S$ 7.20 psf,Room,0,"S$ 1,800 /mo",EW27 Boon Lay MRT Station,0.13 km
14,The Centris,Fully Furnished Condominium,200 sqft ,65 Jurong West Central 3, Ready to move,Room,0,"S$ 1,000 /mo",EW27 Boon Lay MRT Station,0.13 km
15,The Centris,Fully Furnished Apartment,150 sqft ,65 Jurong West Central 3, S$ 8.67 psf,Room,0,"S$ 1,300 /mo",EW27 Boon Lay MRT Station,0.13 km
16,688 Jurong West Central 1,Fully Furnished HDB Apartment,135 sqft ,688 Jurong West Central 1, Ready to move,Room,0,S$ 700 /mo,EW27 Boon Lay MRT Station,0.31 km
17,623 Jurong West Street 61,Partially Furnished HDB Apartment,110 sqft ,623 Jurong West Street 61, Ready to move,3,2,"S$ 2,280 /mo",EW27 Boon Lay MRT Station,0.88 km
18,678C Jurong West Street 64,Partially Furnished HDB Apartment,1184 sqft ,678C Jurong West Street 64, Ready to move,3,2,"S$ 2,400 /mo",EW27 Boon Lay MRT Station,0.76 km
19,690 Jurong West Central 1,Fully Furnished HDB Apartment,1075 sqft ,690 Jurong West Central 1, Ready to move,3,2,"S$ 2,300 /mo",EW27 Boon Lay MRT Station,0.33 km
0,677A Jurong West Street 64,Partially Furnished HDB Apartment,1001 sqft ,677A Jurong West Street 64, Ready to move,3,2,"S$ 2,200 /mo",EW27 Boon Lay MRT Station,0.80 km
1,The Centris,Fully Furnished Apartment,1292 sqft ,65 Jurong West Central 3, Available from 22 Jun,3,3,"S$ 4,100 /mo",EW27 Boon Lay MRT Station,0.13 km
2,The Centris,Fully Furnished Apartment,1238 sqft ,87 Jurong West Central 3, Available from 31 May,3,2,"S$ 4,000 /mo",EW27 Boon Lay MRT Station,0.13 km
3,667A Jurong West Street 65,Fully Furnished HDB Apartment,120 sqft ,667A Jurong West Street 65, S$ 5.42 psf,Room,0,S$ 650 /mo,EW27 Boon Lay MRT Station,0.60 km
4,674A Jurong West Street 65,Fully Furnished HDB Apartment,1184 sqft ,674A Jurong West Street 65, Available from 1 May,3,2,"S$ 2,200 /mo",EW27 Boon Lay MRT Station,0.82 km
5,656D Jurong West Street 61,Partially Furnished HDB Apartment,1420 sqft ,656D Jurong West Street 61, Ready to move,4,2,"S$ 2,500 /mo",EW27 Boon Lay MRT Station,0.76 km
6,257 Boon Lay Drive,Fully Furnished HDB Apartment,1200 sqft ,257 Boon Lay Drive, Ready to move,3,2,"S$ 2,300 /mo",EW27 Boon Lay MRT Station,0.87 km
7,680C Jurong West Central 1,Fully Furnished HDB Apartment,1184 sqft ,680C Jurong West Central 1, Ready to move,3,2,"S$ 2,200 /mo",EW27 Boon Lay MRT Station,0.73 km
8,The Centris,Fully Furnished Apartment,1066 sqft ,71 Jurong West Central 3, Ready to move,3,3,"S$ 3,000 /mo",EW27 Boon Lay MRT Station,0.13 km
9,672A Jurong West Street 65,Partially Furnished HDB Apartment,968 sqft ,672A Jurong West Street 65, Ready to move,3,2,"S$ 2,200 /mo",EW27 Boon Lay MRT Station,0.83 km
10,635 Jurong West Street 65,Fully Furnished HDB Apartment,1184 sqft ,635 Jurong West Street 65, Ready to move,3,2,"S$ 2,300 /mo",EW27 Boon Lay MRT Station,0.97 km
11,626 Jurong West Street 65,Fully Furnished HDB Apartment,150 sqft ,626 Jurong West Street 65, S$ 4.67 psf,Room,0,S$ 700 /mo,EW27 Boon Lay MRT Station,0.92 km
12,606 Jurong West Street 65,Fully Furnished HDB Apartment,1000 sqft ,606 Jurong West Street 65, Ready to move,3,2,"S$ 2,100 /mo",EW27 Boon Lay MRT Station,0.74 km
13,682B Jurong West Central 1,Fully Furnished HDB Apartment,1226 sqft ,682B Jurong West Central 1, Ready to move,3,2,"S$ 2,450 /mo",EW27 Boon Lay MRT Station,0.57 km
14,677A Jurong West Street 64,Fully Furnished HDB Apartment,1000 sqft ,677A Jurong West Street 64, S$ 1.90 psf,2,2,"S$ 1,900 /mo",EW27 Boon Lay MRT Station,0.80 km
15,633 Jurong West Street 65,HDB Apartment,979 sqft ,633 Jurong West Street 65, Ready to move,3,2,"S$ 2,200 /mo",EW27 Boon Lay MRT Station,0.93 km
16,618 Jurong West Street 65,Fully Furnished HDB Apartment,1180 sqft ,618 Jurong West Street 65, S$ 1.82 psf,3,2,"S$ 2,150 /mo",EW27 Boon Lay MRT Station,0.71 km
17,652C Jurong West Street 61,Fully Furnished HDB Apartment,1194 sqft ,652C Jurong West Street 61, Available from 1 May,4,2,"S$ 2,899 /mo",EW27 Boon Lay MRT Station,1.00 km
18,608 Jurong West Street 65,Fully Furnished HDB Apartment,200 sqft ,608 Jurong West Street 65, Ready to move,Room,0,"S$ 1,000 /mo",EW27 Boon Lay MRT Station,0.65 km
19,664B Jurong West Street 64 Master Bed Room,Fully Furnished HDB Apartment,200 sqft ,664B Jurong West Street 64, Ready to move,Room,0,S$ 900 /mo,EW27 Boon Lay MRT Station,0.25 km
0,659D Jurong West Street 65,Fully Furnished HDB Apartment,200 sqft ,659D Jurong West Street 65, Ready to move,Room,0,"S$ 1,000 /mo",EW27 Boon Lay MRT Station,0.45 km
1,635 Jurong West Street 65,Fully Furnished HDB Apartment,1184 sqft ,635 Jurong West Street 65, S$ 1.94 psf,3,2,"S$ 2,300 /mo",EW27 Boon Lay MRT Station,0.97 km
2,662 Jurong West Street 64,Fully Furnished HDB Apartment,150 sqft ,662 Jurong West Street 64, Ready to move,Room,0,S$ 700 /mo,EW27 Boon Lay MRT Station,0.36 km
3,606 Jurong West Street 65,Fully Furnished HDB Apartment,1020 sqft ,606 Jurong West Street 65, Ready to move,3,2,"S$ 2,588 /mo",EW27 Boon Lay MRT Station,0.74 km
4,618 Jurong West Street 65,Fully Furnished HDB Apartment,1184 sqft ,618 Jurong West Street 65, Ready to move,3,2,"S$ 2,200 /mo",EW27 Boon Lay MRT Station,0.71 km
5,693 Jurong West Central 1,Fully Furnished HDB Apartment,150 sqft ,693 Jurong West Central 1, Ready to move,Room,0,S$ 550 /mo,EW27 Boon Lay MRT Station,0.48 km
6,658C Jurong West Street 65,Fully Furnished HDB Apartment,1194 sqft ,658C Jurong West Street 65, Ready to move,3,2,"S$ 2,500 /mo",EW27 Boon Lay MRT Station,0.63 km
7,663A Jurong West Street 65,Partially Furnished HDB Apartment,1184 sqft ,663A Jurong West Street 65, Ready to move,3,2,"S$ 2,300 /mo",EW27 Boon Lay MRT Station,0.47 km
8,682A Jurong West Central 1,Fully Furnished HDB Apartment,1227 sqft ,682A Jurong West Central 1, Ready to move,3,2,"S$ 2,430 /mo",EW27 Boon Lay MRT Station,0.62 km
9,689 Jurong West Central 1,Fully Furnished HDB Apartment,200 sqft ,689 Jurong West Central 1, Ready to move,Room,0,S$ 650 /mo,EW27 Boon Lay MRT Station,0.27 km
10,Summerdale,Fully Furnished Condominium,200 sqft ,2 Boon Lay Drive, Ready to move,Room,0,"S$ 1,400 /mo",EW27 Boon Lay MRT Station,0.81 km
11,625 Jurong West Street 61,Fully Furnished HDB Apartment,100 sqft ,625 Jurong West Street 61, Ready to move,Room,0,S$ 650 /mo,EW27 Boon Lay MRT Station,0.84 km
12,625 Jurong West Street 61,Fully Furnished HDB Apartment,1184 sqft ,625 Jurong West Street 61, S$ 1.94 psf,3,2,"S$ 2,300 /mo",EW27 Boon Lay MRT Station,0.84 km
13,688 Jurong West Central 1,Fully Furnished HDB Apartment,1291 sqft ,688 Jurong West Central 1, Ready to move,3,2,"S$ 2,400 /mo",EW27 Boon Lay MRT Station,0.31 km
14,669D Jurong West Street 64,Fully Furnished HDB Apartment,1399 sqft ,669D Jurong West Street 64, Ready to move,3,2,"S$ 2,300 /mo",EW27 Boon Lay MRT Station,0.63 km
15,The Centris,Fully Furnished Apartment,936 sqft ,65 Jurong West Central 3, Ready to move,2,2,"S$ 3,600 /mo",EW27 Boon Lay MRT Station,0.13 km
16,The Centris,Fully Furnished Apartment,1066 sqft ,65 Jurong West Central 3, Ready to move,3,2,"S$ 3,500 /mo",EW27 Boon Lay MRT Station,0.13 km
17,654B Jurong West Street 61,Fully Furnished HDB Apartment,1184 sqft ,654B Jurong West Street 61, Ready to move,Room,0,S$ 750 /mo,EW27 Boon Lay MRT Station,0.94 km
18,654A Jurong West Street 61,Fully Furnished HDB Apartment,1184 sqft ,654A Jurong West Street 61, Available from 1 May,3,2,"S$ 2,500 /mo",EW27 Boon Lay MRT Station,0.89 km
19,662A Jurong West Street 64,Fully Furnished HDB Apartment,1184 sqft ,662A Jurong West Street 64, Ready to move,3,2,"S$ 2,200 /mo",EW27 Boon Lay MRT Station,0.38 km
0,681C Jurong West Central 1,Unfurnished HDB Apartment,1001 sqft ,681C Jurong West Central 1, Ready to move,3,2,"S$ 2,300 /mo",EW27 Boon Lay MRT Station,0.72 km
1,Summerdale,Fully Furnished Condominium,1195 sqft ,2 Boon Lay Drive, Available from 1 May,3,3,"S$ 2,800 /mo",EW27 Boon Lay MRT Station,0.81 km
2,678B Jurong West Street 64,Partially Furnished HDB Apartment,1235 sqft ,678B Jurong West Street 64, Ready to move,3,2,"S$ 2,000 /mo",EW27 Boon Lay MRT Station,0.79 km
3,678A Jurong West Street 64,Fully Furnished HDB Apartment,1184 sqft ,678A Jurong West Street 64, Ready to move,3,2,"S$ 2,300 /mo",EW27 Boon Lay MRT Station,0.75 km
4,669D Jurong West Street 64,Fully Furnished HDB Apartment,350 sqft ,669D Jurong West Street 64, Available from 27 Apr,Room,0,S$ 680 /mo,EW27 Boon Lay MRT Station,0.63 km
5,77Jurong West Central 3,Fully Furnished Condominium,100 sqft ,Jurong West Central 3, Available from 1 May,Room,0,"S$ 1,500 /mo",EW27 Boon Lay MRT Station,0.27 km
6,654B Jurong West Street 61,Fully Furnished HDB Apartment,1184 sqft ,654B Jurong West Street 61, Ready to move,3,2,"S$ 2,400 /mo",EW27 Boon Lay MRT Station,0.94 km
7,The Centris,Fully Furnished Condominium,979 sqft ,83 Jurong West Central 3, Available from 16 Apr,2,2,"S$ 3,100 /mo",EW27 Boon Lay MRT Station,0.13 km
8,264 Boon Lay Drive,Fully Furnished HDB Apartment,110 sqft ,264 Boon Lay Drive, S$ 5.00 psf,Room,0,S$ 550 /mo,EW27 Boon Lay MRT Station,0.87 km
9,654B Jurong West Street 61,Fully Furnished HDB Apartment,100 sqft ,654B Jurong West Street 61, Ready to move,1,1,S$ 700 /mo,EW27 Boon Lay MRT Station,0.94 km
10,Summerdale,Fully Furnished Condominium,150 sqft ,2 Boon Lay Drive, Ready to move,Room,0,S$ 800 /mo,EW27 Boon Lay MRT Station,0.81 km
11,Summerdale,Fully Furnished Condominium,180 sqft ,8 Boon Lay Drive, Ready to move,Room,0,S$ 828 /mo,EW27 Boon Lay MRT Station,0.81 km
12,268C Boon Lay Drive,Fully Furnished HDB Apartment,1184 sqft ,268C Boon Lay Drive, Available from 1 May,3,2,"S$ 2,350 /mo",EW27 Boon Lay MRT Station,0.99 km
13,654A Jurong West Street 61,Fully Furnished HDB Apartment,90 sqft ,654A Jurong West Street 61, Ready to move,1,0,S$ 550 /mo,EW27 Boon Lay MRT Station,0.89 km
14,The Centris,Fully Furnished Condominium,1205 sqft ,65 Jurong West Central 3, Available from 10 May,3,3,"S$ 3,600 /mo",EW27 Boon Lay MRT Station,0.13 km
15,683B Jurong West Central 1,Fully Furnished HDB Apartment,100 sqft ,683B Jurong West Central 1, Ready to move,Room,0,S$ 900 /mo,EW27 Boon Lay MRT Station,0.52 km
16,659A Jurong West Street 65,Fully Furnished HDB Apartment,150 sqft ,659A Jurong West Street 65, Ready to move,Room,0,S$ 900 /mo,EW27 Boon Lay MRT Station,0.43 km
17,697A Jurong West Central 3,Fully Furnished HDB Apartment,180 sqft ,697A Jurong West Central 3, Ready to move,Room,0,S$ 800 /mo,EW27 Boon Lay MRT Station,0.36 km
18,Summerdale,Fully Furnished Condominium,1269 sqft ,10 Boon Lay Drive, Ready to move,3,3,"S$ 2,650 /mo",EW27 Boon Lay MRT Station,0.81 km
19,671B Jurong West Street 65,Fully Furnished HDB Apartment,1345 sqft ,671B Jurong West Street 65, Ready to move,3,2,"S$ 2,400 /mo",EW27 Boon Lay MRT Station,0.76 km
0,684B Jurong West Street 64,Partially Furnished HDB Apartment,1410 sqft ,684B Jurong West Street 64, S$ 1.91 psf,3,2,"S$ 2,700 /mo",EW27 Boon Lay MRT Station,0.64 km
1,622 Jurong West Street 61,Partially Furnished HDB Apartment,121 sqft ,622 Jurong West Street 61, Ready to move,3,2,"S$ 2,280 /mo",EW27 Boon Lay MRT Station,0.80 km
2,The Centris,Fully Furnished Apartment,936 sqft ,65 Jurong West Central 3, Ready to move,2,2,"S$ 3,200 /mo",EW27 Boon Lay MRT Station,0.13 km
3,The Centris,Fully Furnished Apartment,200 sqft ,67 Jurong West Central 3, Ready to move,Room,0,"S$ 1,100 /mo",EW27 Boon Lay MRT Station,0.13 km
4,654B Jurong West Street 61,HDB Apartment,180 sqft ,654B Jurong West Street 61, Ready to move,Room,0,S$ 750 /mo,EW27 Boon Lay MRT Station,0.94 km
5,685C Jurong West Central 1,Fully Furnished HDB Apartment,120 sqft ,685C Jurong West Central 1, Ready to move,Room,0,S$ 650 /mo,EW27 Boon Lay MRT Station,0.49 km
6,698B Jurong West Central 3,Partially Furnished HDB Apartment,150 sqft ,698B Jurong West Central 3, Ready to move,Room,0,S$ 950 /mo,EW27 Boon Lay MRT Station,0.37 km
7,Summerdale,Unfurnished Condominium,1195 sqft ,2 Boon Lay Drive, Available from 1 May,3,3,"S$ 3,100 /mo",EW27 Boon Lay MRT Station,0.81 km
8,678A Jurong West Street 64,Fully Furnished HDB Apartment,1180 sqft ,678A Jurong West Street 64, Ready to move,3,2,"S$ 2,300 /mo",EW27 Boon Lay MRT Station,0.75 km
9,660A Jurong West Street 64,Fully Furnished HDB Apartment,1184 sqft ,660A Jurong West Street 64, Ready to move,3,2,"S$ 2,400 /mo",EW27 Boon Lay MRT Station,0.35 km
10,678A Jurong West Street 64,HDB Apartment,1184 sqft ,678A Jurong West Street 64, S$ 1.90 psf,3,2,"S$ 2,250 /mo",EW27 Boon Lay MRT Station,0.75 km
11,676B Jurong West Street 64,Fully Furnished HDB Apartment,100 sqft ,676B Jurong West Street 64, Ready to move,Room,0,S$ 660 /mo,EW27 Boon Lay MRT Station,0.79 km
12,The Centris,Partially Furnished Condominium,110 sqft ,77 Jurong West Central 3, Ready to move,1,1,S$ 920 /mo,EW27 Boon Lay MRT Station,0.13 km
13,268C Boon Lay Drive,Fully Furnished HDB Apartment,200 sqft ,268C Boon Lay Drive, Ready to move,Room,0,S$ 600 /mo,EW27 Boon Lay MRT Station,0.99 km
14,694 Jurong West Central 1,Partially Furnished HDB Apartment,1345 sqft ,694 Jurong West Central 1, Ready to move,4,2,"S$ 2,900 /mo",EW27 Boon Lay MRT Station,0.53 km
15,Summerdale,Fully Furnished Condominium,200 sqft ,2 Boon Lay Drive, Ready to move,Room,0,"S$ 1,100 /mo",EW27 Boon Lay MRT Station,0.81 km
16,668C Jurong West Street 64,Partially Furnished HDB Apartment,900 sqft ,668C Jurong West Street 64, Ready to move,3,2,S$ 600 /mo,EW27 Boon Lay MRT Station,0.43 km
17,668C Jurong West Street 64,Partially Furnished HDB Apartment,900 sqft ,668C Jurong West Street 64, Ready to move,3,2,S$ 700 /mo,EW27 Boon Lay MRT Station,0.43 km
18,662D Jurong West Street 64,Fully Furnished HDB Apartment,1184 sqft ,662D Jurong West Street 64, Available from 1 May,3,2,"S$ 2,400 /mo",EW27 Boon Lay MRT Station,0.25 km
19,662C Jurong West Street 64,Fully Furnished HDB Apartment,110 sqft ,662C Jurong West Street 64, S$ 6.36 psf,Room,0,S$ 700 /mo,EW27 Boon Lay MRT Station,0.21 km
0,636 Jurong West Street 65,Fully Furnished HDB Apartment,180 sqft ,636 Jurong West Street 65, Ready to move,Room,0,S$ 500 /mo,EW27 Boon Lay MRT Station,0.98 km
1,The Centris,Fully Furnished Apartment,1066 sqft ,65 Jurong West Central 3, Ready to move,3,3,"S$ 3,700 /mo",EW27 Boon Lay MRT Station,0.13 km
2,670A Jurong West Street 65,Fully Furnished HDB Apartment,121 sqft ,670A Jurong West Street 65, Ready to move,1,2,S$ 800 /mo,EW27 Boon Lay MRT Station,0.71 km
3,The Centris,Fully Furnished Apartment,1904 sqft ,65 Jurong West Central 3, Ready to move,3,3,"S$ 4,000 /mo",EW27 Boon Lay MRT Station,0.13 km
4,667C Jurong West Street 65,Fully Furnished HDB Apartment,1184 sqft ,667C Jurong West Street 65, Available from 18 Apr,3,2,"S$ 2,000 /mo",EW27 Boon Lay MRT Station,0.52 km
5,The Centris,Fully Furnished Condominium,1119 sqft ,73 Jurong West Central 3, Ready to move,3,2,"S$ 3,500 /mo",EW27 Boon Lay MRT Station,0.13 km
6,690 Jurong West Central 1,Fully Furnished HDB Apartment,1065 sqft ,690 Jurong West Central 1, Ready to move,3,2,"S$ 2,400 /mo",EW27 Boon Lay MRT Station,0.33 km
7,662C Jurong West Street 64,Fully Furnished HDB Apartment,1199 sqft ,662C Jurong West Street 64, S$ 0.83 psf,Room,0,"S$ 1,000 /mo",EW27 Boon Lay MRT Station,0.21 km
8,678C Jurong West Street 64,HDB Apartment,200 sqft ,678C Jurong West Street 64, Ready to move,Room,0,S$ 750 /mo,EW27 Boon Lay MRT Station,0.76 km
9,664D Jurong West Street 64,HDB Apartment,150 sqft ,664D Jurong West Street 64, S$ 4.33 psf,Room,0,S$ 650 /mo,EW27 Boon Lay MRT Station,0.35 km
10,678D Jurong West Street 64,HDB Apartment,150 sqft ,678D Jurong West Street 64, Ready to move,Room,0,S$ 650 /mo,EW27 Boon Lay MRT Station,0.79 km
11,666A Jurong West Street 65,HDB Apartment,150 sqft ,666A Jurong West Street 65, Ready to move,Room,0,S$ 600 /mo,EW27 Boon Lay MRT Station,0.50 km
12,261 Boon Lay Drive,HDB Apartment,150 sqft ,261 Boon Lay Drive, S$ 4.00 psf,Room,0,S$ 600 /mo,EW27 Boon Lay MRT Station,0.79 km
13,662D Jurong West Street 64,Fully Furnished HDB Apartment,1184 sqft ,662D Jurong West Street 64, Available from 1 May,3,2,"S$ 2,500 /mo",EW27 Boon Lay MRT Station,0.25 km
14,652A Jurong West Street 61,Fully Furnished HDB Apartment,1184 sqft ,652A Jurong West Street 61, Ready to move,3,2,"S$ 2,500 /mo",EW27 Boon Lay MRT Station,0.86 km
15,656D Jurong West Street 61,Fully Furnished HDB Apartment,1421 sqft ,656D Jurong West Street 61, Ready to move,3,2,"S$ 2,500 /mo",EW27 Boon Lay MRT Station,0.76 km
16,651B Jurong West Street 61,Partially Furnished HDB Apartment,120 sqft ,651B Jurong West Street 61, Ready to move,Room,0,S$ 850 /mo,EW27 Boon Lay MRT Station,0.86 km
17,268C Boon Lay Drive,Partially Furnished HDB Apartment,980 sqft ,268C Boon Lay Drive, Ready to move,3,2,"S$ 2,000 /mo",EW27 Boon Lay MRT Station,0.99 km
18,660B Jurong West Street 64,Fully Furnished HDB Apartment,1350 sqft ,660B Jurong West Street 64, Ready to move,3,2,"S$ 2,300 /mo",EW27 Boon Lay MRT Station,0.32 km
19,The Centris,Partially Furnished Apartment,1066 sqft ,67 Jurong West Central 3, Ready to move,3,3,"S$ 3,200 /mo",EW27 Boon Lay MRT Station,0.13 km
0,Summerdale,Fully Furnished Condominium,150 sqft ,2 Boon Lay Drive, Ready to move,1,1,S$ 850 /mo,EW27 Boon Lay MRT Station,0.81 km
1,635 Jurong West Street 65,Fully Furnished HDB Apartment,980 sqft ,635 Jurong West Street 65, Available from 1 Jun,3,2,"S$ 2,150 /mo",EW27 Boon Lay MRT Station,0.97 km
2,665B Jurong West Street 64,Fully Furnished HDB Apartment,1292 sqft ,665B Jurong West Street 64, S$ 2.01 psf,4,2,"S$ 2,600 /mo",EW27 Boon Lay MRT Station,0.39 km
3,635 Jurong West Street 65,Fully Furnished HDB Apartment,968 sqft ,635 Jurong West Street 65, Ready to move,3,2,"S$ 2,200 /mo",EW27 Boon Lay MRT Station,0.97 km
4,664A Jurong West Street 64,HDB Apartment,1184 sqft ,664A Jurong West Street 64, Ready to move,3,2,"S$ 2,600 /mo",EW27 Boon Lay MRT Station,0.30 km
5,603 Jurong West Street 62,Fully Furnished HDB Apartment,200 sqft ,603 Jurong West Street 62, Ready to move,Room,0,S$ 750 /mo,EW27 Boon Lay MRT Station,0.61 km
6,678 Jurong West Street 64,Fully Furnished HDB Apartment,140 sqft ,678 Jurong West Street 64, Ready to move,Room,0,S$ 600 /mo,EW27 Boon Lay MRT Station,0.84 km
7,661A Jurong West Street 64,Fully Furnished HDB Apartment,1184 sqft ,661A Jurong West Street 64, Ready to move,3,2,"S$ 2,400 /mo",EW27 Boon Lay MRT Station,0.33 km
8,690 Jurong West Central 1,Fully Furnished HDB Apartment,1060 sqft ,690 Jurong West Central 1, Ready to move,3,2,"S$ 2,250 /mo",EW27 Boon Lay MRT Station,0.33 km
9,The Centris,Fully Furnished Condominium,1991 sqft ,75 Jurong West Central 3, Ready to move,3,3,"S$ 4,300 /mo",EW27 Boon Lay MRT Station,0.13 km
10,655A Jurong West Street 61,Fully Furnished HDB Apartment,936 sqft ,655A Jurong West Street 61, Ready to move,2,2,"S$ 1,950 /mo",EW27 Boon Lay MRT Station,0.88 km
11,688 Jurong West Central 1,Fully Furnished HDB Apartment,1100 sqft ,688 Jurong West Central 1, Ready to move,3,2,"S$ 2,500 /mo",EW27 Boon Lay MRT Station,0.31 km
12,624 Jurong West Street 61,Fully Furnished HDB Apartment,200 sqft ,624 Jurong West Street 61, Ready to move,Room,0,"S$ 1,000 /mo",EW27 Boon Lay MRT Station,0.94 km
13,678B Jurong West Street 64,Partially Furnished HDB Apartment,1184 sqft ,678B Jurong West Street 64, Ready to move,Room,0,S$ 650 /mo,EW27 Boon Lay MRT Station,0.79 km
14,664A Jurong West Street 64,Fully Furnished HDB Apartment,979 sqft ,664A Jurong West Street 64, Ready to move,3,2,"S$ 2,300 /mo",EW27 Boon Lay MRT Station,0.30 km
15,HIGH FLOOR GREENERY POOLVIEW LUXURY 3 Bedroom At JURONG Next To MRT On Top Shopping Mall For Rent,Fully Furnished Condominium,1344 sqft ,(within 0.12 km), Ready to move,3,3,"S$ 4,600 /mo",EW27 Boon Lay MRT Station,0.12 km
16,678A Jurong West Street 64,Fully Furnished HDB Apartment,1184 sqft ,678A Jurong West Street 64, Ready to move,3,2,"S$ 2,200 /mo",EW27 Boon Lay MRT Station,0.75 km
17,663C Jurong West Street 65,Fully Furnished HDB Apartment,111 sqft ,663C Jurong West Street 65, Ready to move,3,2,S$ 650 /mo,EW27 Boon Lay MRT Station,0.40 km
18,The Centris,Fully Furnished Apartment,936 sqft ,83 Jurong West Central 3, Ready to move,2,2,"S$ 3,500 /mo",EW27 Boon Lay MRT Station,0.13 km
19,Summerdale,Fully Furnished Condominium,300 sqft ,6 Boon Lay Drive, Ready to move,Room,0,"S$ 1,250 /mo",EW27 Boon Lay MRT Station,0.81 km
0,The Centris,Apartment,936 sqft ,65 Jurong West Central 3, Ready to move,2,2,"S$ 3,300 /mo",EW27 Boon Lay MRT Station,0.13 km
1,695 Jurong West Central 1,HDB Apartment,150 sqft ,695 Jurong West Central 1, Ready to move,Room,0,S$ 650 /mo,EW27 Boon Lay MRT Station,0.47 km
2,683 Jurong West Central 1,Partially Furnished HDB Apartment,140 sqft ,683 Jurong West Central 1, Ready to move,Room,0,S$ 500 /mo,EW27 Boon Lay MRT Station,0.44 km
3,678 Jurong West Street 64,Partially Furnished HDB Apartment,140 sqft ,678 Jurong West Street 64, Ready to move,Room,0,S$ 600 /mo,EW27 Boon Lay MRT Station,0.84 km
4,652B Jurong West Street 61,Fully Furnished HDB Apartment,180 sqft ,652B Jurong West Street 61, Ready to move,Room,0,S$ 770 /mo,EW27 Boon Lay MRT Station,0.93 km
5,662A Jurong West Street 64,Fully Furnished HDB Apartment,1184 sqft ,662A Jurong West Street 64, Available from 15 Apr,3,2,"S$ 2,400 /mo",EW27 Boon Lay MRT Station,0.38 km
6,655B Jurong West Street 61,Partially Furnished HDB Apartment,200 sqft ,655B Jurong West Street 61, Ready to move,Room,0,S$ 900 /mo,EW27 Boon Lay MRT Station,0.99 km
7,664C Jurong West Street 64,Fully Furnished HDB Apartment,150 sqft ,664C Jurong West Street 64, Ready to move,Room,0,S$ 700 /mo,EW27 Boon Lay MRT Station,0.30 km
8,690 Jurong West Central 1,HDB Apartment,1184 sqft ,690 Jurong West Central 1, Ready to move,3,2,"S$ 2,500 /mo",EW27 Boon Lay MRT Station,0.33 km
9,692 Jurong West Central 1,HDB Apartment,1099 sqft ,692 Jurong West Central 1, Ready to move,3,2,"S$ 2,150 /mo",EW27 Boon Lay MRT Station,0.41 km
10,654A Jurong West Street 61,HDB Apartment,1200 sqft ,654A Jurong West Street 61, Ready to move,4,2,"S$ 2,300 /mo",EW27 Boon Lay MRT Station,0.89 km
11,656B Jurong West Street 61,Fully Furnished HDB Apartment,1184 sqft ,656B Jurong West Street 61, Ready to move,3,2,"S$ 2,500 /mo",EW27 Boon Lay MRT Station,0.78 km
12,The Centris,Fully Furnished Condominium,110 sqft ,77 Jurong West Central 3, Ready to move,Room,0,S$ 920 /mo,EW27 Boon Lay MRT Station,0.13 km
13,624 Jurong West Street 61,Fully Furnished HDB Apartment,300 sqft ,624 Jurong West Street 61, Ready to move,Room,0,S$ 900 /mo,EW27 Boon Lay MRT Station,0.94 km
14,The Centris,Fully Furnished Apartment,957 sqft ,85 Jurong West Central 3, Ready to move,2,2,"S$ 3,300 /mo",EW27 Boon Lay MRT Station,0.13 km
15,662D Jurong West Street 64,Fully Furnished HDB Apartment,979 sqft ,662D Jurong West Street 64, Ready to move,3,2,"S$ 2,500 /mo",EW27 Boon Lay MRT Station,0.25 km
16,669 Jurong West Street 64,Partially Furnished HDB Apartment,150 sqft ,669 Jurong West Street 64, Ready to move,Room,0,S$ 800 /mo,EW27 Boon Lay MRT Station,0.55 km
17,665B Jurong West Street 64,Fully Furnished HDB Apartment,100 sqft ,665B Jurong West Street 64, Ready to move,Room,0,S$ 620 /mo,EW27 Boon Lay MRT Station,0.39 km
18,623 Jurong West Street 61,Fully Furnished HDB Apartment,100 sqft ,623 Jurong West Street 61, Ready to move,Room,0,S$ 600 /mo,EW27 Boon Lay MRT Station,0.88 km
19,697C Jurong West Central 3,Fully Furnished HDB Apartment,100 sqft ,697C Jurong West Central 3, Ready to move,Room,0,S$ 850 /mo,EW27 Boon Lay MRT Station,0.36 km
0,697C Jurong West Central 3,Fully Furnished HDB Apartment,100 sqft ,697C Jurong West Central 3, Ready to move,Room,0,S$ 850 /mo,EW27 Boon Lay MRT Station,0.36 km
1,658A Jurong West Street 65,Partially Furnished HDB Apartment,1206 sqft ,658A Jurong West Street 65, Ready to move,3,2,"S$ 2,200 /mo",EW27 Boon Lay MRT Station,0.57 km
2,608 Jurong West Street 65,Fully Furnished HDB Apartment,200 sqft ,608 Jurong West Street 65, Ready to move,Room,0,S$ 800 /mo,EW27 Boon Lay MRT Station,0.65 km
3,608 Jurong West Street 65,Fully Furnished HDB Apartment,300 sqft ,608 Jurong West Street 65, S$ 4.00 psf,Room,0,"S$ 1,200 /mo",EW27 Boon Lay MRT Station,0.65 km
4,658C Jurong West Street 65,Fully Furnished HDB Apartment,1184 sqft ,658C Jurong West Street 65, Ready to move,3,2,"S$ 2,500 /mo",EW27 Boon Lay MRT Station,0.63 km
5,The Centris,Apartment,150 sqft ,79 Jurong West Central 3, Available from 1 May,3,2,S$ 850 /mo,EW27 Boon Lay MRT Station,0.13 km
6,678B Jurong West Street 64,HDB Apartment,980 sqft ,678B Jurong West Street 64, S$ 2.45 psf,3,2,"S$ 2,400 /mo",EW27 Boon Lay MRT Station,0.79 km
7,683 Jurong West Central 1,HDB Apartment,90 sqft ,683 Jurong West Central 1, S$ 7.78 psf,Room,0,S$ 700 /mo,EW27 Boon Lay MRT Station,0.44 km
8,654A Jurong West Street 61,Fully Furnished HDB Apartment,150 sqft ,654A Jurong West Street 61, Ready to move,Room,0,S$ 680 /mo,EW27 Boon Lay MRT Station,0.89 km
9,669D Jurong West Street 64,Partially Furnished HDB Apartment,1398 sqft ,669D Jurong West Street 64, Ready to move,3,2,"S$ 2,300 /mo",EW27 Boon Lay MRT Station,0.63 km
10,662C Jurong West Street 64,Partially Furnished HDB Apartment,1185 sqft ,662C Jurong West Street 64, Ready to move,5,2,"S$ 2,900 /mo",EW27 Boon Lay MRT Station,0.21 km
11,The Centris,Fully Furnished Apartment,1561 sqft ,65 Jurong West Central 3, Ready to move,2,2,"S$ 3,999 /mo",EW27 Boon Lay MRT Station,0.13 km
12,656D Jurong West Street 61,Fully Furnished HDB Apartment,150 sqft ,656D Jurong West Street 61, Ready to move,Room,0,S$ 650 /mo,EW27 Boon Lay MRT Station,0.76 km
13,672A Jurong West Street 65,Fully Furnished HDB Apartment,1184 sqft ,672A Jurong West Street 65, Ready to move,3,2,"S$ 2,300 /mo",EW27 Boon Lay MRT Station,0.83 km
14,The Centris,Fully Furnished Apartment,936 sqft ,65 Jurong West Central 3, Ready to move,2,3,"S$ 3,200 /mo",EW27 Boon Lay MRT Station,0.13 km
15,678D Jurong West Street 64,Fully Furnished HDB Apartment,100 sqft ,678D Jurong West Street 64, Ready to move,Room,0,S$ 700 /mo,EW27 Boon Lay MRT Station,0.79 km
16,631 Jurong West Street 65,Partially Furnished HDB Apartment,1200 sqft ,631 Jurong West Street 65, Available from 1 Jun,3,2,"S$ 2,400 /mo",EW27 Boon Lay MRT Station,0.84 km
17,676A Jurong West Street 64,Fully Furnished HDB Apartment,150 sqft ,676A Jurong West Street 64, Ready to move,Room,0,S$ 600 /mo,EW27 Boon Lay MRT Station,0.91 km
18,668D Jurong West Street 64,HDB Apartment,979 sqft ,668D Jurong West Street 64, Ready to move,3,2,"S$ 2,150 /mo",EW27 Boon Lay MRT Station,0.46 km
19,The Centris,Fully Furnished Apartment,100 sqft ,67 Jurong West Central 3, Ready to move,Room,0,S$ 450 /mo,EW27 Boon Lay MRT Station,0.13 km
0,674B Jurong West Street 65,Partially Furnished HDB Apartment,968 sqft ,674B Jurong West Street 65, Available from 31 May,2,1,"S$ 1,700 /mo",EW27 Boon Lay MRT Station,0.86 km
1,The Centris,Fully Furnished Apartment,120 sqft ,65 Jurong West Central 3, Ready to move,Room,0,"S$ 1,050 /mo",EW27 Boon Lay MRT Station,0.13 km
2,684A Jurong West Street 64,Fully Furnished HDB Apartment,110 sqft ,684A Jurong West Street 64, Ready to move,Room,0,S$ 750 /mo,EW27 Boon Lay MRT Station,0.67 km
3,671A Jurong West Street 65,Fully Furnished HDB Apartment,230 sqft ,671A Jurong West Street 65, S$ 3.91 psf,Room,0,S$ 900 /mo,EW27 Boon Lay MRT Station,0.73 km
4,677B Jurong West Street 64,Fully Furnished HDB Apartment,150 sqft ,677B Jurong West Street 64, Ready to move,Room,0,S$ 650 /mo,EW27 Boon Lay MRT Station,0.81 km
5,690 Jurong West Central 1,Fully Furnished HDB Apartment,1066 sqft ,690 Jurong West Central 1, Ready to move,3,2,"S$ 2,350 /mo",EW27 Boon Lay MRT Station,0.33 km
6,The Centris,Fully Furnished Apartment,100 sqft ,65 Jurong West Central 3, Ready to move,Room,0,"S$ 1,100 /mo",EW27 Boon Lay MRT Station,0.13 km
7,The Centris,Fully Furnished Apartment,1066 sqft ,67 Jurong West Central 3, Available from 16 Apr,3,3,"S$ 3,400 /mo",EW27 Boon Lay MRT Station,0.13 km
8,678A Jurong West Street 64,Fully Furnished HDB Apartment,1184 sqft ,678A Jurong West Street 64, Ready to move,3,2,"S$ 2,500 /mo",EW27 Boon Lay MRT Station,0.75 km
9,662D Jurong West Street 64,Partially Furnished HDB Apartment,100 sqft ,662D Jurong West Street 64, Ready to move,Room,0,S$ 650 /mo,EW27 Boon Lay MRT Station,0.25 km
10,680B Jurong West Central 1,Fully Furnished HDB Apartment,1216 sqft ,680B Jurong West Central 1, Ready to move,2,2,"S$ 1,800 /mo",EW27 Boon Lay MRT Station,0.73 km
11,681B Jurong West Central 1,Fully Furnished HDB Apartment,1012 sqft ,681B Jurong West Central 1, Ready to move,3,2,"S$ 2,250 /mo",EW27 Boon Lay MRT Station,0.71 km
12,635 Jurong West Street 65,Fully Furnished HDB Apartment,100 sqft ,635 Jurong West Street 65, Ready to move,3,2,S$ 600 /mo,EW27 Boon Lay MRT Station,0.97 km
13,187 Boon Lay Avenue,Fully Furnished HDB Apartment,699 sqft ,187 Boon Lay Avenue, Ready to move,Room,0,S$ 750 /mo,EW27 Boon Lay MRT Station,0.92 km
14,678A Jurong West Street 64,Fully Furnished HDB Apartment,1184 sqft ,678A Jurong West Street 64, Ready to move,3,2,"S$ 2,200 /mo",EW27 Boon Lay MRT Station,0.75 km
15,Exec Apt Near Pioneer Mrt,Fully Furnished HDB Apartment,1350 sqft ,Blk 656C Jurong West street 61, Ready to move,3,2,"S$ 2,500 /mo",EW27 Boon Lay MRT Station,0.71 km
16,683A Jurong West Central 1,Fully Furnished HDB Apartment,1000 sqft ,683A Jurong West Central 1, S$ 1.60 psf,2,2,"S$ 1,600 /mo",EW27 Boon Lay MRT Station,0.48 km
17,The Centris,Partially Furnished Apartment,1067 sqft ,65 Jurong West Central 3, Ready to move,3,2,"S$ 3,300 /mo",EW27 Boon Lay MRT Station,0.13 km
18,669D Jurong West Street 64,Fully Furnished HDB Apartment,100 sqft ,669D Jurong West Street 64, Ready to move,Room,0,S$ 680 /mo,EW27 Boon Lay MRT Station,0.63 km
19,679B Jurong West Central 1,Fully Furnished HDB Apartment,193 sqft ,679B Jurong West Central 1, Ready to move,Room,0,S$ 700 /mo,EW27 Boon Lay MRT Station,0.60 km
0,679B Jurong West Central 1,Fully Furnished HDB Apartment,193 sqft ,679B Jurong West Central 1, Ready to move,Room,0,S$ 700 /mo,EW27 Boon Lay MRT Station,0.60 km
1,Summerdale,Fully Furnished Condominium,80 sqft ,2 Boon Lay Drive, S$ 12.50 psf,Room,0,"S$ 1,000 /mo",EW27 Boon Lay MRT Station,0.81 km
2,Jurong Point Shopping Centre,Fully Furnished Condominium,1297 sqft ,1 Jurong West Central 2, Ready to move,3,3,"S$ 4,000 /mo",EW27 Boon Lay MRT Station,0.18 km
3,680C Jurong West Central 1,Fully Furnished HDB Apartment,100 sqft ,680C Jurong West Central 1, S$ 5.50 psf,Room,0,S$ 550 /mo,EW27 Boon Lay MRT Station,0.73 km
4,690 Jurong West Central 1,Fully Furnished HDB Apartment,1184 sqft ,690 Jurong West Central 1, Ready to move,3,2,"S$ 2,400 /mo",EW27 Boon Lay MRT Station,0.33 km
5,635 Jurong West Street 65,Fully Furnished HDB Apartment,250 sqft ,635 Jurong West Street 65, Ready to move,Room,0,S$ 800 /mo,EW27 Boon Lay MRT Station,0.97 km
6,622 Jurong West Street 61,HDB Apartment,250 sqft ,622 Jurong West Street 61, Ready to move,Room,0,S$ 750 /mo,EW27 Boon Lay MRT Station,0.80 km
7,Summerdale,Fully Furnished Condominium,1339 sqft ,2 Boon Lay Drive, Ready to move,Room,0,S$ 950 /mo,EW27 Boon Lay MRT Station,0.81 km
8,678A Jurong West Street 64,Fully Furnished HDB Apartment,1184 sqft ,678A Jurong West Street 64, Ready to move,3,2,"S$ 2,200 /mo",EW27 Boon Lay MRT Station,0.75 km
9,664B Jurong West Street 64,HDB Apartment,980 sqft ,664B Jurong West Street 64, Ready to move,3,2,"S$ 2,200 /mo",EW27 Boon Lay MRT Station,0.23 km
10,673C Jurong West Street 65,Fully Furnished HDB Apartment,200 sqft ,673C Jurong West Street 65, Ready to move,Room,0,S$ 700 /mo,EW27 Boon Lay MRT Station,0.87 km
11,685C Jurong West Central 1,Fully Furnished HDB Apartment,1011 sqft ,685C Jurong West Central 1, Ready to move,3,2,"S$ 2,200 /mo",EW27 Boon Lay MRT Station,0.49 km
12,654B Jurong West Street 61,Fully Furnished HDB Apartment,300 sqft ,654B Jurong West Street 61, Available from 1 May,1,1,S$ 800 /mo,EW27 Boon Lay MRT Station,0.94 km
13,648A Jurong West Street 61,Fully Furnished HDB Apartment,60 sqft ,648A Jurong West Street 61, Ready to move,Room,0,S$ 800 /mo,EW27 Boon Lay MRT Station,0.93 km
14,675B Jurong West Street 64,Partially Furnished HDB Apartment,1184 sqft ,675B Jurong West Street 64, Ready to move,Room,0,S$ 700 /mo,EW27 Boon Lay MRT Station,0.78 km
15,697A Jurong West Central 3,Fully Furnished HDB Apartment,150 sqft ,697A Jurong West Central 3, S$ 4.67 psf,Room,0,S$ 700 /mo,EW27 Boon Lay MRT Station,0.36 km
16,678C Jurong West Street 64,Fully Furnished HDB Apartment,1184 sqft ,678C Jurong West Street 64, Ready to move,3,2,"S$ 2,200 /mo",EW27 Boon Lay MRT Station,0.76 km
17,680B Jurong West Central 1,Fully Furnished HDB Apartment,1216 sqft ,680B Jurong West Central 1, Ready to move,3,2,"S$ 2,500 /mo",EW27 Boon Lay MRT Station,0.73 km
18,648B Jurong West Street 61,Partially Furnished HDB Apartment,969 sqft ,648B Jurong West Street 61, S$ 0.72 psf,Room,0,S$ 700 /mo,EW27 Boon Lay MRT Station,0.88 km
19,671A Jurong West Street 65,Fully Furnished HDB Apartment,1356 sqft ,671A Jurong West Street 65, S$ 2.06 psf,4,2,"S$ 2,800 /mo",EW27 Boon Lay MRT Station,0.73 km
0,634 Jurong West Street 65,Fully Furnished HDB Apartment,1184 sqft ,634 Jurong West Street 65, Ready to move,5,2,"S$ 2,100 /mo",EW27 Boon Lay MRT Station,0.94 km
1,686C Jurong West Central 1,HDB Apartment,1184 sqft ,686C Jurong West Central 1, Ready to move,3,2,"S$ 2,500 /mo",EW27 Boon Lay MRT Station,0.46 km
2,662A Jurong West Street 64,Fully Furnished HDB Apartment,97 sqft ,662A Jurong West Street 64, Ready to move,Room,0,S$ 680 /mo,EW27 Boon Lay MRT Station,0.38 km
3,The Centris,Fully Furnished Apartment,1731 sqft ,73 Jurong West Central 3, Ready to move,3,3,"S$ 4,200 /mo",EW27 Boon Lay MRT Station,0.13 km
4,651B Jurong West Street 61,Partially Furnished HDB Apartment,120 sqft ,651B Jurong West Street 61, Ready to move,Room,0,S$ 650 /mo,EW27 Boon Lay MRT Station,0.86 km
5,662A Jurong West Street 64,Partially Furnished HDB Apartment,1215 sqft ,662A Jurong West Street 64, Ready to move,3,2,"S$ 2,200 /mo",EW27 Boon Lay MRT Station,0.38 km
6,629 Jurong West Street 65,Fully Furnished HDB Apartment,100 sqft ,629 Jurong West Street 65, Ready to move,4,2,S$ 650 /mo,EW27 Boon Lay MRT Station,0.83 km
7,633 Jurong West Street 65,Fully Furnished HDB Apartment,269 sqft ,633 Jurong West Street 65, S$ 3.35 psf,Room,0,S$ 900 /mo,EW27 Boon Lay MRT Station,0.93 km
8,690 Jurong West Central 1,Fully Furnished HDB Apartment,1187 sqft ,690 Jurong West Central 1, Ready to move,3,2,"S$ 2,400 /mo",EW27 Boon Lay MRT Station,0.33 km
9,659B Jurong West Street 65,Fully Furnished HDB Apartment,230 sqft ,659B Jurong West Street 65, Ready to move,2,2,S$ 600 /mo,EW27 Boon Lay MRT Station,0.49 km
10,601 Jurong West Street 62,Fully Furnished HDB Apartment,200 sqft ,601 Jurong West Street 62, Ready to move,Room,0,S$ 900 /mo,EW27 Boon Lay MRT Station,0.65 km
11,654B Jurong West Street 61,Partially Furnished HDB Apartment,140 sqft ,654B Jurong West Street 61, Ready to move,Room,0,S$ 750 /mo,EW27 Boon Lay MRT Station,0.94 km
12,Summerdale,Fully Furnished Condominium,1271 sqft ,2 Boon Lay Drive, Ready to move,3,3,"S$ 2,650 /mo",EW27 Boon Lay MRT Station,0.81 km
13,678A Jurong West Street 64,Fully Furnished HDB Apartment,1200 sqft ,678A Jurong West Street 64, Ready to move,3,2,"S$ 2,199 /mo",EW27 Boon Lay MRT Station,0.75 km
14,698C Jurong West Central 3,HDB Apartment,666 sqft ,698C Jurong West Central 3, Ready to move,Room,0,S$ 650 /mo,EW27 Boon Lay MRT Station,0.37 km
15,680B Jurong West Central 1,Fully Furnished HDB Apartment,1216 sqft ,680B Jurong West Central 1, Ready to move,3,2,"S$ 2,500 /mo",EW27 Boon Lay MRT Station,0.73 km
16,262 Boon Lay Drive,Fully Furnished HDB Apartment,1200 sqft ,262 Boon Lay Drive, Ready to move,3,2,"S$ 2,100 /mo",EW27 Boon Lay MRT Station,0.74 km
17,659A Jurong West Street 65,Fully Furnished HDB Apartment,1194 sqft ,659A Jurong West Street 65, Ready to move,3,2,"S$ 2,350 /mo",EW27 Boon Lay MRT Station,0.43 km
18,618 Jurong West Street 65,Fully Furnished HDB Apartment,1000 sqft ,618 Jurong West Street 65, Ready to move,3,2,"S$ 2,200 /mo",EW27 Boon Lay MRT Station,0.71 km
19,The Centris,Fully Furnished Condominium,1152 sqft ,77 Jurong West Central 3, Ready to move,2,2,"S$ 3,200 /mo",EW27 Boon Lay MRT Station,0.13 km
0,The Centris,Fully Furnished Apartment,1593 sqft ,73 Jurong West Central 3, Ready to move,3,3,"S$ 3,400 /mo",EW27 Boon Lay MRT Station,0.13 km
1,698A Jurong West Central 3,Fully Furnished HDB Apartment,689 sqft ,698A Jurong West Central 3, Ready to move,2,2,"S$ 2,300 /mo",EW27 Boon Lay MRT Station,0.37 km
2,The Centris,Apartment,1065 sqft ,65 Jurong West Central 3, Ready to move,3,2,"S$ 3,600 /mo",EW27 Boon Lay MRT Station,0.13 km
3,678B Jurong West Street 64,HDB Apartment,980 sqft ,678B Jurong West Street 64, S$ 2.45 psf,3,2,"S$ 2,400 /mo",EW27 Boon Lay MRT Station,0.79 km
4,619 Jurong West Street 65,Fully Furnished HDB Apartment,1180 sqft ,619 Jurong West Street 65, Ready to move,3,2,"S$ 2,200 /mo",EW27 Boon Lay MRT Station,0.76 km
5,660B Jurong West Street 64,Fully Furnished HDB Apartment,979 sqft ,660B Jurong West Street 64, Ready to move,2,2,"S$ 2,000 /mo",EW27 Boon Lay MRT Station,0.32 km
6,675A Jurong West Street 64,Fully Furnished HDB Apartment,914 sqft ,675A Jurong West Street 64, S$ 0.60 psf,Room,0,S$ 550 /mo,EW27 Boon Lay MRT Station,0.84 km
7,656D Jurong West Street 61,Partially Furnished HDB Apartment,1550 sqft ,656D Jurong West Street 61, Ready to move,4,2,"S$ 2,500 /mo",EW27 Boon Lay MRT Station,0.76 km
8,The Centris,Fully Furnished Apartment,200 sqft ,65 Jurong West Central 3, Ready to move,Room,0,"S$ 1,100 /mo",EW27 Boon Lay MRT Station,0.13 km
9,635 Jurong West Street 65,Fully Furnished HDB Apartment,979 sqft ,635 Jurong West Street 65, Ready to move,Room,0,S$ 500 /mo,EW27 Boon Lay MRT Station,0.97 km
10,660A Jurong West Street 64,Fully Furnished HDB Apartment,1302 sqft ,660A Jurong West Street 64, Ready to move,3,2,"S$ 2,300 /mo",EW27 Boon Lay MRT Station,0.35 km
11,684B Jurong West Street 64,Fully Furnished HDB Apartment,968 sqft ,684B Jurong West Street 64, Ready to move,3,2,"S$ 2,200 /mo",EW27 Boon Lay MRT Station,0.64 km
12,The Centris,Fully Furnished Apartment,100 sqft ,61 Jurong West Central 3, Ready to move,Room,0,"S$ 1,050 /mo",EW27 Boon Lay MRT Station,0.13 km
13,The Centris,Fully Furnished Apartment,250 sqft ,65 Jurong West Central 3, S$ 6.40 psf,Room,0,"S$ 1,600 /mo",EW27 Boon Lay MRT Station,0.13 km
14,660B Jurong West Street 64,Fully Furnished HDB Apartment,1184 sqft ,660B Jurong West Street 64, S$ 2.03 psf,3,2,"S$ 2,400 /mo",EW27 Boon Lay MRT Station,0.32 km
15,666A Jurong West Street 65,Partially Furnished HDB Apartment,1500 sqft ,666A Jurong West Street 65, Available from 20 Apr,3,2,"S$ 2,400 /mo",EW27 Boon Lay MRT Station,0.50 km
16,660C Jurong West Street 64,HDB Apartment,1184 sqft ,660C Jurong West Street 64, Ready to move,3,2,"S$ 2,400 /mo",EW27 Boon Lay MRT Station,0.31 km
17,631 Jurong West Street 65,HDB Apartment,1148 sqft ,631 Jurong West Street 65, Ready to move,3,2,"S$ 2,100 /mo",EW27 Boon Lay MRT Station,0.84 km
18,665B Jurong West Street 64,Fully Furnished HDB Apartment,150 sqft ,665B Jurong West Street 64, Ready to move,Room,0,S$ 600 /mo,EW27 Boon Lay MRT Station,0.39 km
19,696 Jurong West Central 1,Fully Furnished HDB Apartment,900 sqft ,696 Jurong West Central 1, Ready to move,Room,0,S$ 800 /mo,EW27 Boon Lay MRT Station,0.47 km
0,The Centris,Partially Furnished Apartment,150 sqft ,83 Jurong West Central 3, Ready to move,Room,0,"S$ 1,100 /mo",EW27 Boon Lay MRT Station,0.13 km
1,619 Jurong West Street 65,Fully Furnished HDB Apartment,1184 sqft ,619 Jurong West Street 65, Ready to move,3,2,"S$ 2,400 /mo",EW27 Boon Lay MRT Station,0.76 km
2,Summerdale,Fully Furnished Condominium,1195 sqft ,2 Boon Lay Drive, Ready to move,3,3,"S$ 2,500 /mo",EW27 Boon Lay MRT Station,0.81 km
3,646 Jurong West Street 61,Fully Furnished HDB Apartment,100 sqft ,646 Jurong West Street 61, Ready to move,Room,0,S$ 550 /mo,EW27 Boon Lay MRT Station,0.96 km
4,603 Jurong West Street 62,Unfurnished HDB Apartment,110 sqft ,603 Jurong West Street 62, Ready to move,Room,0,S$ 550 /mo,EW27 Boon Lay MRT Station,0.61 km
5,262 Boon Lay Drive,Partially Furnished HDB Apartment,1100 sqft ,262 Boon Lay Drive, Ready to move,2,2,"S$ 2,300 /mo",EW27 Boon Lay MRT Station,0.74 km
6,658B Jurong West Street 65,Fully Furnished HDB Apartment,1205 sqft ,658B Jurong West Street 65, Ready to move,3,2,"S$ 2,600 /mo",EW27 Boon Lay MRT Station,0.61 km
7,654A Jurong West Street 61,Fully Furnished HDB Apartment,1184 sqft ,654A Jurong West Street 61, Available from 30 Apr,3,2,"S$ 2,300 /mo",EW27 Boon Lay MRT Station,0.89 km
8,629 Jurong West Street 65,Partially Furnished HDB Apartment,1399 sqft ,629 Jurong West Street 65, S$ 1.79 psf,3,0,"S$ 2,500 /mo",EW27 Boon Lay MRT Station,0.83 km
9,652A Jurong West Street 61,Partially Furnished HDB Apartment,150 sqft ,652A Jurong West Street 61, Ready to move,Room,0,S$ 700 /mo,EW27 Boon Lay MRT Station,0.86 km
10,The Centris,Fully Furnished Apartment,1066 sqft ,67 Jurong West Central 3, Ready to move,3,3,"S$ 3,300 /mo",EW27 Boon Lay MRT Station,0.13 km
11,692 Jurong West Central 1,Fully Furnished HDB Apartment,100 sqft ,692 Jurong West Central 1, Ready to move,Room,0,S$ 700 /mo,EW27 Boon Lay MRT Station,0.41 km
12,684C Jurong West Street 64,Fully Furnished HDB Apartment,1184 sqft ,684C Jurong West Street 64, Ready to move,Room,0,S$ 700 /mo,EW27 Boon Lay MRT Station,0.61 km
13,663C Jurong West Street 65,Partially Furnished HDB Apartment,120 sqft ,663C Jurong West Street 65, Ready to move,Room,0,S$ 750 /mo,EW27 Boon Lay MRT Station,0.40 km
14,669C Jurong West Street 64,Fully Furnished HDB Apartment,1339 sqft ,669C Jurong West Street 64, S$ 1.64 psf,3,2,"S$ 2,200 /mo",EW27 Boon Lay MRT Station,0.65 km
15,Summerdale,Fully Furnished Condominium,1399 sqft ,2 Boon Lay Drive, Ready to move,3,3,"S$ 2,600 /mo",EW27 Boon Lay MRT Station,0.81 km
16,662A Jurong West Street 64,Partially Furnished HDB Apartment,132 sqft ,662A Jurong West Street 64, Ready to move,Room,0,S$ 650 /mo,EW27 Boon Lay MRT Station,0.38 km
17,678C Jurong West Street 64,Fully Furnished HDB Apartment,150 sqft ,678C Jurong West Street 64, Ready to move,Room,0,S$ 800 /mo,EW27 Boon Lay MRT Station,0.76 km
18,680 Jurong West Central 1,Fully Furnished HDB Apartment,1184 sqft ,680 Jurong West Central 1, Ready to move,2,2,"S$ 1,850 /mo",EW27 Boon Lay MRT Station,0.67 km
19,680B Jurong West Central 1,Fully Furnished HDB Apartment,1184 sqft ,680B Jurong West Central 1, Ready to move,3,2,"S$ 2,500 /mo",EW27 Boon Lay MRT Station,0.73 km
0,Summerdale,Partially Furnished Condominium,1195 sqft ,2 Boon Lay Drive, Ready to move,3,2,"S$ 3,100 /mo",EW27 Boon Lay MRT Station,0.81 km
1,659C Jurong West Street 65,Fully Furnished HDB Apartment,1184 sqft ,659C Jurong West Street 65, Ready to move,2,2,"S$ 2,000 /mo",EW27 Boon Lay MRT Station,0.51 km
2,The Centris,Fully Furnished Apartment,1733 sqft ,73 Jurong West Central 3, Ready to move,3,3,"S$ 4,000 /mo",EW27 Boon Lay MRT Station,0.13 km
3,Summerdale,Fully Furnished Condominium,1270 sqft ,2 Boon Lay Drive, Ready to move,3,3,"S$ 2,700 /mo",EW27 Boon Lay MRT Station,0.81 km
4,618 Jurong West Street 65,Fully Furnished HDB Apartment,1184 sqft ,618 Jurong West Street 65, Ready to move,3,2,"S$ 2,350 /mo",EW27 Boon Lay MRT Station,0.71 km
5,619 Jurong West Street 65,Fully Furnished HDB Apartment,1184 sqft ,619 Jurong West Street 65, Ready to move,3,2,"S$ 2,200 /mo",EW27 Boon Lay MRT Station,0.76 km
6,678B Jurong West Street 64,HDB Apartment,980 sqft ,678B Jurong West Street 64, Ready to move,3,2,"S$ 2,400 /mo",EW27 Boon Lay MRT Station,0.79 km
7,678B Jurong West Street 64,HDB Apartment,980 sqft ,678B Jurong West Street 64, S$ 2.45 psf,3,2,"S$ 2,400 /mo",EW27 Boon Lay MRT Station,0.79 km
8,689 Jurong West Central 1,Fully Furnished HDB Apartment,120 sqft ,689 Jurong West Central 1, Ready to move,Room,0,S$ 390 /mo,EW27 Boon Lay MRT Station,0.27 km
9,The Centris,Fully Furnished Apartment,915 sqft ,65 Jurong West Central 3, Ready to move,2,2,"S$ 3,500 /mo",EW27 Boon Lay MRT Station,0.13 km
10,678B Jurong West Street 64,HDB Apartment,980 sqft ,678B Jurong West Street 64, S$ 2.45 psf,3,2,"S$ 2,400 /mo",EW27 Boon Lay MRT Station,0.79 km
11,678B Jurong West Street 64,HDB Apartment,980 sqft ,678B Jurong West Street 64, S$ 2.45 psf,3,2,"S$ 2,400 /mo",EW27 Boon Lay MRT Station,0.79 km
12,677 Jurong West Street 64,Fully Furnished HDB Apartment,1076 sqft ,677 Jurong West Street 64, Ready to move,2,1,"S$ 1,800 /mo",EW27 Boon Lay MRT Station,0.79 km
13,The Centris,Partially Furnished Apartment,936 sqft ,65 Jurong West Central 3, Ready to move,2,2,"S$ 2,900 /mo",EW27 Boon Lay MRT Station,0.13 km
14,683B Jurong West Central 1,Fully Furnished HDB Apartment,161 sqft ,683B Jurong West Central 1, Ready to move,Room,0,S$ 650 /mo,EW27 Boon Lay MRT Station,0.52 km
15,657A Jurong West Street 65,Fully Furnished HDB Apartment,978 sqft ,657A Jurong West Street 65, Ready to move,3,2,"S$ 2,100 /mo",EW27 Boon Lay MRT Station,0.72 km
16,656B Jurong West Street 61,Partially Furnished HDB Apartment,132 sqft ,656B Jurong West Street 61, Ready to move,4,2,"S$ 2,700 /mo",EW27 Boon Lay MRT Station,0.78 km
17,682B Jurong West Central 1,Fully Furnished HDB Apartment,1237 sqft ,682B Jurong West Central 1, Ready to move,3,2,"S$ 2,300 /mo",EW27 Boon Lay MRT Station,0.57 km
18,678A Jurong West Street 64,Fully Furnished HDB Apartment,1184 sqft ,678A Jurong West Street 64, Ready to move,3,2,"S$ 2,500 /mo",EW27 Boon Lay MRT Station,0.75 km
19,Summerdale,Fully Furnished Condominium,1650 sqft ,2 Boon Lay Drive, S$ 1.94 psf,3,3,"S$ 3,200 /mo",EW27 Boon Lay MRT Station,0.81 km
0,681C Jurong West Central 1,Fully Furnished HDB Apartment,1055 sqft ,681C Jurong West Central 1, Ready to move,3,2,"S$ 2,000 /mo",EW27 Boon Lay MRT Station,0.72 km
1,623 Jurong West Street 61,Fully Furnished HDB Apartment,150 sqft ,623 Jurong West Street 61, Ready to move,Room,0,S$ 600 /mo,EW27 Boon Lay MRT Station,0.88 km
2,678D Jurong West Street 64,Fully Furnished HDB Apartment,150 sqft ,678D Jurong West Street 64, Ready to move,Room,0,S$ 600 /mo,EW27 Boon Lay MRT Station,0.79 km
3,658B Jurong West Street 65,Fully Furnished HDB Apartment,1184 sqft ,658B Jurong West Street 65, Ready to move,3,2,"S$ 2,600 /mo",EW27 Boon Lay MRT Station,0.61 km
4,268C Boon Lay Drive,HDB Apartment,1184 sqft ,268C Boon Lay Drive, Ready to move,3,2,"S$ 2,700 /mo",EW27 Boon Lay MRT Station,0.99 km
5,648B Jurong West Street 61,Fully Furnished HDB Apartment,250 sqft ,648B Jurong West Street 61, Ready to move,Room,0,S$ 580 /mo,EW27 Boon Lay MRT Station,0.88 km
6,649A Jurong West Street 61,Fully Furnished HDB Apartment,1194 sqft ,649A Jurong West Street 61, Ready to move,3,2,"S$ 2,650 /mo",EW27 Boon Lay MRT Station,0.95 km
7,698 Jurong West Central 3,Partially Furnished HDB Apartment,93 sqft ,698 Jurong West Central 3, Ready to move,Room,0,S$ 650 /mo,EW27 Boon Lay MRT Station,0.37 km
8,683C Jurong West Street 64,HDB Apartment,1194 sqft ,683C Jurong West Street 64, Ready to move,3,2,"S$ 2,350 /mo",EW27 Boon Lay MRT Station,0.58 km
9,603 Jurong West Street 62,Fully Furnished HDB Apartment,1119 sqft ,603 Jurong West Street 62, S$ 1.61 psf,2,2,"S$ 1,800 /mo",EW27 Boon Lay MRT Station,0.61 km
10,690 Jurong West Central 1,Fully Furnished HDB Apartment,1291 sqft ,690 Jurong West Central 1, Ready to move,3,2,"S$ 2,400 /mo",EW27 Boon Lay MRT Station,0.33 km
11,631 Jurong West Street 65,Fully Furnished HDB Apartment,150 sqft ,631 Jurong West Street 65, Ready to move,Room,0,S$ 800 /mo,EW27 Boon Lay MRT Station,0.84 km
12,The Centris,Fully Furnished Apartment,980 sqft ,77 Jurong West Central 3, Available from 1 May,2,2,"S$ 3,000 /mo",EW27 Boon Lay MRT Station,0.13 km
13,671A Jurong West Street 65,Partially Furnished HDB Apartment,150 sqft ,671A Jurong West Street 65, S$ 4.67 psf,Room,0,S$ 700 /mo,EW27 Boon Lay MRT Station,0.73 km
14,678D Jurong West Street 64,Fully Furnished HDB Apartment,125 sqft ,678D Jurong West Street 64, Ready to move,Room,0,S$ 650 /mo,EW27 Boon Lay MRT Station,0.79 km
15,677 Jurong West Street 64,Fully Furnished HDB Apartment,150 sqft ,677 Jurong West Street 64, Ready to move,Room,0,S$ 500 /mo,EW27 Boon Lay MRT Station,0.79 km
16,691 Jurong West Central 1,Partially Furnished HDB Apartment,130 sqft ,691 Jurong West Central 1, Ready to move,Room,0,S$ 500 /mo,EW27 Boon Lay MRT Station,0.38 km
17,668C Jurong West Street 64,Fully Furnished HDB Apartment,220 sqft ,668C Jurong West Street 64, Ready to move,2,2,S$ 600 /mo,EW27 Boon Lay MRT Station,0.43 km
18,683B Jurong West Central 1,Fully Furnished HDB Apartment,170 sqft ,683B Jurong West Central 1, Ready to move,Room,0,S$ 700 /mo,EW27 Boon Lay MRT Station,0.52 km
19,648D Jurong West Street 61,Fully Furnished HDB Apartment,120 sqft ,648D Jurong West Street 61, Ready to move,Room,0,S$ 650 /mo,EW27 Boon Lay MRT Station,0.93 km
0,662D Jurong West Street 64,Fully Furnished HDB Apartment,979 sqft ,662D Jurong West Street 64, Ready to move,3,2,"S$ 2,350 /mo",EW27 Boon Lay MRT Station,0.25 km
1,658B JURONG WEST STREET 65,Fully Furnished HDB Apartment,1184 sqft ,658B Jurong West street 65, Ready to move,3,2,"S$ 2,600 /mo",EW27 Boon Lay MRT Station,0.61 km
2,658B JURONG WEST STREET 65,Fully Furnished HDB Apartment,1184 sqft ,Blk 658B Jurong West, Ready to move,3,2,"S$ 2,700 /mo",EW27 Boon Lay MRT Station,0.61 km
3,The Centris,Fully Furnished Apartment,872 sqft ,65 Jurong West Central 3, Ready to move,2,2,"S$ 2,888 /mo",EW27 Boon Lay MRT Station,0.13 km
4,674A Jurong West Street 65,Fully Furnished HDB Apartment,1184 sqft ,674A Jurong West Street 65, Ready to move,3,2,"S$ 2,500 /mo",EW27 Boon Lay MRT Station,0.82 km
5,Summerdale,Partially Furnished Condominium,1216 sqft ,10 Boon Lay Drive, Ready to move,3,2,"S$ 3,000 /mo",EW27 Boon Lay MRT Station,0.81 km
6,660C Jurong West Street 64,Fully Furnished HDB Apartment,1184 sqft ,660C Jurong West Street 64, Ready to move,3,2,"S$ 2,400 /mo",EW27 Boon Lay MRT Station,0.31 km
7,696 Jurong West Central 1,HDB Apartment,110 sqft ,696 Jurong West Central 1, Ready to move,Room,0,"S$ 1,000 /mo",EW27 Boon Lay MRT Station,0.47 km
8,The Centris,Fully Furnished Condominium,936 sqft ,65 Jurong West Central 3, Available from 18 Apr,2,2,"S$ 3,400 /mo",EW27 Boon Lay MRT Station,0.13 km
9,The Centris,Fully Furnished Apartment,200 sqft ,85 Jurong West Central 3, Ready to move,Room,0,"S$ 1,800 /mo",EW27 Boon Lay MRT Station,0.13 km
10,The Centris,Partially Furnished Apartment,936 sqft ,65 Jurong West Central 3, Ready to move,2,2,"S$ 2,950 /mo",EW27 Boon Lay MRT Station,0.13 km
11,The Centris,Fully Furnished Apartment,1238 sqft ,67 Jurong West Central 3, Ready to move,3,3,"S$ 4,500 /mo",EW27 Boon Lay MRT Station,0.13 km
12,697B Jurong West Central 3,Fully Furnished HDB Apartment,100 sqft ,697B Jurong West Central 3, Ready to move,Room,0,S$ 800 /mo,EW27 Boon Lay MRT Station,0.36 km
13,736 Jurong West Street 75,Fully Furnished HDB Apartment,150 sqft ,736 Jurong West Street 75, Ready to move,Room,0,S$ 600 /mo,EW27 Boon Lay MRT Station,0.99 km
14,687 Jurong West Central 1,Fully Furnished HDB Apartment,968 sqft ,687 Jurong West Central 1, Ready to move,Room,0,S$ 700 /mo,EW27 Boon Lay MRT Station,0.35 km
15,Summerdale,Condominium,1270 sqft ,8 Boon Lay Drive, Ready to move,3,3,"S$ 2,650 /mo",EW27 Boon Lay MRT Station,0.81 km
16,678A Jurong West Street 64,Fully Furnished HDB Apartment,1100 sqft ,678A Jurong West Street 64, Ready to move,3,2,"S$ 2,600 /mo",EW27 Boon Lay MRT Station,0.75 km
17,656B Jurong West Street 61,Fully Furnished HDB Apartment,1184 sqft ,656B Jurong West Street 61, Ready to move,3,2,"S$ 2,500 /mo",EW27 Boon Lay MRT Station,0.78 km
18,Blk 678B Jurong West Street 64,Fully Furnished HDB Apartment,1184 sqft ,678B Jurong West Street 64, S$ 2.03 psf,3,2,"S$ 2,400 /mo",EW27 Boon Lay MRT Station,0.79 km
19,698B Jurong West Central 3,Fully Furnished HDB Apartment,150 sqft ,698B Jurong West Central 3, Ready to move,Room,0,"S$ 1,000 /mo",EW27 Boon Lay MRT Station,0.37 km
0,678A Jurong West Street 64,Fully Furnished HDB Apartment,100 sqft ,678A Jurong West Street 64, Ready to move,Room,0,S$ 650 /mo,EW27 Boon Lay MRT Station,0.75 km
1,691 Jurong West Central 1,Fully Furnished HDB Apartment,200 sqft ,691 Jurong West Central 1, S$ 4.00 psf,Room,0,S$ 800 /mo,EW27 Boon Lay MRT Station,0.38 km
2,659B Jurong West Street 65,Fully Furnished HDB Apartment,193 sqft ,659B Jurong West Street 65, S$ 3.89 psf,Room,0,S$ 750 /mo,EW27 Boon Lay MRT Station,0.49 km
3,662C Jurong West Street 64,Fully Furnished HDB Apartment,1184 sqft ,662C Jurong West Street 64, Ready to move,Room,0,S$ 650 /mo,EW27 Boon Lay MRT Station,0.21 km
4,The Centris,Fully Furnished Apartment,915 sqft ,75 Jurong West Central 3, Ready to move,2,2,"S$ 3,200 /mo",EW27 Boon Lay MRT Station,0.13 km
5,688 Jurong West Central 1,Partially Furnished HDB Apartment,150 sqft ,688 Jurong West Central 1, Available from 30 Apr,Room,0,S$ 850 /mo,EW27 Boon Lay MRT Station,0.31 km
6,664D Jurong West Street 64,Fully Furnished HDB Apartment,150 sqft ,664D Jurong West Street 64, S$ 5.00 psf,Room,0,S$ 750 /mo,EW27 Boon Lay MRT Station,0.35 km
7,623 Jurong West Street 61,Fully Furnished HDB Apartment,180 sqft ,623 Jurong West Street 61, Ready to move,Room,0,S$ 650 /mo,EW27 Boon Lay MRT Station,0.88 km
8,656D Jurong West Street 61,Partially Furnished HDB Apartment,1526 sqft ,656D Jurong West Street 61, Available from 1 May,4,2,"S$ 2,400 /mo",EW27 Boon Lay MRT Station,0.76 km
9,619 Jurong West Street 65,Fully Furnished HDB Apartment,1184 sqft ,619 Jurong West Street 65, Ready to move,3,2,"S$ 2,200 /mo",EW27 Boon Lay MRT Station,0.76 km
10,682B Jurong West Central 1,HDB Apartment,200 sqft ,682B Jurong West Central 1, Ready to move,Room,0,"S$ 1,100 /mo",EW27 Boon Lay MRT Station,0.57 km
11,634 Jurong West Street 65,Fully Furnished HDB Apartment,1100 sqft ,634 Jurong West Street 65, S$ 1.71 psf,2,1,"S$ 1,880 /mo",EW27 Boon Lay MRT Station,0.94 km
12,682B Jurong West Central 1,Fully Furnished HDB Apartment,1237 sqft ,682B Jurong West Central 1, Ready to move,3,2,"S$ 2,350 /mo",EW27 Boon Lay MRT Station,0.57 km
13,665B Jurong West Street 64,HDB Apartment,1399 sqft ,665B Jurong West Street 64, Ready to move,4,2,"S$ 2,800 /mo",EW27 Boon Lay MRT Station,0.39 km
14,635 Jurong West Street 65,Fully Furnished HDB Apartment,1184 sqft ,635 Jurong West Street 65, S$ 0.59 psf,Room,0,S$ 700 /mo,EW27 Boon Lay MRT Station,0.97 km
15,673A Jurong West Street 65,Partially Furnished HDB Apartment,926 sqft ,673A Jurong West Street 65, Ready to move,3,2,"S$ 2,100 /mo",EW27 Boon Lay MRT Station,0.83 km
16,635 Jurong West Street 65,Fully Furnished HDB Apartment,300 sqft ,635 Jurong West Street 65, S$ 3.00 psf,Room,0,S$ 900 /mo,EW27 Boon Lay MRT Station,0.97 km
17,668A Jurong West Street 64,Partially Furnished HDB Apartment,140 sqft ,668A Jurong West Street 64, Ready to move,Room,0,S$ 700 /mo,EW27 Boon Lay MRT Station,0.51 km
18,Summerdale,Fully Furnished Condominium,1271 sqft ,2 Boon Lay Drive, Ready to move,3,2,"S$ 2,788 /mo",EW27 Boon Lay MRT Station,0.81 km
19,632 Jurong West Street 65,Partially Furnished HDB Apartment,120 sqft ,632 Jurong West Street 65, Ready to move,Room,0,S$ 600 /mo,EW27 Boon Lay MRT Station,0.92 km
0,607 Jurong West Street 65,Fully Furnished HDB Apartment,1238 sqft ,607 Jurong West Street 65, Ready to move,3,2,"S$ 2,200 /mo",EW27 Boon Lay MRT Station,0.69 km
1,664D Jurong West Street 64,HDB Apartment,980 sqft ,664D Jurong West Street 64, Ready to move,3,2,"S$ 2,600 /mo",EW27 Boon Lay MRT Station,0.35 km
2,654B Jurong West Street 61,Fully Furnished HDB Apartment,150 sqft ,654B Jurong West Street 61, Ready to move,Room,0,S$ 650 /mo,EW27 Boon Lay MRT Station,0.94 km
3,680 Jurong West Central 1,Partially Furnished HDB Apartment,100 sqft ,680 Jurong West Central 1, Ready to move,Room,0,S$ 550 /mo,EW27 Boon Lay MRT Station,0.67 km
4,671C Jurong West Street 65,Partially Furnished HDB Apartment,1345 sqft ,671C Jurong West Street 65, Available from 1 May,4,2,"S$ 2,500 /mo",EW27 Boon Lay MRT Station,0.78 km
5,657A Jurong West Street 65,Fully Furnished HDB Apartment,161 sqft ,657A Jurong West Street 65, Ready to move,Room,0,S$ 850 /mo,EW27 Boon Lay MRT Station,0.72 km
6,The Centris,Fully Furnished Apartment,1119 sqft ,81 Jurong West Central 3, Available from 18 Apr,3,3,"S$ 3,800 /mo",EW27 Boon Lay MRT Station,0.13 km
7,"683C Jurong West Street 64, Block 683C, Singapore 643683",Fully Furnished HDB Apartment,1076 sqft ,(within 0.56 km), S$ 1.95 psf,3,2,"S$ 2,100 /mo",EW27 Boon Lay MRT Station,0.56 km
8,656C Jurong West Street 61,HDB Apartment,980 sqft ,656C Jurong West Street 61, Ready to move,3,2,"S$ 2,300 /mo",EW27 Boon Lay MRT Station,0.67 km
9,662A Jurong West Street 64,Fully Furnished HDB Apartment,230 sqft ,662A Jurong West Street 64, Ready to move,3,2,"S$ 2,200 /mo",EW27 Boon Lay MRT Station,0.38 km
10,664 Jurong West Street 64,HDB Apartment,90 sqft ,664 Jurong West Street 64, S$ 7.22 psf,Room,0,S$ 650 /mo,EW27 Boon Lay MRT Station,0.31 km
11,683C Jurong West Street 64,Fully Furnished HDB Apartment,1194 sqft ,683C Jurong West Street 64, Ready to move,3,2,"S$ 2,350 /mo",EW27 Boon Lay MRT Station,0.58 km
12,Summerdale,Partially Furnished Executive Condominium,1399 sqft ,2 Boon Lay Drive, Ready to move,3,2,"S$ 2,600 /mo",EW27 Boon Lay MRT Station,0.81 km
13,668E Jurong West Street 64,Fully Furnished HDB Apartment,120 sqft ,668E Jurong West Street 64, Ready to move,Room,0,S$ 550 /mo,EW27 Boon Lay MRT Station,0.47 km
14,647 Jurong West Street 61,HDB Apartment,140 sqft ,647 Jurong West Street 61, Ready to move,Room,0,S$ 700 /mo,EW27 Boon Lay MRT Station,0.95 km
15,Summerdale,Fully Furnished Condominium,1216 sqft ,6 Boon Lay Drive, Ready to move,3,3,"S$ 2,750 /mo",EW27 Boon Lay MRT Station,0.81 km
16,652C Jurong West Street 61,Fully Furnished HDB Apartment,1184 sqft ,652C Jurong West Street 61, Ready to move,Room,0,S$ 800 /mo,EW27 Boon Lay MRT Station,1.00 km
17,652C Jurong West Street 61,Fully Furnished HDB Apartment,1184 sqft ,652C Jurong West Street 61, Ready to move,Room,0,"S$ 1,100 /mo",EW27 Boon Lay MRT Station,1.00 km
18,612 Jurong West Street 65,Fully Furnished HDB Apartment,110 sqft ,612 Jurong West Street 65, Ready to move,2,2,S$ 650 /mo,EW27 Boon Lay MRT Station,0.59 km
19,664A Jurong West Street 64,Fully Furnished HDB Apartment,1184 sqft ,664A Jurong West Street 64, Ready to move,3,2,"S$ 2,400 /mo",EW27 Boon Lay MRT Station,0.30 km
0,The Centris,Fully Furnished Condominium,1100 sqft ,65 Jurong West Central 3, Ready to move,3,3,"S$ 3,800 /mo",EW27 Boon Lay MRT Station,0.13 km
1,664A Jurong West Street 64,Fully Furnished HDB Apartment,1184 sqft ,664A Jurong West Street 64, Ready to move,3,2,"S$ 2,400 /mo",EW27 Boon Lay MRT Station,0.30 km
2,665B Jurong West Street 64,Fully Furnished HDB Apartment,1399 sqft ,665B Jurong West Street 64, S$ 1.93 psf,4,2,"S$ 2,700 /mo",EW27 Boon Lay MRT Station,0.39 km
3,666B Jurong West Street 65,Partially Furnished HDB Apartment,150 sqft ,666B Jurong West Street 65, Ready to move,Room,0,S$ 850 /mo,EW27 Boon Lay MRT Station,0.45 km
4,697A Jurong West Central 3,Fully Furnished HDB Apartment,150 sqft ,697A Jurong West Central 3, Ready to move,Room,0,S$ 700 /mo,EW27 Boon Lay MRT Station,0.36 km
5,674 Jurong West Street 65,Fully Furnished HDB Apartment,1184 sqft ,674 Jurong West Street 65, Ready to move,3,2,"S$ 2,000 /mo",EW27 Boon Lay MRT Station,0.77 km
6,668C Jurong West Street 64,Partially Furnished HDB Apartment,915 sqft ,668C Jurong West Street 64, Ready to move,3,2,"S$ 2,200 /mo",EW27 Boon Lay MRT Station,0.43 km
7,257 Boon Lay Drive,Fully Furnished HDB Apartment,100 sqft ,257 Boon Lay Drive, S$ 5.90 psf,1,0,S$ 590 /mo,EW27 Boon Lay MRT Station,0.87 km
8,698C Jurong West Central 3,Fully Furnished HDB Apartment,150 sqft ,698C Jurong West Central 3, S$ 4.67 psf,Room,0,S$ 700 /mo,EW27 Boon Lay MRT Station,0.37 km
9,697C Jurong West Central 3,Fully Furnished HDB Apartment,100 sqft ,697C Jurong West Central 3, S$ 9.50 psf,Room,0,S$ 950 /mo,EW27 Boon Lay MRT Station,0.36 km
10,686A Jurong West Central 1,HDB Apartment,1184 sqft ,686A Jurong West Central 1, S$ 2.20 psf,3,2,"S$ 2,600 /mo",EW27 Boon Lay MRT Station,0.38 km
11,681B Jurong West Central 1,Partially Furnished HDB Apartment,1399 sqft ,681B Jurong West Central 1, S$ 1.86 psf,4,2,"S$ 2,600 /mo",EW27 Boon Lay MRT Station,0.71 km
12,620 Jurong West Street 65,Fully Furnished HDB Apartment,1100 sqft ,620 Jurong West Street 65, S$ 2.09 psf,3,2,"S$ 2,300 /mo",EW27 Boon Lay MRT Station,0.80 km
13,660A Jurong West Street 64,Fully Furnished HDB Apartment,1183 sqft ,660A Jurong West Street 64, S$ 1.99 psf,3,2,"S$ 2,350 /mo",EW27 Boon Lay MRT Station,0.35 km
14,695 Jurong West Central 1,Fully Furnished HDB Apartment,1100 sqft ,695 Jurong West Central 1, S$ 2.27 psf,3,2,"S$ 2,500 /mo",EW27 Boon Lay MRT Station,0.47 km
15,660B Jurong West Street 64,Fully Furnished HDB Apartment,150 sqft ,660B Jurong West Street 64, S$ 4.33 psf,Room,0,S$ 650 /mo,EW27 Boon Lay MRT Station,0.32 km
16,661C Jurong West Street 64,Fully Furnished HDB Apartment,1183 sqft ,661C Jurong West Street 64, S$ 1.99 psf,3,2,"S$ 2,350 /mo",EW27 Boon Lay MRT Station,0.26 km
